{"stats":{"minecraft:killed":{"minecraft:spider":3,"minecraft:skeleton":11,"minecraft:chicken":3,"minecraft:sheep":1,"minecraft:zombie":16},"minecraft:custom":{"minecraft:mob_kills":34,"minecraft:interact_with_crafting_table":33,"minecraft:bell_ring":3,"minecraft:leave_game":17,"minecraft:time_since_death":215561,"minecraft:climb_one_cm":1500,"minecraft:sprint_one_cm":591340,"minecraft:walk_one_cm":943875,"minecraft:damage_blocked_by_shield":425,"minecraft:drop":108,"minecraft:play_time":358429,"minecraft:deaths":3,"minecraft:sneak_time":6279,"minecraft:walk_under_water_one_cm":19919,"minecraft:jump":3814,"minecraft:walk_on_water_one_cm":34630,"minecraft:total_world_time":358429,"minecraft:interact_with_furnace":304,"minecraft:sleep_in_bed":5,"minecraft:time_since_rest":29145,"minecraft:damage_taken":1503,"minecraft:damage_dealt":6203,"minecraft:swim_one_cm":22636,"minecraft:fly_one_cm":335526,"minecraft:open_chest":132,"minecraft:crouch_one_cm":19591,"minecraft:fall_one_cm":62816},"minecraft:mined":{"minecraft:large_amethyst_bud":1,"minecraft:tuff":313,"minecraft:mossy_cobblestone":4,"minecraft:deepslate_diamond_ore":365,"minecraft:cherry_log":11,"minecraft:sculk_vein":4,"minecraft:cherry_sapling":4,"minecraft:granite":55,"minecraft:budding_amethyst":4,"minecraft:grass_block":24,"minecraft:spruce_leaves":57,"minecraft:raw_iron_block":4,"minecraft:spruce_sapling":1,"minecraft:furnace":2,"minecraft:iron_ore":48,"minecraft:andesite":35,"minecraft:deepslate_lapis_ore":1,"minecraft:deepslate_iron_ore":148,"minecraft:dirt_path":5,"minecraft:rail":1,"minecraft:stone":869,"minecraft:deepslate_redstone_ore":50,"minecraft:amethyst_cluster":44,"minecraft:powder_snow":42,"minecraft:oak_fence":3,"minecraft:crafting_table":8,"minecraft:torch":2,"minecraft:short_grass":9,"minecraft:emerald_ore":1,"minecraft:calcite":15,"minecraft:poppy":1,"minecraft:chest":3,"minecraft:tall_grass":2,"minecraft:copper_ore":3,"minecraft:cobblestone":15,"minecraft:deepslate_gold_ore":192,"minecraft:sugar_cane":290,"minecraft:diorite":91,"minecraft:wall_torch":2,"minecraft:amethyst_block":26,"minecraft:pink_petals":11,"minecraft:spruce_log":240,"minecraft:oak_log":21,"minecraft:coal_ore":169,"minecraft:cherry_leaves":1,"minecraft:gravel":85,"minecraft:dirt":82,"minecraft:smooth_basalt":15,"minecraft:oak_leaves":41,"minecraft:deepslate":3323},"minecraft:picked_up":{"minecraft:crafting_table":9,"minecraft:iron_chestplate":1,"minecraft:chicken":3,"minecraft:ladder":1,"minecraft:enchanted_book":7,"minecraft:shield":2,"minecraft:amethyst_block":24,"minecraft:string":705,"minecraft:raw_copper":28,"minecraft:iron_leggings":1,"minecraft:diamond_leggings":3,"minecraft:cobbled_deepslate":2235,"minecraft:bucket":1,"minecraft:oak_boat":1,"minecraft:calcite":13,"minecraft:poppy":1,"minecraft:iron_pickaxe":1,"minecraft:lectern":1,"minecraft:sugar_cane":540,"minecraft:chest":3,"minecraft:egg":4,"minecraft:furnace":1,"minecraft:stick":54,"minecraft:raw_iron":349,"minecraft:oak_door":1,"minecraft:oak_fence":3,"minecraft:torch":4,"minecraft:cherry_log":11,"minecraft:diorite":68,"minecraft:redstone":186,"minecraft:rotten_flesh":8,"minecraft:diamond_chestplate":1,"minecraft:stone_shovel":1,"minecraft:arrow":9,"minecraft:diamond_boots":1,"minecraft:mutton":1,"minecraft:white_wool":1,"minecraft:cobblestone":764,"minecraft:pink_petals":42,"minecraft:feather":2,"minecraft:cooked_beef":12,"minecraft:andesite":35,"minecraft:flint":11,"minecraft:tuff":237,"minecraft:oak_log":21,"minecraft:dirt":86,"minecraft:cooked_mutton":1,"minecraft:bone":7,"minecraft:raw_gold":375,"minecraft:stone_pickaxe":1,"minecraft:diamond_helmet":1,"minecraft:iron_sword":1,"minecraft:smooth_basalt":9,"minecraft:raw_iron_block":4,"minecraft:gravel":74,"minecraft:amethyst_shard":472,"minecraft:spruce_sapling":67,"minecraft:spruce_log":239,"minecraft:spider_eye":3,"minecraft:mossy_cobblestone":3,"minecraft:diamond":617,"minecraft:diamond_axe":1,"minecraft:granite":57,"minecraft:cherry_sapling":9,"minecraft:emerald":3,"minecraft:bread":24,"minecraft:oak_sapling":5,"minecraft:coal":304,"minecraft:diamond_pickaxe":3,"minecraft:ender_pearl":1},"minecraft:used":{"minecraft:oak_fence":2,"minecraft:cherry_sapling":9,"minecraft:stone_shovel":80,"minecraft:ladder":5,"minecraft:chest":10,"minecraft:shield":15,"minecraft:iron_sword":81,"minecraft:rotten_flesh":6,"minecraft:iron_chestplate":1,"minecraft:torch":88,"minecraft:dirt":10,"minecraft:diamond_helmet":1,"minecraft:tuff":19,"minecraft:granite":3,"minecraft:milk_bucket":2,"minecraft:diamond_chestplate":1,"minecraft:furnace":5,"minecraft:egg":1,"minecraft:cooked_beef":11,"minecraft:cobbled_deepslate":22,"minecraft:iron_leggings":1,"minecraft:water_bucket":3,"minecraft:amethyst_block":7,"minecraft:diamond_boots":1,"minecraft:stone_pickaxe":526,"minecraft:ender_pearl":1,"minecraft:wooden_pickaxe":59,"minecraft:diamond_axe":681,"minecraft:glow_berries":7,"minecraft:crafting_table":13,"minecraft:white_bed":1,"minecraft:diamond_pickaxe":4829,"minecraft:chicken":2,"minecraft:bread":8,"minecraft:iron_pickaxe":500,"minecraft:spruce_sapling":22,"minecraft:pink_petals":16,"minecraft:wooden_sword":5,"minecraft:cobblestone":45,"minecraft:bucket":3,"minecraft:bone_meal":15,"minecraft:diamond_leggings":1},"minecraft:killed_by":{"minecraft:spider":1,"minecraft:skeleton":1},"minecraft:broken":{"minecraft:wooden_pickaxe":1,"minecraft:stone_pickaxe":4,"minecraft:iron_pickaxe":2},"minecraft:crafted":{"minecraft:wooden_sword":1,"minecraft:oak_planks":44,"minecraft:stone_shovel":1,"minecraft:furnace":5,"minecraft:stone":1,"minecraft:bone_meal":15,"minecraft:iron_boots":1,"minecraft:ladder":6,"minecraft:stone_pickaxe":4,"minecraft:chest":10,"minecraft:crafting_table":6,"minecraft:spruce_planks":76,"minecraft:wooden_pickaxe":1,"minecraft:iron_helmet":1,"minecraft:air":0,"minecraft:white_wool":1905,"minecraft:iron_chestplate":1,"minecraft:diamond_pickaxe":1,"minecraft:stick":40,"minecraft:iron_ingot":277,"minecraft:iron_pickaxe":1,"minecraft:gold_ingot":289,"minecraft:iron_leggings":1,"minecraft:white_bed":1,"minecraft:torch":96},"minecraft:dropped":{"minecraft:enchanted_book":7,"minecraft:cooked_beef":1,"minecraft:diamond":90,"minecraft:crafting_table":2,"minecraft:diamond_leggings":2,"minecraft:cobblestone":284,"minecraft:feather":2,"minecraft:amethyst_block":10,"minecraft:granite":26,"minecraft:coal":2,"minecraft:stick":1,"minecraft:emerald":3,"minecraft:dirt":7,"minecraft:diorite":18,"minecraft:amethyst_shard":288,"minecraft:string":362,"minecraft:pink_petals":6,"minecraft:smooth_basalt":9,"minecraft:gravel":73,"minecraft:cobbled_deepslate":1699,"minecraft:raw_copper":28,"minecraft:tuff":150,"minecraft:stone_shovel":1,"minecraft:diamond_pickaxe":2,"minecraft:oak_sapling":2,"minecraft:spider_eye":2,"minecraft:arrow":3,"minecraft:lectern":1}},"DataVersion":3700}