{"stats":{"minecraft:killed":{"minecraft:spider":3,"minecraft:skeleton":12,"minecraft:chicken":3,"minecraft:rabbit":1,"minecraft:sheep":1,"minecraft:zombie":16},"minecraft:custom":{"minecraft:mob_kills":36,"minecraft:interact_with_crafting_table":37,"minecraft:bell_ring":3,"minecraft:leave_game":18,"minecraft:time_since_death":259826,"minecraft:climb_one_cm":1500,"minecraft:sprint_one_cm":629587,"minecraft:walk_one_cm":1115965,"minecraft:damage_blocked_by_shield":480,"minecraft:drop":116,"minecraft:talked_to_villager":9,"minecraft:play_time":402694,"minecraft:sneak_time":6583,"minecraft:deaths":3,"minecraft:walk_under_water_one_cm":21322,"minecraft:boat_one_cm":1504,"minecraft:jump":4324,"minecraft:walk_on_water_one_cm":42165,"minecraft:total_world_time":402694,"minecraft:interact_with_furnace":311,"minecraft:sleep_in_bed":8,"minecraft:time_since_rest":8493,"minecraft:damage_taken":1593,"minecraft:damage_dealt":6253,"minecraft:swim_one_cm":29201,"minecraft:fly_one_cm":377949,"minecraft:open_chest":170,"minecraft:crouch_one_cm":20803,"minecraft:fall_one_cm":70489},"minecraft:mined":{"minecraft:large_amethyst_bud":1,"minecraft:tuff":313,"minecraft:mossy_cobblestone":5,"minecraft:deepslate_diamond_ore":365,"minecraft:cherry_log":27,"minecraft:sculk_vein":4,"minecraft:cherry_sapling":5,"minecraft:granite":55,"minecraft:budding_amethyst":4,"minecraft:grass_block":28,"minecraft:spruce_leaves":60,"minecraft:raw_iron_block":4,"minecraft:spruce_sapling":1,"minecraft:furnace":2,"minecraft:iron_ore":49,"minecraft:snow":28,"minecraft:andesite":35,"minecraft:deepslate_lapis_ore":1,"minecraft:deepslate_iron_ore":148,"minecraft:dirt_path":23,"minecraft:rail":1,"minecraft:oak_stairs":47,"minecraft:stone":1401,"minecraft:deepslate_redstone_ore":50,"minecraft:glass_pane":2,"minecraft:snow_block":78,"minecraft:amethyst_cluster":44,"minecraft:powder_snow":90,"minecraft:oak_fence":3,"minecraft:crafting_table":9,"minecraft:torch":2,"minecraft:short_grass":52,"minecraft:emerald_ore":3,"minecraft:calcite":15,"minecraft:poppy":1,"minecraft:chest":5,"minecraft:tall_grass":22,"minecraft:copper_ore":3,"minecraft:cobblestone":29,"minecraft:deepslate_gold_ore":192,"minecraft:sugar_cane":290,"minecraft:oak_planks":37,"minecraft:diorite":91,"minecraft:wall_torch":3,"minecraft:amethyst_block":26,"minecraft:pink_petals":11,"minecraft:spruce_log":240,"minecraft:oak_log":36,"minecraft:coal_ore":178,"minecraft:cherry_leaves":1,"minecraft:gravel":95,"minecraft:dirt":133,"minecraft:smooth_basalt":15,"minecraft:oak_leaves":41,"minecraft:deepslate":3323},"minecraft:picked_up":{"minecraft:crafting_table":10,"minecraft:iron_chestplate":1,"minecraft:chicken":3,"minecraft:ladder":1,"minecraft:oak_stairs":44,"minecraft:enchanted_book":7,"minecraft:shield":2,"minecraft:amethyst_block":24,"minecraft:string":705,"minecraft:raw_copper":28,"minecraft:iron_leggings":1,"minecraft:diamond_leggings":3,"minecraft:cobbled_deepslate":2235,"minecraft:bucket":1,"minecraft:oak_boat":2,"minecraft:calcite":13,"minecraft:poppy":1,"minecraft:iron_pickaxe":1,"minecraft:lectern":1,"minecraft:sugar_cane":540,"minecraft:chest":5,"minecraft:furnace":1,"minecraft:egg":4,"minecraft:stick":58,"minecraft:raw_iron":349,"minecraft:oak_door":1,"minecraft:oak_fence":3,"minecraft:torch":6,"minecraft:cherry_log":27,"minecraft:diorite":68,"minecraft:redstone":186,"minecraft:diamond_chestplate":1,"minecraft:rotten_flesh":8,"minecraft:arrow":11,"minecraft:stone_shovel":1,"minecraft:diamond_boots":1,"minecraft:mutton":1,"minecraft:snowball":87,"minecraft:white_wool":1,"minecraft:cobblestone":1188,"minecraft:pink_petals":42,"minecraft:feather":2,"minecraft:cooked_beef":12,"minecraft:andesite":35,"minecraft:flint":13,"minecraft:tuff":237,"minecraft:oak_log":34,"minecraft:dirt":147,"minecraft:cooked_mutton":1,"minecraft:bone":8,"minecraft:bow":1,"minecraft:wheat_seeds":9,"minecraft:raw_gold":375,"minecraft:rabbit_hide":1,"minecraft:stone_pickaxe":1,"minecraft:diamond_helmet":1,"minecraft:rabbit":1,"minecraft:iron_sword":1,"minecraft:oak_planks":37,"minecraft:smooth_basalt":9,"minecraft:raw_iron_block":4,"minecraft:gravel":82,"minecraft:amethyst_shard":472,"minecraft:spruce_sapling":67,"minecraft:spruce_log":239,"minecraft:spider_eye":3,"minecraft:mossy_cobblestone":7,"minecraft:diamond":617,"minecraft:granite":57,"minecraft:diamond_axe":1,"minecraft:cherry_sapling":19,"minecraft:emerald":6,"minecraft:bread":24,"minecraft:oak_sapling":5,"minecraft:coal":322,"minecraft:ender_pearl":1,"minecraft:diamond_pickaxe":3},"minecraft:used":{"minecraft:oak_fence":2,"minecraft:cherry_sapling":19,"minecraft:iron_shovel":177,"minecraft:stone_shovel":80,"minecraft:ladder":5,"minecraft:chest":15,"minecraft:shield":17,"minecraft:iron_sword":180,"minecraft:rotten_flesh":8,"minecraft:iron_chestplate":1,"minecraft:torch":88,"minecraft:dirt":15,"minecraft:diamond_helmet":1,"minecraft:tuff":19,"minecraft:granite":3,"minecraft:milk_bucket":2,"minecraft:diamond_chestplate":1,"minecraft:furnace":5,"minecraft:egg":1,"minecraft:cooked_beef":11,"minecraft:cobbled_deepslate":22,"minecraft:iron_leggings":1,"minecraft:cooked_mutton":2,"minecraft:water_bucket":3,"minecraft:amethyst_block":7,"minecraft:diamond_boots":1,"minecraft:stone_pickaxe":526,"minecraft:ender_pearl":1,"minecraft:wooden_pickaxe":59,"minecraft:diamond_axe":802,"minecraft:mossy_cobblestone":5,"minecraft:glow_berries":7,"minecraft:crafting_table":13,"minecraft:white_bed":1,"minecraft:diamond_pickaxe":5404,"minecraft:chicken":2,"minecraft:bread":8,"minecraft:iron_pickaxe":500,"minecraft:spruce_sapling":22,"minecraft:pink_petals":16,"minecraft:wooden_sword":5,"minecraft:cobblestone":66,"minecraft:cooked_rabbit":1,"minecraft:bucket":3,"minecraft:oak_boat":1,"minecraft:diamond_leggings":1,"minecraft:bone_meal":15},"minecraft:killed_by":{"minecraft:spider":1,"minecraft:skeleton":1},"minecraft:broken":{"minecraft:wooden_pickaxe":1,"minecraft:stone_pickaxe":4,"minecraft:iron_pickaxe":2},"minecraft:crafted":{"minecraft:wooden_sword":1,"minecraft:oak_planks":44,"minecraft:stone_shovel":1,"minecraft:furnace":5,"minecraft:stone":1,"minecraft:bone_meal":15,"minecraft:iron_boots":1,"minecraft:ladder":6,"minecraft:stone_pickaxe":4,"minecraft:chest":10,"minecraft:cooked_rabbit":1,"minecraft:crafting_table":6,"minecraft:spruce_planks":76,"minecraft:iron_helmet":1,"minecraft:wooden_pickaxe":1,"minecraft:air":0,"minecraft:white_wool":1905,"minecraft:iron_chestplate":1,"minecraft:diamond_pickaxe":1,"minecraft:stick":40,"minecraft:iron_ingot":326,"minecraft:iron_pickaxe":1,"minecraft:iron_shovel":2,"minecraft:iron_leggings":1,"minecraft:gold_ingot":289,"minecraft:white_bed":1,"minecraft:torch":96},"minecraft:dropped":{"minecraft:enchanted_book":7,"minecraft:cooked_beef":1,"minecraft:diamond":90,"minecraft:crafting_table":2,"minecraft:diamond_leggings":2,"minecraft:cobblestone":284,"minecraft:feather":2,"minecraft:amethyst_block":10,"minecraft:granite":26,"minecraft:coal":2,"minecraft:stick":1,"minecraft:emerald":3,"minecraft:dirt":7,"minecraft:diorite":18,"minecraft:snowball":80,"minecraft:amethyst_shard":288,"minecraft:string":362,"minecraft:pink_petals":6,"minecraft:smooth_basalt":9,"minecraft:gravel":73,"minecraft:cobbled_deepslate":1699,"minecraft:raw_copper":28,"minecraft:tuff":150,"minecraft:stone_shovel":1,"minecraft:poppy":1,"minecraft:diamond_pickaxe":2,"minecraft:oak_sapling":2,"minecraft:spider_eye":3,"minecraft:arrow":3,"minecraft:bow":1,"minecraft:lectern":1}},"DataVersion":3700}