{"stats":{"minecraft:broken":{"minecraft:iron_shovel":4,"minecraft:wooden_pickaxe":1,"minecraft:stone_pickaxe":4,"minecraft:iron_pickaxe":2},"minecraft:dropped":{"minecraft:enchanted_book":7,"minecraft:cooked_beef":1,"minecraft:diamond":90,"minecraft:crafting_table":2,"minecraft:diamond_leggings":2,"minecraft:oak_fence":1,"minecraft:feather":2,"minecraft:cobblestone":294,"minecraft:amethyst_block":10,"minecraft:granite":26,"minecraft:coal":2,"minecraft:stick":1,"minecraft:emerald":3,"minecraft:dirt":136,"minecraft:diorite":18,"minecraft:snowball":225,"minecraft:amethyst_shard":288,"minecraft:string":490,"minecraft:pink_petals":6,"minecraft:smooth_basalt":9,"minecraft:bone":1,"minecraft:gravel":73,"minecraft:cobbled_deepslate":1699,"minecraft:raw_copper":28,"minecraft:tuff":150,"minecraft:stone_shovel":1,"minecraft:poppy":1,"minecraft:rabbit_hide":1,"minecraft:shield":1,"minecraft:spruce_planks":3,"minecraft:diamond_pickaxe":2,"minecraft:oak_sapling":2,"minecraft:ladder":2,"minecraft:spider_eye":3,"minecraft:spruce_log":1,"minecraft:arrow":3,"minecraft:bow":1,"minecraft:cherry_fence":1,"minecraft:lectern":1},"minecraft:mined":{"minecraft:large_amethyst_bud":1,"minecraft:tuff":318,"minecraft:spruce_planks":1,"minecraft:mossy_cobblestone":5,"minecraft:deepslate_diamond_ore":365,"minecraft:cherry_log":34,"minecraft:sculk_vein":4,"minecraft:cherry_sapling":6,"minecraft:budding_amethyst":4,"minecraft:granite":55,"minecraft:grass_block":36,"minecraft:spruce_leaves":60,"minecraft:raw_iron_block":4,"minecraft:spruce_sapling":5,"minecraft:furnace":2,"minecraft:iron_ore":83,"minecraft:snow":129,"minecraft:andesite":35,"minecraft:deepslate_lapis_ore":1,"minecraft:dirt_path":76,"minecraft:deepslate_iron_ore":148,"minecraft:rail":1,"minecraft:oak_stairs":47,"minecraft:stone":8826,"minecraft:deepslate_redstone_ore":50,"minecraft:glass_pane":2,"minecraft:snow_block":533,"minecraft:amethyst_cluster":44,"minecraft:powder_snow":90,"minecraft:oak_fence":3,"minecraft:crafting_table":11,"minecraft:torch":2,"minecraft:short_grass":148,"minecraft:emerald_ore":10,"minecraft:calcite":15,"minecraft:poppy":1,"minecraft:chest":5,"minecraft:copper_ore":3,"minecraft:tall_grass":27,"minecraft:cobblestone":86,"minecraft:deepslate_gold_ore":192,"minecraft:oak_planks":37,"minecraft:sugar_cane":290,"minecraft:diorite":91,"minecraft:wall_torch":3,"minecraft:amethyst_block":26,"minecraft:pink_petals":11,"minecraft:spruce_log":246,"minecraft:oak_log":36,"minecraft:coal_ore":393,"minecraft:cherry_leaves":3,"minecraft:gravel":177,"minecraft:dirt":594,"minecraft:smooth_basalt":15,"minecraft:oak_leaves":41,"minecraft:deepslate":3323},"minecraft:used":{"minecraft:oak_fence":2,"minecraft:cherry_sapling":25,"minecraft:iron_shovel":1139,"minecraft:stone_shovel":80,"minecraft:ladder":5,"minecraft:spruce_planks":1,"minecraft:chest":22,"minecraft:shield":20,"minecraft:iron_sword":193,"minecraft:rotten_flesh":10,"minecraft:iron_chestplate":1,"minecraft:torch":88,"minecraft:dirt":162,"minecraft:diamond_helmet":1,"minecraft:snowball":5,"minecraft:tuff":19,"minecraft:granite":3,"minecraft:milk_bucket":2,"minecraft:diamond_chestplate":1,"minecraft:furnace":5,"minecraft:egg":1,"minecraft:cooked_beef":16,"minecraft:cobbled_deepslate":22,"minecraft:iron_leggings":1,"minecraft:cooked_mutton":2,"minecraft:water_bucket":3,"minecraft:amethyst_block":7,"minecraft:diamond_boots":1,"minecraft:stone_pickaxe":526,"minecraft:ender_pearl":1,"minecraft:wooden_pickaxe":59,"minecraft:diamond_axe":827,"minecraft:glow_berries":7,"minecraft:mossy_cobblestone":5,"minecraft:crafting_table":15,"minecraft:white_bed":1,"minecraft:diamond_pickaxe":13172,"minecraft:diamond_shovel":193,"minecraft:chicken":2,"minecraft:bread":8,"minecraft:iron_pickaxe":500,"minecraft:spruce_sapling":70,"minecraft:pink_petals":16,"minecraft:wooden_sword":5,"minecraft:cobblestone":132,"minecraft:cooked_rabbit":1,"minecraft:bucket":3,"minecraft:oak_boat":1,"minecraft:diamond_leggings":1,"minecraft:bone_meal":15},"minecraft:custom":{"minecraft:interact_with_anvil":2,"minecraft:mob_kills":42,"minecraft:animals_bred":2,"minecraft:interact_with_crafting_table":42,"minecraft:bell_ring":4,"minecraft:leave_game":22,"minecraft:time_since_death":402819,"minecraft:climb_one_cm":1500,"minecraft:sprint_one_cm":774728,"minecraft:walk_one_cm":2030085,"minecraft:damage_blocked_by_shield":505,"minecraft:drop":140,"minecraft:talked_to_villager":17,"minecraft:play_time":545687,"minecraft:sneak_time":7518,"minecraft:deaths":3,"minecraft:walk_under_water_one_cm":35734,"minecraft:boat_one_cm":1504,"minecraft:jump":5382,"minecraft:walk_on_water_one_cm":55050,"minecraft:total_world_time":545687,"minecraft:interact_with_furnace":317,"minecraft:sleep_in_bed":12,"minecraft:time_since_rest":9877,"minecraft:damage_taken":1736,"minecraft:damage_dealt":6997,"minecraft:swim_one_cm":32962,"minecraft:fly_one_cm":506261,"minecraft:open_chest":224,"minecraft:crouch_one_cm":23554,"minecraft:fall_one_cm":89446},"minecraft:crafted":{"minecraft:cherry_planks":92,"minecraft:wooden_sword":1,"minecraft:oak_planks":44,"minecraft:stone_shovel":1,"minecraft:furnace":5,"minecraft:stone":1,"minecraft:bone_meal":15,"minecraft:iron_boots":1,"minecraft:ladder":6,"minecraft:stone_pickaxe":4,"minecraft:chest":17,"minecraft:cherry_fence":9,"minecraft:cooked_rabbit":1,"minecraft:cherry_fence_gate":1,"minecraft:cooked_beef":5,"minecraft:crafting_table":8,"minecraft:spruce_planks":84,"minecraft:iron_helmet":1,"minecraft:wooden_pickaxe":1,"minecraft:air":0,"minecraft:white_wool":1905,"minecraft:iron_chestplate":1,"minecraft:diamond_pickaxe":2,"minecraft:stick":44,"minecraft:iron_ingot":331,"minecraft:iron_pickaxe":1,"minecraft:iron_shovel":12,"minecraft:iron_leggings":1,"minecraft:gold_ingot":289,"minecraft:white_bed":1,"minecraft:torch":96},"minecraft:killed":{"minecraft:spider":3,"minecraft:skeleton":15,"minecraft:chicken":3,"minecraft:rabbit":1,"minecraft:sheep":1,"minecraft:zombie":19},"minecraft:picked_up":{"minecraft:crafting_table":12,"minecraft:iron_chestplate":1,"minecraft:chicken":3,"minecraft:ladder":1,"minecraft:oak_stairs":44,"minecraft:enchanted_book":7,"minecraft:shield":3,"minecraft:amethyst_block":24,"minecraft:string":705,"minecraft:raw_copper":28,"minecraft:iron_leggings":1,"minecraft:diamond_leggings":3,"minecraft:cobbled_deepslate":2235,"minecraft:bucket":1,"minecraft:spruce_planks":1,"minecraft:oak_boat":2,"minecraft:calcite":13,"minecraft:poppy":1,"minecraft:iron_pickaxe":1,"minecraft:lectern":1,"minecraft:sugar_cane":540,"minecraft:chest":5,"minecraft:furnace":1,"minecraft:egg":6,"minecraft:stick":63,"minecraft:raw_iron":422,"minecraft:oak_door":1,"minecraft:oak_fence":3,"minecraft:torch":6,"minecraft:cherry_log":34,"minecraft:diorite":68,"minecraft:redstone":186,"minecraft:stone_shovel":1,"minecraft:arrow":15,"minecraft:rotten_flesh":10,"minecraft:diamond_chestplate":1,"minecraft:diamond_boots":1,"minecraft:mutton":1,"minecraft:snowball":243,"minecraft:white_wool":1,"minecraft:cobblestone":3906,"minecraft:pink_petals":42,"minecraft:feather":2,"minecraft:cooked_beef":12,"minecraft:andesite":35,"minecraft:flint":22,"minecraft:tuff":237,"minecraft:oak_log":34,"minecraft:cherry_fence":1,"minecraft:dirt":377,"minecraft:cooked_mutton":1,"minecraft:bone":16,"minecraft:bow":1,"minecraft:wheat_seeds":20,"minecraft:raw_gold":375,"minecraft:rabbit_hide":1,"minecraft:stone_pickaxe":1,"minecraft:diamond_helmet":1,"minecraft:rabbit":1,"minecraft:iron_sword":1,"minecraft:oak_planks":37,"minecraft:smooth_basalt":9,"minecraft:raw_iron_block":4,"minecraft:gravel":82,"minecraft:amethyst_shard":472,"minecraft:spruce_sapling":70,"minecraft:spruce_log":241,"minecraft:spider_eye":3,"minecraft:mossy_cobblestone":7,"minecraft:diamond":617,"minecraft:granite":57,"minecraft:diamond_axe":1,"minecraft:cherry_sapling":26,"minecraft:emerald":19,"minecraft:bread":24,"minecraft:oak_sapling":5,"minecraft:coal":765,"minecraft:ender_pearl":1,"minecraft:diamond_pickaxe":3},"minecraft:killed_by":{"minecraft:spider":1,"minecraft:skeleton":1}},"DataVersion":3700}