{"stats":{"minecraft:dropped":{"minecraft:stone_shovel":1},"minecraft:used":{"minecraft:chicken":2,"minecraft:bread":2,"minecraft:chest":1,"minecraft:wooden_pickaxe":14,"minecraft:wooden_sword":5,"minecraft:crafting_table":3},"minecraft:killed":{"minecraft:sheep":1,"minecraft:chicken":3},"minecraft:crafted":{"minecraft:wooden_sword":1,"minecraft:oak_planks":24,"minecraft:stone_shovel":1,"minecraft:crafting_table":1,"minecraft:stick":8,"minecraft:wooden_pickaxe":1,"minecraft:stone_pickaxe":1,"minecraft:chest":1},"minecraft:mined":{"minecraft:mossy_cobblestone":2,"minecraft:crafting_table":2,"minecraft:oak_log":8,"minecraft:cobblestone":7,"minecraft:stone":5,"minecraft:oak_leaves":5},"minecraft:picked_up":{"minecraft:crafting_table":2,"minecraft:feather":2,"minecraft:chicken":3,"minecraft:oak_log":8,"minecraft:mossy_cobblestone":2,"minecraft:stone_shovel":1,"minecraft:oak_boat":1,"minecraft:bread":24,"minecraft:oak_sapling":1,"minecraft:mutton":1,"minecraft:white_wool":1,"minecraft:cobblestone":12,"minecraft:egg":2},"minecraft:custom":{"minecraft:time_since_rest":19287,"minecraft:sprint_one_cm":135018,"minecraft:walk_one_cm":61302,"minecraft:mob_kills":4,"minecraft:drop":1,"minecraft:damage_dealt":200,"minecraft:swim_one_cm":10546,"minecraft:interact_with_crafting_table":4,"minecraft:fly_one_cm":51841,"minecraft:open_chest":3,"minecraft:crouch_one_cm":575,"minecraft:play_time":19287,"minecraft:sneak_time":111,"minecraft:walk_under_water_one_cm":2724,"minecraft:jump":368,"minecraft:leave_game":3,"minecraft:walk_on_water_one_cm":8945,"minecraft:time_since_death":19287,"minecraft:total_world_time":19287,"minecraft:fall_one_cm":2939}},"DataVersion":3700}