{"stats":{"minecraft:killed":{"minecraft:spider":1,"minecraft:skeleton":6,"minecraft:chicken":3,"minecraft:sheep":1,"minecraft:zombie":9},"minecraft:custom":{"minecraft:mob_kills":20,"minecraft:interact_with_crafting_table":18,"minecraft:bell_ring":3,"minecraft:leave_game":17,"minecraft:time_since_death":143561,"minecraft:climb_one_cm":1058,"minecraft:sprint_one_cm":442470,"minecraft:walk_one_cm":702836,"minecraft:damage_blocked_by_shield":335,"minecraft:drop":105,"minecraft:play_time":286429,"minecraft:deaths":3,"minecraft:sneak_time":5393,"minecraft:walk_under_water_one_cm":12059,"minecraft:jump":2663,"minecraft:walk_on_water_one_cm":26309,"minecraft:total_world_time":286429,"minecraft:interact_with_furnace":296,"minecraft:sleep_in_bed":3,"minecraft:time_since_rest":1272,"minecraft:damage_taken":1225,"minecraft:damage_dealt":3517,"minecraft:swim_one_cm":16280,"minecraft:fly_one_cm":241591,"minecraft:open_chest":91,"minecraft:crouch_one_cm":17338,"minecraft:fall_one_cm":41380},"minecraft:mined":{"minecraft:large_amethyst_bud":1,"minecraft:tuff":311,"minecraft:mossy_cobblestone":2,"minecraft:deepslate_diamond_ore":365,"minecraft:cherry_log":11,"minecraft:sculk_vein":4,"minecraft:granite":55,"minecraft:budding_amethyst":4,"minecraft:grass_block":22,"minecraft:spruce_leaves":2,"minecraft:raw_iron_block":4,"minecraft:furnace":2,"minecraft:iron_ore":23,"minecraft:andesite":35,"minecraft:deepslate_lapis_ore":1,"minecraft:deepslate_iron_ore":148,"minecraft:dirt_path":2,"minecraft:rail":1,"minecraft:stone":795,"minecraft:deepslate_redstone_ore":50,"minecraft:amethyst_cluster":44,"minecraft:crafting_table":8,"minecraft:torch":2,"minecraft:short_grass":3,"minecraft:emerald_ore":1,"minecraft:calcite":15,"minecraft:chest":3,"minecraft:copper_ore":3,"minecraft:cobblestone":7,"minecraft:deepslate_gold_ore":192,"minecraft:sugar_cane":290,"minecraft:diorite":91,"minecraft:amethyst_block":26,"minecraft:pink_petals":11,"minecraft:spruce_log":19,"minecraft:oak_log":11,"minecraft:coal_ore":52,"minecraft:cherry_leaves":1,"minecraft:gravel":82,"minecraft:dirt":75,"minecraft:smooth_basalt":15,"minecraft:oak_leaves":8,"minecraft:deepslate":3323},"minecraft:picked_up":{"minecraft:crafting_table":9,"minecraft:iron_chestplate":1,"minecraft:chicken":3,"minecraft:enchanted_book":7,"minecraft:shield":2,"minecraft:amethyst_block":24,"minecraft:string":704,"minecraft:raw_copper":28,"minecraft:iron_leggings":1,"minecraft:diamond_leggings":3,"minecraft:cobbled_deepslate":2235,"minecraft:bucket":1,"minecraft:oak_boat":1,"minecraft:calcite":13,"minecraft:iron_pickaxe":1,"minecraft:lectern":1,"minecraft:sugar_cane":540,"minecraft:chest":3,"minecraft:egg":4,"minecraft:furnace":1,"minecraft:stick":11,"minecraft:raw_iron":300,"minecraft:torch":2,"minecraft:cherry_log":11,"minecraft:diorite":68,"minecraft:redstone":186,"minecraft:rotten_flesh":1,"minecraft:diamond_chestplate":1,"minecraft:stone_shovel":1,"minecraft:arrow":3,"minecraft:diamond_boots":1,"minecraft:mutton":1,"minecraft:white_wool":1,"minecraft:cobblestone":686,"minecraft:pink_petals":42,"minecraft:feather":2,"minecraft:cooked_beef":12,"minecraft:andesite":35,"minecraft:flint":8,"minecraft:tuff":235,"minecraft:oak_log":11,"minecraft:dirt":74,"minecraft:cooked_mutton":1,"minecraft:bone":2,"minecraft:raw_gold":375,"minecraft:stone_pickaxe":1,"minecraft:diamond_helmet":1,"minecraft:iron_sword":1,"minecraft:smooth_basalt":9,"minecraft:raw_iron_block":4,"minecraft:gravel":73,"minecraft:amethyst_shard":472,"minecraft:spruce_sapling":12,"minecraft:spruce_log":19,"minecraft:mossy_cobblestone":2,"minecraft:diamond":617,"minecraft:diamond_axe":1,"minecraft:granite":57,"minecraft:cherry_sapling":5,"minecraft:emerald":3,"minecraft:bread":24,"minecraft:oak_sapling":2,"minecraft:coal":54,"minecraft:diamond_pickaxe":2,"minecraft:ender_pearl":1},"minecraft:used":{"minecraft:stone_shovel":80,"minecraft:ladder":4,"minecraft:chest":10,"minecraft:shield":12,"minecraft:iron_sword":64,"minecraft:iron_chestplate":1,"minecraft:torch":2,"minecraft:diamond_helmet":1,"minecraft:tuff":17,"minecraft:granite":3,"minecraft:diamond_chestplate":1,"minecraft:furnace":2,"minecraft:cooked_beef":7,"minecraft:cobbled_deepslate":22,"minecraft:iron_leggings":1,"minecraft:amethyst_block":7,"minecraft:diamond_boots":1,"minecraft:stone_pickaxe":526,"minecraft:ender_pearl":1,"minecraft:wooden_pickaxe":59,"minecraft:diamond_axe":336,"minecraft:glow_berries":7,"minecraft:crafting_table":13,"minecraft:diamond_pickaxe":4576,"minecraft:chicken":2,"minecraft:bread":8,"minecraft:iron_pickaxe":500,"minecraft:pink_petals":16,"minecraft:wooden_sword":5,"minecraft:cobblestone":27,"minecraft:bucket":1,"minecraft:diamond_leggings":1},"minecraft:killed_by":{"minecraft:spider":1,"minecraft:skeleton":1},"minecraft:broken":{"minecraft:wooden_pickaxe":1,"minecraft:stone_pickaxe":4,"minecraft:iron_pickaxe":2},"minecraft:crafted":{"minecraft:wooden_sword":1,"minecraft:oak_planks":44,"minecraft:stone_shovel":1,"minecraft:furnace":2,"minecraft:stone":1,"minecraft:iron_boots":1,"minecraft:ladder":6,"minecraft:stone_pickaxe":4,"minecraft:chest":10,"minecraft:crafting_table":6,"minecraft:spruce_planks":76,"minecraft:wooden_pickaxe":1,"minecraft:iron_helmet":1,"minecraft:air":0,"minecraft:iron_chestplate":1,"minecraft:diamond_pickaxe":1,"minecraft:stick":40,"minecraft:iron_ingot":277,"minecraft:iron_pickaxe":1,"minecraft:gold_ingot":289,"minecraft:iron_leggings":1,"minecraft:torch":12},"minecraft:dropped":{"minecraft:enchanted_book":7,"minecraft:cooked_beef":1,"minecraft:diamond":90,"minecraft:crafting_table":2,"minecraft:diamond_leggings":2,"minecraft:cobblestone":284,"minecraft:feather":2,"minecraft:amethyst_block":10,"minecraft:granite":26,"minecraft:coal":2,"minecraft:stick":1,"minecraft:emerald":3,"minecraft:dirt":7,"minecraft:diorite":18,"minecraft:amethyst_shard":288,"minecraft:string":362,"minecraft:pink_petals":6,"minecraft:smooth_basalt":9,"minecraft:gravel":73,"minecraft:cobbled_deepslate":1699,"minecraft:raw_copper":28,"minecraft:tuff":150,"minecraft:stone_shovel":1,"minecraft:diamond_pickaxe":1,"minecraft:oak_sapling":2,"minecraft:arrow":3,"minecraft:lectern":1}},"DataVersion":3700}