{"stats":{"minecraft:dropped":{"minecraft:gravel":73,"minecraft:enchanted_book":7,"minecraft:raw_copper":28,"minecraft:cobbled_deepslate":1699,"minecraft:diamond":1,"minecraft:crafting_table":2,"minecraft:tuff":150,"minecraft:diamond_leggings":2,"minecraft:stone_shovel":1,"minecraft:feather":2,"minecraft:cobblestone":284,"minecraft:amethyst_block":10,"minecraft:granite":26,"minecraft:coal":2,"minecraft:stick":1,"minecraft:dirt":7,"minecraft:diorite":18,"minecraft:diamond_pickaxe":1,"minecraft:oak_sapling":2,"minecraft:amethyst_shard":288,"minecraft:arrow":3,"minecraft:string":362,"minecraft:pink_petals":6,"minecraft:lectern":1,"minecraft:smooth_basalt":9},"minecraft:used":{"minecraft:diamond_boots":1,"minecraft:shield":12,"minecraft:stone_shovel":80,"minecraft:stone_pickaxe":524,"minecraft:chest":1,"minecraft:wooden_pickaxe":59,"minecraft:iron_sword":56,"minecraft:iron_chestplate":1,"minecraft:crafting_table":12,"minecraft:diamond_helmet":1,"minecraft:granite":3,"minecraft:diamond_pickaxe":4289,"minecraft:chicken":2,"minecraft:bread":8,"minecraft:iron_pickaxe":500,"minecraft:wooden_sword":5,"minecraft:diamond_chestplate":1,"minecraft:cobblestone":27,"minecraft:furnace":2,"minecraft:diamond_leggings":1,"minecraft:cooked_beef":2,"minecraft:cobbled_deepslate":7,"minecraft:iron_leggings":1},"minecraft:broken":{"minecraft:stone_pickaxe":4,"minecraft:iron_pickaxe":2,"minecraft:wooden_pickaxe":1},"minecraft:killed":{"minecraft:sheep":1,"minecraft:skeleton":6,"minecraft:zombie":7,"minecraft:chicken":3},"minecraft:killed_by":{"minecraft:skeleton":1,"minecraft:spider":1},"minecraft:crafted":{"minecraft:wooden_sword":1,"minecraft:oak_planks":44,"minecraft:stone_shovel":1,"minecraft:crafting_table":5,"minecraft:wooden_pickaxe":1,"minecraft:iron_helmet":1,"minecraft:furnace":2,"minecraft:air":0,"minecraft:iron_boots":1,"minecraft:iron_chestplate":1,"minecraft:diamond_pickaxe":1,"minecraft:stick":20,"minecraft:iron_ingot":29,"minecraft:stone_pickaxe":4,"minecraft:iron_pickaxe":1,"minecraft:chest":1,"minecraft:iron_leggings":1,"minecraft:torch":12},"minecraft:picked_up":{"minecraft:pink_petals":6,"minecraft:iron_chestplate":1,"minecraft:crafting_table":9,"minecraft:feather":2,"minecraft:cooked_beef":11,"minecraft:chicken":3,"minecraft:andesite":35,"minecraft:enchanted_book":7,"minecraft:flint":8,"minecraft:tuff":228,"minecraft:oak_log":11,"minecraft:shield":2,"minecraft:amethyst_block":24,"minecraft:string":362,"minecraft:dirt":59,"minecraft:raw_copper":28,"minecraft:iron_leggings":1,"minecraft:cooked_mutton":1,"minecraft:bone":2,"minecraft:diamond_leggings":3,"minecraft:cobbled_deepslate":2234,"minecraft:raw_gold":365,"minecraft:bucket":1,"minecraft:oak_boat":1,"minecraft:calcite":13,"minecraft:iron_pickaxe":1,"minecraft:diamond_helmet":1,"minecraft:lectern":1,"minecraft:iron_sword":1,"minecraft:furnace":1,"minecraft:egg":3,"minecraft:raw_iron":293,"minecraft:stick":1,"minecraft:smooth_basalt":9,"minecraft:raw_iron_block":4,"minecraft:gravel":73,"minecraft:amethyst_shard":472,"minecraft:diorite":68,"minecraft:redstone":186,"minecraft:mossy_cobblestone":2,"minecraft:arrow":3,"minecraft:stone_shovel":1,"minecraft:diamond_chestplate":1,"minecraft:diamond":617,"minecraft:diamond_boots":1,"minecraft:granite":57,"minecraft:bread":24,"minecraft:emerald":3,"minecraft:oak_sapling":2,"minecraft:ender_pearl":1,"minecraft:mutton":1,"minecraft:coal":54,"minecraft:white_wool":1,"minecraft:cobblestone":686,"minecraft:diamond_pickaxe":2},"minecraft:mined":{"minecraft:deepslate_redstone_ore":50,"minecraft:large_amethyst_bud":1,"minecraft:tuff":300,"minecraft:mossy_cobblestone":2,"minecraft:deepslate_diamond_ore":365,"minecraft:sculk_vein":4,"minecraft:amethyst_cluster":44,"minecraft:crafting_table":8,"minecraft:budding_amethyst":4,"minecraft:granite":46,"minecraft:emerald_ore":1,"minecraft:grass_block":4,"minecraft:calcite":15,"minecraft:copper_ore":2,"minecraft:cobblestone":7,"minecraft:deepslate_gold_ore":185,"minecraft:diorite":68,"minecraft:amethyst_block":26,"minecraft:raw_iron_block":4,"minecraft:furnace":2,"minecraft:iron_ore":22,"minecraft:andesite":35,"minecraft:deepslate_lapis_ore":1,"minecraft:coal_ore":52,"minecraft:oak_log":11,"minecraft:dirt_path":2,"minecraft:deepslate_iron_ore":146,"minecraft:rail":1,"minecraft:gravel":82,"minecraft:dirt":52,"minecraft:smooth_basalt":15,"minecraft:stone":628,"minecraft:oak_leaves":8,"minecraft:deepslate":3282},"minecraft:custom":{"minecraft:interact_with_furnace":21,"minecraft:mob_kills":17,"minecraft:interact_with_crafting_table":16,"minecraft:leave_game":14,"minecraft:time_since_death":70321,"minecraft:time_since_rest":70359,"minecraft:sprint_one_cm":270354,"minecraft:damage_taken":1081,"minecraft:walk_one_cm":540938,"minecraft:damage_blocked_by_shield":335,"minecraft:drop":99,"minecraft:damage_dealt":2797,"minecraft:swim_one_cm":11213,"minecraft:fly_one_cm":137732,"minecraft:open_chest":11,"minecraft:play_time":213189,"minecraft:crouch_one_cm":15356,"minecraft:sneak_time":4379,"minecraft:deaths":3,"minecraft:walk_under_water_one_cm":7164,"minecraft:jump":1777,"minecraft:walk_on_water_one_cm":21253,"minecraft:total_world_time":213189,"minecraft:fall_one_cm":24117}},"DataVersion":3700}