{"stats":{"minecraft:dropped":{"minecraft:diamond":1,"minecraft:crafting_table":1,"minecraft:stone_shovel":1,"minecraft:stick":1,"minecraft:oak_sapling":1,"minecraft:pink_petals":3},"minecraft:used":{"minecraft:stone_shovel":55,"minecraft:stone_pickaxe":524,"minecraft:chest":1,"minecraft:wooden_pickaxe":59,"minecraft:iron_sword":9,"minecraft:crafting_table":10,"minecraft:granite":3,"minecraft:diamond_pickaxe":5,"minecraft:chicken":2,"minecraft:bread":5,"minecraft:iron_pickaxe":308,"minecraft:wooden_sword":5,"minecraft:cobblestone":27,"minecraft:furnace":2},"minecraft:broken":{"minecraft:stone_pickaxe":4,"minecraft:iron_pickaxe":1,"minecraft:wooden_pickaxe":1},"minecraft:killed":{"minecraft:skeleton":1,"minecraft:sheep":1,"minecraft:chicken":3},"minecraft:crafted":{"minecraft:wooden_sword":1,"minecraft:oak_planks":44,"minecraft:stone_shovel":1,"minecraft:crafting_table":5,"minecraft:wooden_pickaxe":1,"minecraft:iron_helmet":1,"minecraft:furnace":2,"minecraft:air":0,"minecraft:iron_boots":1,"minecraft:iron_chestplate":1,"minecraft:diamond_pickaxe":1,"minecraft:stick":20,"minecraft:iron_ingot":29,"minecraft:iron_pickaxe":1,"minecraft:stone_pickaxe":4,"minecraft:chest":1,"minecraft:iron_leggings":1},"minecraft:custom":{"minecraft:interact_with_furnace":21,"minecraft:mob_kills":5,"minecraft:interact_with_crafting_table":16,"minecraft:leave_game":8,"minecraft:time_since_death":73013,"minecraft:time_since_rest":73013,"minecraft:sprint_one_cm":159756,"minecraft:damage_taken":139,"minecraft:walk_one_cm":127629,"minecraft:drop":6,"minecraft:damage_dealt":401,"minecraft:swim_one_cm":11213,"minecraft:fly_one_cm":77045,"minecraft:open_chest":9,"minecraft:crouch_one_cm":916,"minecraft:play_time":73013,"minecraft:sneak_time":561,"minecraft:walk_under_water_one_cm":3363,"minecraft:jump":690,"minecraft:walk_on_water_one_cm":17650,"minecraft:total_world_time":73013,"minecraft:fall_one_cm":8702},"minecraft:mined":{"minecraft:deepslate_redstone_ore":5,"minecraft:mossy_cobblestone":2,"minecraft:deepslate_diamond_ore":34,"minecraft:crafting_table":5,"minecraft:granite":33,"minecraft:grass_block":4,"minecraft:cobblestone":7,"minecraft:diorite":50,"minecraft:furnace":2,"minecraft:iron_ore":22,"minecraft:andesite":35,"minecraft:oak_log":11,"minecraft:coal_ore":51,"minecraft:deepslate_iron_ore":15,"minecraft:dirt_path":2,"minecraft:dirt":52,"minecraft:stone":397,"minecraft:oak_leaves":8,"minecraft:deepslate":236},"minecraft:picked_up":{"minecraft:pink_petals":6,"minecraft:crafting_table":6,"minecraft:feather":2,"minecraft:chicken":3,"minecraft:andesite":35,"minecraft:oak_log":11,"minecraft:dirt":52,"minecraft:cooked_mutton":1,"minecraft:bone":1,"minecraft:cobbled_deepslate":236,"minecraft:oak_boat":1,"minecraft:iron_pickaxe":1,"minecraft:egg":3,"minecraft:furnace":1,"minecraft:stick":1,"minecraft:raw_iron":37,"minecraft:diorite":50,"minecraft:redstone":24,"minecraft:mossy_cobblestone":2,"minecraft:arrow":1,"minecraft:stone_shovel":1,"minecraft:diamond":47,"minecraft:granite":31,"minecraft:bread":24,"minecraft:oak_sapling":2,"minecraft:mutton":1,"minecraft:coal":51,"minecraft:white_wool":1,"minecraft:cobblestone":402}},"DataVersion":3700}