{"stats":{"minecraft:broken":{"minecraft:golden_sword":13,"minecraft:iron_sword":3,"minecraft:crossbow":1,"minecraft:wooden_pickaxe":1,"minecraft:iron_axe":3,"minecraft:iron_pickaxe":8,"minecraft:iron_shovel":1,"minecraft:stone_pickaxe":1,"minecraft:stone_axe":4,"minecraft:wooden_axe":1},"minecraft:dropped":{"minecraft:iron_sword":18,"minecraft:lapis_lazuli":3,"minecraft:cooked_beef":3,"minecraft:glow_ink_sac":2,"minecraft:glass_bottle":1,"minecraft:crafting_table":3,"minecraft:crossbow":12,"minecraft:elytra":3,"minecraft:rail":12,"minecraft:dragon_breath":1,"minecraft:red_mushroom":6,"minecraft:item_frame":1,"minecraft:emerald":89,"minecraft:dirt":961,"minecraft:gold_nugget":7,"minecraft:bone_meal":1,"minecraft:phantom_membrane":4,"minecraft:sand":30,"minecraft:iron_pickaxe":6,"minecraft:fermented_spider_eye":6,"minecraft:white_wool":189,"minecraft:bone":91,"minecraft:oak_door":3,"minecraft:stone_axe":1,"minecraft:sugar_cane":533,"minecraft:cooked_chicken":3,"minecraft:golden_chestplate":2,"minecraft:cobbled_deepslate":97,"minecraft:netherite_sword":5,"minecraft:wheat":15,"minecraft:obsidian":4,"minecraft:rotten_flesh":85,"minecraft:oak_planks":68,"minecraft:end_stone":64,"minecraft:glowstone_dust":5,"minecraft:white_bed":1,"minecraft:salmon":1,"minecraft:tipped_arrow":3,"minecraft:coal_ore":3,"minecraft:leather_boots":3,"minecraft:painting":1,"minecraft:spruce_slab":6,"minecraft:glass":268,"minecraft:beef":1,"minecraft:lectern":2,"minecraft:egg":14,"minecraft:enchanted_book":2,"minecraft:golden_boots":2,"minecraft:iron_ingot":19,"minecraft:birch_leaves":3,"minecraft:wheat_seeds":30,"minecraft:clock":1,"minecraft:netherite_chestplate":1,"minecraft:book":4,"minecraft:purpur_slab":1,"minecraft:iron_helmet":36,"minecraft:feather":7,"minecraft:cobblestone":505,"minecraft:apple":10,"minecraft:granite":30,"minecraft:spruce_button":2,"minecraft:chainmail_helmet":2,"minecraft:coal":22,"minecraft:rose_bush":31,"minecraft:cherry_planks":4,"minecraft:diamond_helmet":4,"minecraft:potion":1,"minecraft:white_banner":1,"minecraft:chainmail_leggings":105,"minecraft:iron_shovel":1,"minecraft:paper":3,"minecraft:string":3463,"minecraft:spruce_sapling":5,"minecraft:stone_brick_slab":1,"minecraft:bowl":1,"minecraft:stone_shovel":2,"minecraft:white_carpet":256,"minecraft:iron_boots":36,"minecraft:shears":1,"minecraft:blast_furnace":2,"minecraft:diamond_sword":5,"minecraft:potato":4,"minecraft:cobblestone_slab":14,"minecraft:spruce_boat":1,"minecraft:stone":214,"minecraft:spruce_trapdoor":2,"minecraft:spruce_planks":9,"minecraft:diamond_pickaxe":14,"minecraft:spider_eye":1,"minecraft:bow":7,"minecraft:black_wool":2,"minecraft:spruce_sign":2,"minecraft:soul_sand":18,"minecraft:diamond_axe":1,"minecraft:ender_pearl":49,"minecraft:netherite_upgrade_smithing_template":1,"minecraft:leather":12,"minecraft:cod":2,"minecraft:mutton":5,"minecraft:snowball":16,"minecraft:gilded_blackstone":2,"minecraft:polished_blackstone_bricks":15,"minecraft:gold_ingot":4,"minecraft:gravel":14,"minecraft:purpur_block":1,"minecraft:diorite_stairs":4,"minecraft:cooked_mutton":3,"minecraft:poppy":10,"minecraft:oak_fence_gate":3,"minecraft:gunpowder":2,"minecraft:beetroot_seeds":1,"minecraft:chest":4,"minecraft:chainmail_boots":1,"minecraft:arrow":63,"minecraft:oak_leaves":3,"minecraft:netherrack":48,"minecraft:water_bucket":2,"minecraft:stone_hoe":1,"minecraft:bread":59,"minecraft:oak_slab":1,"minecraft:cherry_log":15,"minecraft:mossy_cobblestone":1,"minecraft:diamond_leggings":5,"minecraft:lead":4,"minecraft:grass_block":8,"minecraft:stick":227,"minecraft:diorite":18,"minecraft:nether_gold_ore":1,"minecraft:torch":11,"minecraft:iron_door":1,"minecraft:iron_leggings":24,"minecraft:iron_axe":53,"minecraft:raw_iron_block":1,"minecraft:pink_petals":18,"minecraft:bucket":1,"minecraft:dandelion":6,"minecraft:redstone":3,"minecraft:ender_chest":1,"minecraft:nether_wart":3,"minecraft:raw_copper":15,"minecraft:tuff":36,"minecraft:raw_iron":5,"minecraft:ender_eye":2,"minecraft:copper_ore":3,"minecraft:shield":3,"minecraft:diamond_chestplate":4,"minecraft:dragon_egg":2,"minecraft:iron_chestplate":12,"minecraft:andesite":17,"minecraft:oak_sapling":15,"minecraft:oak_boat":1,"minecraft:golden_sword":2,"minecraft:diamond_boots":4,"minecraft:spruce_log":1,"minecraft:stone_pickaxe":13,"minecraft:raw_gold":6},"minecraft:mined":{"minecraft:white_bed":13,"minecraft:cherry_log":17,"minecraft:obsidian":28,"minecraft:granite":18,"minecraft:purpur_slab":1,"minecraft:hopper":1,"minecraft:polished_blackstone_bricks":69,"minecraft:tall_seagrass":1,"minecraft:magma_block":9,"minecraft:fire":144,"minecraft:barrel":15,"minecraft:pumpkin":1,"minecraft:fletching_table":18,"minecraft:deepslate_lapis_ore":9,"minecraft:dirt_path":26,"minecraft:oak_stairs":4,"minecraft:tripwire":12,"minecraft:brown_mushroom":1,"minecraft:kelp_plant":102,"minecraft:powder_snow":17,"minecraft:torch":24,"minecraft:blast_furnace":5,"minecraft:glass":20,"minecraft:sugar_cane":625,"minecraft:wheat":1,"minecraft:warped_fungus":12,"minecraft:oak_fence_gate":2,"minecraft:loom":2,"minecraft:red_mushroom_block":29,"minecraft:stonecutter":1,"minecraft:deepslate":134,"minecraft:mossy_cobblestone":3,"minecraft:shulker_box":14,"minecraft:end_stone":139,"minecraft:nether_bricks":6,"minecraft:allium":1,"minecraft:kelp":9,"minecraft:redstone_ore":4,"minecraft:snow":2,"minecraft:andesite":21,"minecraft:potatoes":12,"minecraft:cobblestone_slab":11,"minecraft:rail":784,"minecraft:white_wool":9,"minecraft:ender_chest":31,"minecraft:smithing_table":62,"minecraft:oak_slab":9,"minecraft:glass_pane":3,"minecraft:soul_sand":20,"minecraft:dandelion":4,"minecraft:spruce_button":3,"minecraft:short_grass":150,"minecraft:emerald_ore":2,"minecraft:warped_roots":1,"minecraft:campfire":1,"minecraft:tall_grass":33,"minecraft:copper_ore":12,"minecraft:dried_kelp_block":4,"minecraft:deepslate_gold_ore":19,"minecraft:diorite":16,"minecraft:warped_wart_block":2,"minecraft:spruce_log":680,"minecraft:birch_leaves":16,"minecraft:gravel":79,"minecraft:gold_ore":4,"minecraft:spruce_planks":44,"minecraft:brewing_stand":12,"minecraft:spruce_trapdoor":6,"minecraft:grass_block":605,"minecraft:cracked_polished_blackstone_bricks":44,"minecraft:soul_soil":30,"minecraft:gilded_blackstone":5,"minecraft:glowstone":1,"minecraft:iron_ore":107,"minecraft:anvil":3,"minecraft:iron_bars":7,"minecraft:end_stone_bricks":1,"minecraft:spruce_slab":28,"minecraft:deepslate_redstone_ore":13,"minecraft:blackstone":27,"minecraft:poppy":3,"minecraft:chest":10,"minecraft:mushroom_stem":20,"minecraft:nether_quartz_ore":109,"minecraft:cobblestone":162,"minecraft:grindstone":1,"minecraft:oak_planks":59,"minecraft:wall_torch":23,"minecraft:pink_petals":256,"minecraft:seagrass":1,"minecraft:warped_nylium":3,"minecraft:powered_rail":3,"minecraft:birch_log":67,"minecraft:orange_tulip":4,"minecraft:purpur_block":1,"minecraft:oak_log":235,"minecraft:beetroots":1,"minecraft:sand":926,"minecraft:dirt":694,"minecraft:netherrack":2506,"minecraft:ancient_debris":2,"minecraft:oak_leaves":138,"minecraft:nether_gold_ore":26,"minecraft:tuff":44,"minecraft:dark_oak_leaves":5,"minecraft:deepslate_diamond_ore":6,"minecraft:oak_door":5,"minecraft:lever":2,"minecraft:brown_mushroom_block":90,"minecraft:spruce_leaves":107,"minecraft:sandstone":2,"minecraft:hay_block":44,"minecraft:oak_trapdoor":1,"minecraft:furnace":4,"minecraft:stripped_spruce_log":12,"minecraft:peony":1,"minecraft:bookshelf":1,"minecraft:deepslate_iron_ore":137,"minecraft:packed_ice":2,"minecraft:stone":1070,"minecraft:magenta_stained_glass":3,"minecraft:snow_block":9,"minecraft:basalt":6,"minecraft:crafting_table":8,"minecraft:oak_fence":1,"minecraft:rose_bush":32,"minecraft:lectern":487,"minecraft:deepslate_coal_ore":6,"minecraft:lapis_ore":13,"minecraft:polished_blackstone_brick_stairs":5,"minecraft:birch_planks":2,"minecraft:redstone_torch":3,"minecraft:ice":1,"minecraft:bee_nest":8,"minecraft:yellow_bed":6,"minecraft:black_wool":1,"minecraft:coal_ore":439,"minecraft:cherry_leaves":6},"minecraft:used":{"minecraft:spruce_slab":32,"minecraft:elytra":13,"minecraft:chest":30,"minecraft:stone":17,"minecraft:rotten_flesh":73,"minecraft:soul_sand":5,"minecraft:spruce_boat":12,"minecraft:packed_ice":2,"minecraft:lava_bucket":7,"minecraft:grass_block":2,"minecraft:bow":337,"minecraft:furnace":5,"minecraft:egg":10,"minecraft:potato":47,"minecraft:powered_rail":10,"minecraft:blackstone":3,"minecraft:wooden_pickaxe":61,"minecraft:glow_berries":1,"minecraft:blast_furnace":6,"minecraft:lectern":498,"minecraft:diamond_sword":308,"minecraft:smithing_table":64,"minecraft:oak_boat":35,"minecraft:oak_trapdoor":3,"minecraft:iron_bars":27,"minecraft:enchanting_table":1,"minecraft:stone_sword":108,"minecraft:cooked_salmon":11,"minecraft:netherrack":734,"minecraft:torch":735,"minecraft:brewing_stand":12,"minecraft:warped_wart_block":2,"minecraft:anvil":3,"minecraft:oak_fence_gate":1,"minecraft:iron_axe":747,"minecraft:spruce_button":5,"minecraft:barrel":19,"minecraft:basalt":6,"minecraft:beef":14,"minecraft:cherry_log":1,"minecraft:cobbled_deepslate":41,"minecraft:water_bucket":40,"minecraft:birch_planks":2,"minecraft:fletching_table":19,"minecraft:polished_blackstone_bricks":35,"minecraft:salmon":4,"minecraft:rail":969,"minecraft:crafting_table":18,"minecraft:oak_slab":10,"minecraft:white_bed":3,"minecraft:spruce_log":312,"minecraft:ender_eye":1,"minecraft:diamond_pickaxe":1461,"minecraft:diamond_shovel":602,"minecraft:iron_pickaxe":3373,"minecraft:spruce_trapdoor":28,"minecraft:spruce_sapling":20,"minecraft:cobblestone":689,"minecraft:potion":2,"minecraft:porkchop":5,"minecraft:cooked_porkchop":54,"minecraft:kelp":104,"minecraft:cherry_sapling":6,"minecraft:iron_shovel":1603,"minecraft:oak_sign":4,"minecraft:shield":239,"minecraft:iron_sword":1333,"minecraft:mutton":1,"minecraft:nether_bricks":6,"minecraft:furnace_minecart":3,"minecraft:tuff":6,"minecraft:obsidian":14,"minecraft:honey_bottle":2,"minecraft:glass":33,"minecraft:lantern":28,"minecraft:iron_helmet":1,"minecraft:golden_sword":130,"minecraft:magma_block":1,"minecraft:stone_pickaxe":168,"minecraft:oak_planks":147,"minecraft:ender_pearl":17,"minecraft:sugar_cane":58,"minecraft:diamond_axe":420,"minecraft:white_wool":58,"minecraft:netherite_leggings":2,"minecraft:loom":2,"minecraft:crossbow":5,"minecraft:end_stone":64,"minecraft:shears":3,"minecraft:redstone_torch":11,"minecraft:lever":3,"minecraft:firework_rocket":63,"minecraft:string":34,"minecraft:bread":94,"minecraft:gravel":16,"minecraft:grindstone":2,"minecraft:andesite":4,"minecraft:air":1,"minecraft:bone_meal":27,"minecraft:experience_bottle":5,"minecraft:oak_fence":1,"minecraft:netherite_sword":674,"minecraft:rose_bush":1,"minecraft:flint_and_steel":1,"minecraft:stone_shovel":41,"minecraft:dried_kelp":10,"minecraft:spruce_planks":198,"minecraft:ender_chest":31,"minecraft:cooked_chicken":1,"minecraft:dried_kelp_block":4,"minecraft:oak_door":1,"minecraft:dirt":511,"minecraft:hopper":13,"minecraft:shulker_box":14,"minecraft:bee_nest":6,"minecraft:granite":2,"minecraft:iron_hoe":94,"minecraft:wooden_axe":55,"minecraft:bookshelf":1,"minecraft:soul_soil":1,"minecraft:netherite_pickaxe":1280,"minecraft:minecart":79,"minecraft:cooked_beef":145,"minecraft:beetroot_soup":1,"minecraft:cooked_mutton":45,"minecraft:glass_bottle":16,"minecraft:netherite_chestplate":12,"minecraft:spruce_sign":1,"minecraft:stonecutter":1,"minecraft:cobblestone_slab":33,"minecraft:black_wool":1,"minecraft:apple":14,"minecraft:cracked_polished_blackstone_bricks":9,"minecraft:chicken":9,"minecraft:netherite_axe":506,"minecraft:stone_axe":405,"minecraft:pink_petals":1004,"minecraft:white_banner":4,"minecraft:bucket":52,"minecraft:splash_potion":14,"minecraft:chainmail_leggings":1},"minecraft:custom":{"minecraft:interact_with_crafting_table":289,"minecraft:open_barrel":4,"minecraft:bell_ring":47,"minecraft:leave_game":65,"minecraft:time_since_death":74404,"minecraft:damage_blocked_by_shield":10848,"minecraft:play_time":2490577,"minecraft:deaths":23,"minecraft:jump":47395,"minecraft:enchant_item":24,"minecraft:interact_with_furnace":534,"minecraft:traded_with_villager":1851,"minecraft:sleep_in_bed":51,"minecraft:damage_dealt":144189,"minecraft:interact_with_smithing_table":20,"minecraft:interact_with_anvil":43,"minecraft:inspect_hopper":4,"minecraft:sneak_time":74701,"minecraft:interact_with_blast_furnace":5,"minecraft:total_world_time":2490577,"minecraft:interact_with_stonecutter":3,"minecraft:time_since_rest":5673,"minecraft:swim_one_cm":710807,"minecraft:fly_one_cm":9103473,"minecraft:open_chest":1608,"minecraft:fall_one_cm":1184940,"minecraft:animals_bred":14,"minecraft:open_shulker_box":42,"minecraft:sprint_one_cm":6324998,"minecraft:drop":1009,"minecraft:talked_to_villager":1505,"minecraft:interact_with_brewingstand":30,"minecraft:walk_on_water_one_cm":478503,"minecraft:interact_with_loom":4,"minecraft:open_enderchest":123,"minecraft:crouch_one_cm":232236,"minecraft:mob_kills":959,"minecraft:interact_with_campfire":16,"minecraft:climb_one_cm":18382,"minecraft:walk_one_cm":6653520,"minecraft:raid_win":1,"minecraft:walk_under_water_one_cm":331865,"minecraft:boat_one_cm":861244,"minecraft:raid_trigger":1,"minecraft:damage_taken":21705,"minecraft:minecart_one_cm":8969,"minecraft:aviate_one_cm":2908546},"minecraft:crafted":{"minecraft:ender_chest":1,"minecraft:oak_sign":6,"minecraft:blaze_powder":12,"minecraft:diamond_shovel":2,"minecraft:bookshelf":2,"minecraft:cooked_mutton":20,"minecraft:shulker_box":1,"minecraft:iron_bars":32,"minecraft:glass":984,"minecraft:diamond_helmet":2,"minecraft:diamond_leggings":2,"minecraft:netherite_boots":1,"minecraft:dried_kelp_block":16,"minecraft:glass_bottle":12,"minecraft:furnace_minecart":1,"minecraft:emerald":1742,"minecraft:cooked_porkchop":56,"minecraft:smithing_table":1,"minecraft:clock":1,"minecraft:fletching_table":3,"minecraft:painting":1,"minecraft:lectern":1,"minecraft:iron_pickaxe":15,"minecraft:iron_block":3,"minecraft:gold_ingot":36,"minecraft:composter":9,"minecraft:experience_bottle":5,"minecraft:bone_meal":27,"minecraft:white_carpet":192,"minecraft:lantern":12,"minecraft:spruce_slab":126,"minecraft:ender_pearl":12,"minecraft:stone_pickaxe":8,"minecraft:diamond_boots":2,"minecraft:spruce_boat":7,"minecraft:chainmail_leggings":96,"minecraft:wheat":551,"minecraft:netherite_pickaxe":2,"minecraft:enchanting_table":1,"minecraft:dried_kelp":219,"minecraft:enchanted_book":17,"minecraft:golden_apple":7,"minecraft:fermented_spider_eye":14,"minecraft:wooden_axe":1,"minecraft:iron_shovel":5,"minecraft:iron_leggings":24,"minecraft:white_bed":4,"minecraft:oak_planks":612,"minecraft:cobblestone_slab":36,"minecraft:barrel":37,"minecraft:cooked_chicken":4,"minecraft:hopper":12,"minecraft:bow":2,"minecraft:iron_boots":37,"minecraft:chest":36,"minecraft:netherite_helmet":2,"minecraft:oak_button":1,"minecraft:rail":256,"minecraft:ender_eye":2,"minecraft:oak_fence":3,"minecraft:golden_boots":2,"minecraft:item_frame":1,"minecraft:oak_slab":66,"minecraft:crafting_table":12,"minecraft:spruce_planks":1064,"minecraft:wooden_pickaxe":2,"minecraft:iron_helmet":35,"minecraft:birch_planks":136,"minecraft:spectral_arrow":18,"minecraft:spruce_trapdoor":58,"minecraft:book":5,"minecraft:iron_chestplate":13,"minecraft:paper":572,"minecraft:diamond_pickaxe":7,"minecraft:charcoal":24,"minecraft:shield":3,"minecraft:stick":556,"minecraft:iron_ingot":338,"minecraft:stone_sword":1,"minecraft:redstone_torch":15,"minecraft:shears":2,"minecraft:cherry_planks":4,"minecraft:netherite_sword":1,"minecraft:spruce_button":3,"minecraft:furnace":4,"minecraft:oak_trapdoor":2,"minecraft:flint_and_steel":1,"minecraft:netherite_chestplate":2,"minecraft:netherite_leggings":2,"minecraft:iron_axe":52,"minecraft:iron_hoe":1,"minecraft:netherite_scrap":1,"minecraft:minecart":3,"minecraft:cooked_beef":146,"minecraft:diamond_sword":2,"minecraft:spruce_sign":3,"minecraft:powered_rail":6,"minecraft:iron_sword":23,"minecraft:bucket":7,"minecraft:stone_axe":2,"minecraft:air":0,"minecraft:bread":101,"minecraft:oak_boat":5,"minecraft:white_wool":9016,"minecraft:anvil":1,"minecraft:torch":772,"minecraft:diamond_chestplate":2,"minecraft:firework_rocket":99},"minecraft:killed":{"minecraft:shulker":9,"minecraft:skeleton":57,"minecraft:chicken":17,"minecraft:magma_cube":7,"minecraft:salmon":16,"minecraft:iron_golem":2,"minecraft:pillager":44,"minecraft:zombie":107,"minecraft:cow":51,"minecraft:vindicator":11,"minecraft:horse":1,"minecraft:wandering_trader":1,"minecraft:enderman":28,"minecraft:zombified_piglin":352,"minecraft:witch":5,"minecraft:spider":40,"minecraft:piglin_brute":4,"minecraft:wolf":1,"minecraft:piglin":19,"minecraft:pig":38,"minecraft:zombie_villager":4,"minecraft:creeper":23,"minecraft:sheep":25,"minecraft:trader_llama":2,"minecraft:stray":2,"minecraft:ghast":5,"minecraft:blaze":33,"minecraft:vex":2,"minecraft:slime":13,"minecraft:phantom":5,"minecraft:drowned":4,"minecraft:wither_skeleton":5,"minecraft:villager":8},"minecraft:picked_up":{"minecraft:iron_chestplate":3,"minecraft:chainmail_boots":1,"minecraft:anvil":3,"minecraft:smithing_table":63,"minecraft:lead":25,"minecraft:diamond_sword":4,"minecraft:oak_stairs":4,"minecraft:enchanted_book":10,"minecraft:brewing_stand":12,"minecraft:golden_sword":32,"minecraft:string":21945,"minecraft:soul_soil":55,"minecraft:cooked_salmon":19,"minecraft:diamond_leggings":6,"minecraft:gold_nugget":444,"minecraft:cobbled_deepslate":143,"minecraft:spruce_planks":73,"minecraft:netherite_upgrade_smithing_template":20,"minecraft:golden_axe":1,"minecraft:cherry_log":17,"minecraft:stone_sword":1,"minecraft:blaze_rod":25,"minecraft:iron_bars":5,"minecraft:snowball":77,"minecraft:birch_log":87,"minecraft:furnace_minecart":3,"minecraft:magma_block":1,"minecraft:feather":19,"minecraft:cooked_beef":48,"minecraft:iron_door":1,"minecraft:water_bucket":3,"minecraft:flint":10,"minecraft:netherite_leggings":2,"minecraft:lantern":37,"minecraft:twisting_vines":5,"minecraft:stonecutter":1,"minecraft:diamond_helmet":3,"minecraft:glowstone_dust":44,"minecraft:warped_wart_block":2,"minecraft:stripped_spruce_log":13,"minecraft:loom":2,"minecraft:fermented_spider_eye":12,"minecraft:barrel":15,"minecraft:lever":3,"minecraft:granite":42,"minecraft:chainmail_helmet":2,"minecraft:spruce_button":4,"minecraft:bread":44,"minecraft:diamond_pickaxe":12,"minecraft:crafting_table":15,"minecraft:bee_nest":6,"minecraft:purpur_block":2,"minecraft:elytra":6,"minecraft:flint_and_steel":1,"minecraft:white_carpet":64,"minecraft:iron_shovel":2,"minecraft:netherite_sword":7,"minecraft:beef":119,"minecraft:poppy":12,"minecraft:spruce_slab":31,"minecraft:minecart":78,"minecraft:chest":14,"minecraft:birch_sapling":6,"minecraft:egg":31,"minecraft:copper_ore":3,"minecraft:sandstone":5,"minecraft:stone":251,"minecraft:oak_door":5,"minecraft:carrot":4,"minecraft:redstone":80,"minecraft:netherite_pickaxe":4,"minecraft:stone_shovel":2,"minecraft:diamond_chestplate":3,"minecraft:beetroot_seeds":2,"minecraft:diamond_boots":3,"minecraft:hay_block":51,"minecraft:purpur_slab":3,"minecraft:gold_ingot":5,"minecraft:totem_of_undying":2,"minecraft:glow_berries":1,"minecraft:mutton":66,"minecraft:white_wool":250,"minecraft:rail":838,"minecraft:stripped_oak_log":1,"minecraft:birch_leaves":3,"minecraft:clock":1,"minecraft:red_mushroom":6,"minecraft:oak_log":324,"minecraft:golden_boots":3,"minecraft:diorite_stairs":4,"minecraft:paper":2,"minecraft:white_banner":7,"minecraft:apple":13,"minecraft:kelp":497,"minecraft:stone_pickaxe":9,"minecraft:oak_fence_gate":4,"minecraft:glass_bottle":3,"minecraft:iron_sword":10,"minecraft:gravel":42,"minecraft:spruce_sapling":26,"minecraft:spruce_log":691,"minecraft:dragon_egg":2,"minecraft:firework_rocket":28,"minecraft:coal_ore":3,"minecraft:slime_ball":9,"minecraft:stone_axe":6,"minecraft:diamond_axe":1,"minecraft:warped_roots":1,"minecraft:hopper":1,"minecraft:ender_pearl":131,"minecraft:shulker_shell":6,"minecraft:wheat":23,"minecraft:ender_chest":36,"minecraft:potion":8,"minecraft:gilded_blackstone":2,"minecraft:raw_copper":19,"minecraft:iron_leggings":7,"minecraft:netherite_ingot":8,"minecraft:bucket":2,"minecraft:eye_armor_trim_smithing_template":4,"minecraft:rose_bush":32,"minecraft:redstone_torch":4,"minecraft:cobblestone_slab":28,"minecraft:ender_eye":2,"minecraft:iron_pickaxe":7,"minecraft:iron_boots":16,"minecraft:furnace":2,"minecraft:tipped_arrow":6,"minecraft:stick":218,"minecraft:oak_fence":1,"minecraft:torch":368,"minecraft:porkchop":117,"minecraft:dried_kelp":297,"minecraft:diorite":18,"minecraft:quartz_block":32,"minecraft:nether_gold_ore":1,"minecraft:rotten_flesh":349,"minecraft:obsidian":27,"minecraft:cod":2,"minecraft:cobblestone":1198,"minecraft:nautilus_shell":1,"minecraft:pink_petals":1272,"minecraft:cherry_planks":1,"minecraft:magma_cream":1,"minecraft:andesite":21,"minecraft:golden_leggings":1,"minecraft:potato":43,"minecraft:tuff":42,"minecraft:lapis_lazuli":204,"minecraft:dirt":1675,"minecraft:leather_boots":2,"minecraft:glass":103,"minecraft:bone":106,"minecraft:bow":11,"minecraft:orange_tulip":3,"minecraft:wheat_seeds":41,"minecraft:raw_gold":27,"minecraft:bell":1,"minecraft:grindstone":2,"minecraft:netherite_axe":2,"minecraft:fletching_table":18,"minecraft:powered_rail":5,"minecraft:oak_planks":343,"minecraft:stone_hoe":1,"minecraft:cooked_porkchop":6,"minecraft:sand":949,"minecraft:grass_block":15,"minecraft:shulker_box":17,"minecraft:spectral_arrow":15,"minecraft:mossy_cobblestone":3,"minecraft:diamond":75,"minecraft:spruce_boat":9,"minecraft:netherite_helmet":2,"minecraft:cracked_polished_blackstone_bricks":34,"minecraft:crossbow":17,"minecraft:bone_meal":2,"minecraft:spruce_sign":3,"minecraft:emerald":640,"minecraft:oak_sapling":82,"minecraft:netherrack":1945,"minecraft:oak_leaves":3,"minecraft:end_stone_bricks":1,"minecraft:charcoal":3,"minecraft:splash_potion":1,"minecraft:chicken":20,"minecraft:chest_minecart":2,"minecraft:packed_ice":2,"minecraft:brown_mushroom":31,"minecraft:wooden_pickaxe":3,"minecraft:shield":7,"minecraft:dragon_breath":1,"minecraft:oak_trapdoor":1,"minecraft:iron_axe":6,"minecraft:blackstone":12,"minecraft:oak_boat":31,"minecraft:light_gray_wool":1,"minecraft:lectern":501,"minecraft:sugar_cane":1223,"minecraft:spruce_trapdoor":7,"minecraft:phantom_membrane":8,"minecraft:raw_iron":278,"minecraft:end_stone":203,"minecraft:bowl":1,"minecraft:polished_blackstone_bricks":50,"minecraft:arrow":98,"minecraft:nether_bricks":6,"minecraft:netherite_boots":2,"minecraft:basalt":6,"minecraft:glow_ink_sac":2,"minecraft:salmon":18,"minecraft:leather":96,"minecraft:birch_planks":19,"minecraft:yellow_bed":6,"minecraft:gunpowder":64,"minecraft:cooked_mutton":33,"minecraft:iron_ingot":30,"minecraft:soul_sand":55,"minecraft:book":23,"minecraft:oak_slab":9,"minecraft:warped_fungus":11,"minecraft:emerald_block":25,"minecraft:pumpkin":1,"minecraft:stone_brick_slab":2,"minecraft:quartz":151,"minecraft:dandelion":5,"minecraft:raw_iron_block":1,"minecraft:blast_furnace":10,"minecraft:white_bed":13,"minecraft:spider_eye":32,"minecraft:dried_kelp_block":11,"minecraft:chainmail_leggings":22,"minecraft:iron_helmet":5,"minecraft:cherry_sapling":6,"minecraft:black_wool":7,"minecraft:coal":472},"minecraft:killed_by":{"minecraft:vindicator":1,"minecraft:zombie":1,"minecraft:zombified_piglin":1,"minecraft:wither_skeleton":1,"minecraft:piglin":1,"minecraft:player":3,"minecraft:enderman":2,"minecraft:skeleton":5}},"DataVersion":3700}