{"stats":{"minecraft:broken":{"minecraft:stone_pickaxe":1,"minecraft:golden_sword":13,"minecraft:stone_axe":3,"minecraft:iron_sword":2,"minecraft:wooden_axe":1,"minecraft:wooden_pickaxe":1,"minecraft:iron_pickaxe":7},"minecraft:dropped":{"minecraft:iron_sword":3,"minecraft:soul_sand":18,"minecraft:cooked_beef":2,"minecraft:glow_ink_sac":2,"minecraft:emerald":1,"minecraft:dirt":181,"minecraft:mutton":1,"minecraft:snowball":16,"minecraft:gold_nugget":5,"minecraft:sand":27,"minecraft:iron_pickaxe":3,"minecraft:white_wool":13,"minecraft:bone":47,"minecraft:oak_door":2,"minecraft:gravel":1,"minecraft:cooked_chicken":3,"minecraft:diorite_stairs":4,"minecraft:rotten_flesh":22,"minecraft:oak_planks":64,"minecraft:glowstone_dust":3,"minecraft:cooked_mutton":3,"minecraft:poppy":2,"minecraft:gunpowder":2,"minecraft:leather_boots":1,"minecraft:arrow":5,"minecraft:glass":267,"minecraft:beef":1,"minecraft:egg":5,"minecraft:wheat_seeds":3,"minecraft:mossy_cobblestone":1,"minecraft:iron_helmet":1,"minecraft:lead":3,"minecraft:cobblestone":17,"minecraft:feather":6,"minecraft:apple":9,"minecraft:coal":22,"minecraft:stick":43,"minecraft:torch":3,"minecraft:cherry_planks":4,"minecraft:iron_leggings":1,"minecraft:raw_iron_block":1,"minecraft:string":50,"minecraft:dandelion":1,"minecraft:tuff":7,"minecraft:iron_boots":1,"minecraft:potato":3,"minecraft:shield":1,"minecraft:iron_chestplate":1,"minecraft:diamond_pickaxe":1,"minecraft:andesite":2,"minecraft:oak_sapling":15,"minecraft:golden_sword":1,"minecraft:spider_eye":1,"minecraft:stone_pickaxe":2,"minecraft:raw_gold":6,"minecraft:black_wool":2},"minecraft:mined":{"minecraft:white_bed":5,"minecraft:brewing_stand":9,"minecraft:obsidian":16,"minecraft:granite":6,"minecraft:grass_block":175,"minecraft:soul_soil":30,"minecraft:tall_seagrass":1,"minecraft:glowstone":1,"minecraft:iron_ore":106,"minecraft:fire":111,"minecraft:pumpkin":1,"minecraft:deepslate_lapis_ore":9,"minecraft:dirt_path":9,"minecraft:deepslate_redstone_ore":13,"minecraft:kelp_plant":102,"minecraft:powder_snow":4,"minecraft:torch":3,"minecraft:poppy":1,"minecraft:chest":3,"minecraft:glass":1,"minecraft:nether_quartz_ore":103,"minecraft:cobblestone":59,"minecraft:sugar_cane":45,"minecraft:oak_planks":13,"minecraft:wall_torch":11,"minecraft:pink_petals":19,"minecraft:birch_log":67,"minecraft:warped_fungus":12,"minecraft:orange_tulip":4,"minecraft:oak_log":201,"minecraft:sand":346,"minecraft:dirt":162,"minecraft:stonecutter":1,"minecraft:netherrack":1619,"minecraft:oak_leaves":104,"minecraft:deepslate":37,"minecraft:nether_gold_ore":18,"minecraft:tuff":10,"minecraft:mossy_cobblestone":2,"minecraft:deepslate_diamond_ore":6,"minecraft:oak_door":5,"minecraft:kelp":9,"minecraft:sandstone":2,"minecraft:hay_block":21,"minecraft:redstone_ore":4,"minecraft:furnace":4,"minecraft:andesite":8,"minecraft:potatoes":12,"minecraft:deepslate_iron_ore":135,"minecraft:rail":1,"minecraft:stone":512,"minecraft:glass_pane":1,"minecraft:soul_sand":20,"minecraft:snow_block":7,"minecraft:crafting_table":6,"minecraft:short_grass":65,"minecraft:emerald_ore":1,"minecraft:warped_roots":1,"minecraft:campfire":1,"minecraft:tall_grass":15,"minecraft:copper_ore":6,"minecraft:deepslate_coal_ore":6,"minecraft:dried_kelp_block":4,"minecraft:lapis_ore":13,"minecraft:deepslate_gold_ore":19,"minecraft:diorite":6,"minecraft:warped_wart_block":2,"minecraft:birch_planks":2,"minecraft:birch_leaves":12,"minecraft:yellow_bed":1,"minecraft:bee_nest":1,"minecraft:black_wool":1,"minecraft:coal_ore":401,"minecraft:gravel":37,"minecraft:gold_ore":4},"minecraft:used":{"minecraft:cherry_sapling":5,"minecraft:iron_shovel":723,"minecraft:oak_sign":4,"minecraft:chest":5,"minecraft:shield":104,"minecraft:iron_sword":1195,"minecraft:rotten_flesh":73,"minecraft:soul_sand":5,"minecraft:mutton":1,"minecraft:tuff":3,"minecraft:obsidian":14,"minecraft:honey_bottle":2,"minecraft:glass":27,"minecraft:grass_block":1,"minecraft:iron_helmet":1,"minecraft:golden_sword":130,"minecraft:bow":4,"minecraft:furnace":5,"minecraft:egg":6,"minecraft:potato":47,"minecraft:oak_planks":72,"minecraft:stone_pickaxe":158,"minecraft:wooden_pickaxe":61,"minecraft:sugar_cane":57,"minecraft:glow_berries":1,"minecraft:bread":45,"minecraft:andesite":4,"minecraft:oak_boat":18,"minecraft:bone_meal":27,"minecraft:oak_fence":1,"minecraft:rose_bush":1,"minecraft:enchanting_table":1,"minecraft:stone_sword":108,"minecraft:flint_and_steel":1,"minecraft:dried_kelp":10,"minecraft:cooked_salmon":11,"minecraft:cooked_chicken":1,"minecraft:dried_kelp_block":4,"minecraft:netherrack":612,"minecraft:oak_door":1,"minecraft:torch":587,"minecraft:brewing_stand":9,"minecraft:dirt":149,"minecraft:warped_wart_block":2,"minecraft:iron_hoe":94,"minecraft:wooden_axe":55,"minecraft:iron_axe":64,"minecraft:beef":2,"minecraft:soul_soil":1,"minecraft:cooked_beef":31,"minecraft:cobbled_deepslate":41,"minecraft:cooked_mutton":21,"minecraft:water_bucket":16,"minecraft:birch_planks":2,"minecraft:glass_bottle":1,"minecraft:stonecutter":1,"minecraft:cobblestone_slab":18,"minecraft:salmon":3,"minecraft:crafting_table":11,"minecraft:white_bed":1,"minecraft:black_wool":1,"minecraft:diamond_pickaxe":33,"minecraft:apple":10,"minecraft:chicken":8,"minecraft:iron_pickaxe":2982,"minecraft:stone_axe":278,"minecraft:pink_petals":148,"minecraft:cobblestone":312,"minecraft:porkchop":5,"minecraft:cooked_porkchop":23,"minecraft:bucket":17,"minecraft:kelp":104},"minecraft:custom":{"minecraft:animals_bred":7,"minecraft:interact_with_crafting_table":101,"minecraft:bell_ring":34,"minecraft:leave_game":26,"minecraft:time_since_death":454813,"minecraft:sprint_one_cm":2181549,"minecraft:damage_blocked_by_shield":3995,"minecraft:drop":176,"minecraft:talked_to_villager":13,"minecraft:play_time":792288,"minecraft:deaths":18,"minecraft:jump":17778,"minecraft:walk_on_water_one_cm":154746,"minecraft:enchant_item":22,"minecraft:interact_with_furnace":320,"minecraft:sleep_in_bed":17,"minecraft:damage_dealt":71386,"minecraft:crouch_one_cm":81112,"minecraft:mob_kills":568,"minecraft:interact_with_anvil":13,"minecraft:interact_with_campfire":16,"minecraft:climb_one_cm":10606,"minecraft:walk_one_cm":2209061,"minecraft:sneak_time":26948,"minecraft:walk_under_water_one_cm":247466,"minecraft:boat_one_cm":148320,"minecraft:total_world_time":792288,"minecraft:time_since_rest":25472,"minecraft:damage_taken":12357,"minecraft:swim_one_cm":356550,"minecraft:fly_one_cm":3207460,"minecraft:open_chest":338,"minecraft:fall_one_cm":452193},"minecraft:crafted":{"minecraft:oak_planks":464,"minecraft:cobblestone_slab":18,"minecraft:oak_sign":6,"minecraft:cooked_chicken":4,"minecraft:cooked_mutton":20,"minecraft:glass":312,"minecraft:bow":1,"minecraft:iron_boots":5,"minecraft:chest":5,"minecraft:oak_button":1,"minecraft:dried_kelp_block":16,"minecraft:oak_fence":3,"minecraft:golden_boots":2,"minecraft:glass_bottle":3,"minecraft:cooked_porkchop":26,"minecraft:crafting_table":7,"minecraft:wooden_pickaxe":2,"minecraft:iron_helmet":4,"minecraft:birch_planks":136,"minecraft:spectral_arrow":18,"minecraft:iron_chestplate":4,"minecraft:book":1,"minecraft:paper":3,"minecraft:diamond_pickaxe":2,"minecraft:charcoal":24,"minecraft:shield":3,"minecraft:stick":248,"minecraft:iron_ingot":305,"minecraft:iron_pickaxe":13,"minecraft:stone_sword":1,"minecraft:gold_ingot":29,"minecraft:cherry_planks":4,"minecraft:furnace":3,"minecraft:bone_meal":27,"minecraft:flint_and_steel":1,"minecraft:iron_axe":2,"minecraft:iron_hoe":1,"minecraft:stone_pickaxe":2,"minecraft:wheat":191,"minecraft:cooked_beef":35,"minecraft:enchanting_table":1,"minecraft:dried_kelp":219,"minecraft:iron_sword":11,"minecraft:bucket":2,"minecraft:stone_axe":2,"minecraft:bread":37,"minecraft:air":0,"minecraft:oak_boat":4,"minecraft:wooden_axe":1,"minecraft:iron_shovel":3,"minecraft:iron_leggings":6,"minecraft:white_bed":1,"minecraft:torch":664},"minecraft:killed":{"minecraft:zombified_piglin":351,"minecraft:spider":14,"minecraft:skeleton":28,"minecraft:chicken":14,"minecraft:magma_cube":5,"minecraft:piglin":6,"minecraft:pig":30,"minecraft:salmon":16,"minecraft:iron_golem":1,"minecraft:creeper":3,"minecraft:sheep":23,"minecraft:zombie":32,"minecraft:cow":22,"minecraft:slime":13,"minecraft:phantom":2,"minecraft:drowned":4},"minecraft:picked_up":{"minecraft:iron_chestplate":2,"minecraft:wheat":7,"minecraft:lead":18,"minecraft:brewing_stand":9,"minecraft:golden_sword":31,"minecraft:string":59,"minecraft:soul_soil":55,"minecraft:raw_copper":4,"minecraft:cooked_salmon":19,"minecraft:iron_leggings":3,"minecraft:gold_nugget":364,"minecraft:cobbled_deepslate":46,"minecraft:bucket":1,"minecraft:rose_bush":1,"minecraft:cobblestone_slab":12,"minecraft:iron_pickaxe":6,"minecraft:iron_boots":2,"minecraft:furnace":2,"minecraft:stick":80,"minecraft:torch":286,"minecraft:porkchop":70,"minecraft:dried_kelp":297,"minecraft:cherry_log":1,"minecraft:stone_sword":1,"minecraft:rotten_flesh":235,"minecraft:obsidian":15,"minecraft:snowball":28,"minecraft:cobblestone":543,"minecraft:nautilus_shell":1,"minecraft:birch_log":87,"minecraft:pink_petals":210,"minecraft:feather":17,"minecraft:cooked_beef":21,"minecraft:magma_cream":1,"minecraft:andesite":6,"minecraft:golden_leggings":1,"minecraft:potato":42,"minecraft:flint":7,"minecraft:tuff":10,"minecraft:lapis_lazuli":204,"minecraft:dirt":486,"minecraft:twisting_vines":4,"minecraft:bone":50,"minecraft:glass":102,"minecraft:stonecutter":1,"minecraft:bow":2,"minecraft:orange_tulip":3,"minecraft:wheat_seeds":11,"minecraft:raw_gold":27,"minecraft:glowstone_dust":42,"minecraft:powered_rail":1,"minecraft:oak_planks":304,"minecraft:cooked_porkchop":2,"minecraft:warped_wart_block":2,"minecraft:sand":370,"minecraft:grass_block":1,"minecraft:spectral_arrow":15,"minecraft:mossy_cobblestone":2,"minecraft:diamond":8,"minecraft:crossbow":1,"minecraft:granite":10,"minecraft:spruce_sign":1,"minecraft:emerald":1,"minecraft:oak_sapling":82,"minecraft:netherrack":1614,"minecraft:diamond_pickaxe":1,"minecraft:charcoal":3,"minecraft:crafting_table":9,"minecraft:chicken":18,"minecraft:chest_minecart":2,"minecraft:wooden_pickaxe":3,"minecraft:shield":3,"minecraft:iron_axe":1,"minecraft:flint_and_steel":1,"minecraft:iron_shovel":1,"minecraft:beef":47,"minecraft:oak_boat":14,"minecraft:poppy":1,"minecraft:light_gray_wool":1,"minecraft:chest":3,"minecraft:sugar_cane":58,"minecraft:birch_sapling":6,"minecraft:egg":14,"minecraft:raw_iron":260,"minecraft:sandstone":5,"minecraft:oak_door":5,"minecraft:redstone":77,"minecraft:arrow":37,"minecraft:hay_block":28,"minecraft:gold_ingot":5,"minecraft:glow_berries":1,"minecraft:mutton":61,"minecraft:white_wool":59,"minecraft:rail":1,"minecraft:glow_ink_sac":2,"minecraft:salmon":16,"minecraft:leather":41,"minecraft:birch_planks":19,"minecraft:oak_log":288,"minecraft:yellow_bed":1,"minecraft:golden_boots":1,"minecraft:gunpowder":8,"minecraft:diorite_stairs":4,"minecraft:cooked_mutton":21,"minecraft:apple":10,"minecraft:kelp":497,"minecraft:iron_ingot":4,"minecraft:stone_pickaxe":4,"minecraft:glass_bottle":3,"minecraft:soul_sand":55,"minecraft:iron_sword":7,"minecraft:warped_fungus":11,"minecraft:pumpkin":1,"minecraft:quartz":151,"minecraft:raw_iron_block":1,"minecraft:gravel":13,"minecraft:white_bed":5,"minecraft:spider_eye":7,"minecraft:dried_kelp_block":11,"minecraft:slime_ball":9,"minecraft:stone_axe":3,"minecraft:iron_helmet":2,"minecraft:cherry_sapling":5,"minecraft:warped_roots":1,"minecraft:black_wool":7,"minecraft:coal":436},"minecraft:killed_by":{"minecraft:zombified_piglin":1,"minecraft:wither_skeleton":1,"minecraft:piglin":1,"minecraft:player":3,"minecraft:enderman":1,"minecraft:skeleton":4}},"DataVersion":3700}