{"stats":{"minecraft:dropped":{"minecraft:iron_sword":3,"minecraft:soul_sand":18,"minecraft:cooked_beef":2,"minecraft:glow_ink_sac":2,"minecraft:emerald":1,"minecraft:dirt":181,"minecraft:mutton":1,"minecraft:snowball":16,"minecraft:gold_nugget":5,"minecraft:sand":30,"minecraft:iron_pickaxe":3,"minecraft:white_wool":13,"minecraft:bone":48,"minecraft:oak_door":3,"minecraft:gravel":1,"minecraft:cooked_chicken":3,"minecraft:diorite_stairs":4,"minecraft:rotten_flesh":22,"minecraft:oak_planks":64,"minecraft:glowstone_dust":3,"minecraft:cooked_mutton":3,"minecraft:white_bed":1,"minecraft:poppy":2,"minecraft:oak_fence_gate":3,"minecraft:gunpowder":2,"minecraft:leather_boots":1,"minecraft:arrow":8,"minecraft:glass":267,"minecraft:beef":1,"minecraft:netherrack":2,"minecraft:egg":12,"minecraft:wheat_seeds":6,"minecraft:mossy_cobblestone":1,"minecraft:iron_helmet":1,"minecraft:feather":6,"minecraft:cobblestone":31,"minecraft:lead":3,"minecraft:apple":9,"minecraft:coal":22,"minecraft:stick":43,"minecraft:torch":3,"minecraft:cherry_planks":4,"minecraft:iron_leggings":1,"minecraft:iron_axe":1,"minecraft:raw_iron_block":1,"minecraft:string":57,"minecraft:pink_petals":1,"minecraft:bucket":1,"minecraft:dandelion":1,"minecraft:tuff":7,"minecraft:iron_boots":1,"minecraft:potato":4,"minecraft:shield":1,"minecraft:spruce_planks":2,"minecraft:iron_chestplate":1,"minecraft:diamond_pickaxe":1,"minecraft:andesite":2,"minecraft:oak_sapling":15,"minecraft:oak_boat":1,"minecraft:golden_sword":1,"minecraft:spider_eye":1,"minecraft:stone_pickaxe":2,"minecraft:raw_gold":6,"minecraft:black_wool":2},"minecraft:used":{"minecraft:cherry_sapling":5,"minecraft:iron_shovel":1434,"minecraft:oak_sign":4,"minecraft:chest":7,"minecraft:shield":132,"minecraft:iron_sword":1315,"minecraft:rotten_flesh":73,"minecraft:soul_sand":5,"minecraft:mutton":1,"minecraft:tuff":3,"minecraft:obsidian":14,"minecraft:honey_bottle":2,"minecraft:glass":27,"minecraft:grass_block":1,"minecraft:iron_helmet":1,"minecraft:golden_sword":130,"minecraft:magma_block":1,"minecraft:bow":4,"minecraft:furnace":5,"minecraft:egg":6,"minecraft:potato":47,"minecraft:oak_planks":147,"minecraft:stone_pickaxe":158,"minecraft:powered_rail":1,"minecraft:wooden_pickaxe":61,"minecraft:sugar_cane":57,"minecraft:glow_berries":1,"minecraft:bread":45,"minecraft:andesite":4,"minecraft:oak_boat":35,"minecraft:bone_meal":27,"minecraft:oak_fence":1,"minecraft:oak_trapdoor":3,"minecraft:rose_bush":1,"minecraft:enchanting_table":1,"minecraft:stone_sword":108,"minecraft:flint_and_steel":1,"minecraft:dried_kelp":10,"minecraft:spruce_planks":34,"minecraft:cooked_salmon":11,"minecraft:cooked_chicken":1,"minecraft:dried_kelp_block":4,"minecraft:netherrack":612,"minecraft:oak_door":1,"minecraft:torch":656,"minecraft:brewing_stand":9,"minecraft:dirt":249,"minecraft:warped_wart_block":2,"minecraft:oak_fence_gate":1,"minecraft:iron_hoe":94,"minecraft:wooden_axe":55,"minecraft:iron_axe":282,"minecraft:spruce_button":3,"minecraft:beef":2,"minecraft:soul_soil":1,"minecraft:minecart":16,"minecraft:cooked_beef":41,"minecraft:cobbled_deepslate":41,"minecraft:cherry_log":1,"minecraft:cooked_mutton":43,"minecraft:water_bucket":16,"minecraft:birch_planks":2,"minecraft:glass_bottle":1,"minecraft:stonecutter":1,"minecraft:cobblestone_slab":18,"minecraft:salmon":3,"minecraft:rail":50,"minecraft:crafting_table":14,"minecraft:white_bed":2,"minecraft:black_wool":1,"minecraft:diamond_pickaxe":33,"minecraft:apple":10,"minecraft:chicken":8,"minecraft:iron_pickaxe":3100,"minecraft:stone_axe":278,"minecraft:pink_petals":222,"minecraft:cobblestone":363,"minecraft:porkchop":5,"minecraft:cooked_porkchop":23,"minecraft:bucket":22,"minecraft:kelp":104},"minecraft:broken":{"minecraft:iron_shovel":1,"minecraft:stone_pickaxe":1,"minecraft:golden_sword":13,"minecraft:stone_axe":3,"minecraft:iron_sword":2,"minecraft:wooden_axe":1,"minecraft:wooden_pickaxe":1,"minecraft:iron_axe":1,"minecraft:iron_pickaxe":7},"minecraft:killed_by":{"minecraft:zombified_piglin":1,"minecraft:wither_skeleton":1,"minecraft:piglin":1,"minecraft:player":3,"minecraft:enderman":1,"minecraft:skeleton":4},"minecraft:killed":{"minecraft:zombified_piglin":351,"minecraft:spider":16,"minecraft:skeleton":33,"minecraft:chicken":14,"minecraft:magma_cube":5,"minecraft:piglin":6,"minecraft:pig":30,"minecraft:salmon":16,"minecraft:iron_golem":2,"minecraft:creeper":3,"minecraft:sheep":24,"minecraft:zombie":49,"minecraft:cow":24,"minecraft:slime":13,"minecraft:phantom":2,"minecraft:drowned":4,"minecraft:enderman":1},"minecraft:crafted":{"minecraft:oak_planks":604,"minecraft:cobblestone_slab":18,"minecraft:oak_sign":6,"minecraft:cooked_chicken":4,"minecraft:cooked_mutton":20,"minecraft:glass":888,"minecraft:hopper":12,"minecraft:bow":1,"minecraft:iron_boots":5,"minecraft:chest":27,"minecraft:oak_button":1,"minecraft:rail":64,"minecraft:dried_kelp_block":16,"minecraft:oak_fence":3,"minecraft:golden_boots":2,"minecraft:glass_bottle":3,"minecraft:oak_slab":66,"minecraft:cooked_porkchop":26,"minecraft:crafting_table":9,"minecraft:spruce_planks":16,"minecraft:wooden_pickaxe":2,"minecraft:iron_helmet":4,"minecraft:birch_planks":136,"minecraft:spectral_arrow":18,"minecraft:iron_chestplate":4,"minecraft:book":1,"minecraft:paper":3,"minecraft:diamond_pickaxe":2,"minecraft:charcoal":24,"minecraft:shield":3,"minecraft:stick":396,"minecraft:iron_ingot":325,"minecraft:iron_pickaxe":13,"minecraft:stone_sword":1,"minecraft:gold_ingot":29,"minecraft:redstone_torch":4,"minecraft:composter":9,"minecraft:shears":1,"minecraft:cherry_planks":4,"minecraft:spruce_button":1,"minecraft:furnace":3,"minecraft:bone_meal":27,"minecraft:oak_trapdoor":2,"minecraft:flint_and_steel":1,"minecraft:iron_axe":3,"minecraft:iron_hoe":1,"minecraft:stone_pickaxe":2,"minecraft:minecart":1,"minecraft:wheat":398,"minecraft:cooked_beef":45,"minecraft:enchanting_table":1,"minecraft:dried_kelp":219,"minecraft:iron_sword":11,"minecraft:bucket":7,"minecraft:stone_axe":2,"minecraft:air":0,"minecraft:bread":101,"minecraft:oak_boat":5,"minecraft:wooden_axe":1,"minecraft:iron_shovel":5,"minecraft:iron_leggings":6,"minecraft:white_bed":4,"minecraft:torch":700},"minecraft:custom":{"minecraft:animals_bred":7,"minecraft:interact_with_crafting_table":133,"minecraft:bell_ring":34,"minecraft:leave_game":27,"minecraft:time_since_death":627323,"minecraft:sprint_one_cm":2614341,"minecraft:damage_blocked_by_shield":4817,"minecraft:drop":203,"minecraft:talked_to_villager":16,"minecraft:play_time":964798,"minecraft:deaths":18,"minecraft:jump":21371,"minecraft:walk_on_water_one_cm":171378,"minecraft:enchant_item":24,"minecraft:interact_with_furnace":373,"minecraft:sleep_in_bed":21,"minecraft:damage_dealt":77465,"minecraft:crouch_one_cm":93160,"minecraft:interact_with_anvil":14,"minecraft:mob_kills":598,"minecraft:interact_with_campfire":16,"minecraft:climb_one_cm":10606,"minecraft:walk_one_cm":2677183,"minecraft:sneak_time":31620,"minecraft:walk_under_water_one_cm":285837,"minecraft:boat_one_cm":251012,"minecraft:total_world_time":964798,"minecraft:interact_with_stonecutter":2,"minecraft:time_since_rest":91301,"minecraft:damage_taken":13769,"minecraft:minecart_one_cm":14,"minecraft:swim_one_cm":370472,"minecraft:fly_one_cm":3940104,"minecraft:open_chest":414,"minecraft:fall_one_cm":550842},"minecraft:mined":{"minecraft:spruce_planks":14,"minecraft:white_bed":13,"minecraft:cherry_log":1,"minecraft:brewing_stand":9,"minecraft:obsidian":16,"minecraft:granite":6,"minecraft:grass_block":209,"minecraft:soul_soil":30,"minecraft:tall_seagrass":1,"minecraft:magma_block":1,"minecraft:glowstone":1,"minecraft:iron_ore":107,"minecraft:fire":111,"minecraft:pumpkin":1,"minecraft:deepslate_lapis_ore":9,"minecraft:dirt_path":26,"minecraft:oak_stairs":4,"minecraft:deepslate_redstone_ore":13,"minecraft:kelp_plant":102,"minecraft:powder_snow":4,"minecraft:torch":3,"minecraft:poppy":1,"minecraft:chest":3,"minecraft:glass":1,"minecraft:nether_quartz_ore":103,"minecraft:cobblestone":97,"minecraft:sugar_cane":45,"minecraft:oak_planks":58,"minecraft:wall_torch":12,"minecraft:pink_petals":51,"minecraft:powered_rail":1,"minecraft:birch_log":67,"minecraft:warped_fungus":12,"minecraft:orange_tulip":4,"minecraft:oak_log":235,"minecraft:oak_fence_gate":2,"minecraft:sand":926,"minecraft:dirt":253,"minecraft:stonecutter":1,"minecraft:netherrack":1620,"minecraft:oak_leaves":120,"minecraft:deepslate":37,"minecraft:nether_gold_ore":18,"minecraft:tuff":10,"minecraft:mossy_cobblestone":3,"minecraft:deepslate_diamond_ore":6,"minecraft:oak_door":5,"minecraft:kelp":9,"minecraft:sandstone":2,"minecraft:hay_block":44,"minecraft:redstone_ore":4,"minecraft:oak_trapdoor":1,"minecraft:furnace":4,"minecraft:snow":2,"minecraft:andesite":8,"minecraft:potatoes":12,"minecraft:deepslate_iron_ore":135,"minecraft:rail":4,"minecraft:stone":541,"minecraft:glass_pane":3,"minecraft:soul_sand":20,"minecraft:snow_block":9,"minecraft:crafting_table":6,"minecraft:short_grass":81,"minecraft:spruce_button":3,"minecraft:emerald_ore":2,"minecraft:warped_roots":1,"minecraft:campfire":1,"minecraft:tall_grass":17,"minecraft:copper_ore":6,"minecraft:deepslate_coal_ore":6,"minecraft:dried_kelp_block":4,"minecraft:lapis_ore":13,"minecraft:deepslate_gold_ore":19,"minecraft:diorite":6,"minecraft:warped_wart_block":2,"minecraft:birch_planks":2,"minecraft:spruce_log":81,"minecraft:birch_leaves":12,"minecraft:bee_nest":1,"minecraft:yellow_bed":6,"minecraft:black_wool":1,"minecraft:coal_ore":437,"minecraft:cherry_leaves":4,"minecraft:gravel":37,"minecraft:gold_ore":4},"minecraft:picked_up":{"minecraft:iron_chestplate":2,"minecraft:wheat":7,"minecraft:lead":18,"minecraft:oak_stairs":4,"minecraft:brewing_stand":9,"minecraft:golden_sword":31,"minecraft:string":66,"minecraft:soul_soil":55,"minecraft:raw_copper":4,"minecraft:cooked_salmon":19,"minecraft:iron_leggings":3,"minecraft:gold_nugget":364,"minecraft:cobbled_deepslate":46,"minecraft:bucket":2,"minecraft:spruce_planks":12,"minecraft:rose_bush":1,"minecraft:cobblestone_slab":12,"minecraft:iron_pickaxe":6,"minecraft:furnace":2,"minecraft:iron_boots":2,"minecraft:stick":80,"minecraft:torch":288,"minecraft:porkchop":70,"minecraft:dried_kelp":297,"minecraft:cherry_log":2,"minecraft:stone_sword":1,"minecraft:rotten_flesh":252,"minecraft:obsidian":15,"minecraft:snowball":77,"minecraft:cobblestone":601,"minecraft:nautilus_shell":1,"minecraft:birch_log":87,"minecraft:pink_petals":292,"minecraft:magma_block":1,"minecraft:feather":17,"minecraft:cooked_beef":21,"minecraft:magma_cream":1,"minecraft:andesite":6,"minecraft:golden_leggings":1,"minecraft:potato":43,"minecraft:flint":7,"minecraft:tuff":10,"minecraft:lapis_lazuli":204,"minecraft:dirt":619,"minecraft:twisting_vines":4,"minecraft:glass":102,"minecraft:bone":53,"minecraft:stonecutter":1,"minecraft:bow":3,"minecraft:wheat_seeds":13,"minecraft:orange_tulip":3,"minecraft:raw_gold":27,"minecraft:glowstone_dust":42,"minecraft:powered_rail":2,"minecraft:oak_planks":342,"minecraft:cooked_porkchop":2,"minecraft:warped_wart_block":2,"minecraft:sand":949,"minecraft:grass_block":1,"minecraft:spectral_arrow":15,"minecraft:mossy_cobblestone":3,"minecraft:diamond":8,"minecraft:crossbow":1,"minecraft:granite":10,"minecraft:spruce_button":3,"minecraft:spruce_sign":1,"minecraft:emerald":2,"minecraft:oak_sapling":82,"minecraft:netherrack":1616,"minecraft:diamond_pickaxe":1,"minecraft:charcoal":3,"minecraft:crafting_table":9,"minecraft:chicken":18,"minecraft:chest_minecart":2,"minecraft:wooden_pickaxe":3,"minecraft:shield":3,"minecraft:oak_trapdoor":1,"minecraft:iron_axe":2,"minecraft:flint_and_steel":1,"minecraft:iron_shovel":1,"minecraft:beef":52,"minecraft:oak_boat":31,"minecraft:poppy":3,"minecraft:light_gray_wool":1,"minecraft:minecart":16,"minecraft:chest":3,"minecraft:sugar_cane":58,"minecraft:birch_sapling":6,"minecraft:egg":21,"minecraft:raw_iron":261,"minecraft:sandstone":5,"minecraft:oak_door":5,"minecraft:redstone":77,"minecraft:arrow":40,"minecraft:hay_block":51,"minecraft:gold_ingot":5,"minecraft:glow_berries":1,"minecraft:mutton":63,"minecraft:rail":4,"minecraft:white_wool":73,"minecraft:stripped_oak_log":1,"minecraft:glow_ink_sac":2,"minecraft:salmon":16,"minecraft:leather":42,"minecraft:birch_planks":19,"minecraft:oak_log":322,"minecraft:golden_boots":1,"minecraft:yellow_bed":6,"minecraft:gunpowder":8,"minecraft:diorite_stairs":4,"minecraft:cooked_mutton":33,"minecraft:apple":10,"minecraft:kelp":497,"minecraft:oak_fence_gate":4,"minecraft:iron_ingot":7,"minecraft:stone_pickaxe":4,"minecraft:glass_bottle":3,"minecraft:iron_sword":7,"minecraft:soul_sand":55,"minecraft:warped_fungus":11,"minecraft:pumpkin":1,"minecraft:quartz":151,"minecraft:raw_iron_block":1,"minecraft:gravel":13,"minecraft:white_bed":13,"minecraft:spruce_log":83,"minecraft:spider_eye":7,"minecraft:dried_kelp_block":11,"minecraft:slime_ball":9,"minecraft:stone_axe":3,"minecraft:iron_helmet":2,"minecraft:cherry_sapling":5,"minecraft:warped_roots":1,"minecraft:black_wool":7,"minecraft:coal":472,"minecraft:ender_pearl":1}},"DataVersion":3700}