{"stats":{"minecraft:crafted":{"minecraft:ender_chest":1,"minecraft:oak_planks":612,"minecraft:barrel":1,"minecraft:cobblestone_slab":30,"minecraft:oak_sign":6,"minecraft:cooked_chicken":4,"minecraft:blaze_powder":12,"minecraft:bookshelf":2,"minecraft:cooked_mutton":20,"minecraft:glass":888,"minecraft:hopper":12,"minecraft:diamond_helmet":2,"minecraft:diamond_leggings":2,"minecraft:bow":2,"minecraft:iron_boots":6,"minecraft:netherite_boots":1,"minecraft:chest":35,"minecraft:netherite_helmet":1,"minecraft:oak_button":1,"minecraft:rail":256,"minecraft:dried_kelp_block":16,"minecraft:ender_eye":2,"minecraft:oak_fence":3,"minecraft:golden_boots":2,"minecraft:glass_bottle":3,"minecraft:furnace_minecart":1,"minecraft:item_frame":1,"minecraft:oak_slab":66,"minecraft:emerald":749,"minecraft:cooked_porkchop":26,"minecraft:crafting_table":12,"minecraft:spruce_planks":712,"minecraft:wooden_pickaxe":2,"minecraft:iron_helmet":16,"minecraft:smithing_table":1,"minecraft:clock":1,"minecraft:fletching_table":3,"minecraft:birch_planks":136,"minecraft:spectral_arrow":18,"minecraft:painting":1,"minecraft:spruce_trapdoor":50,"minecraft:lectern":1,"minecraft:iron_chestplate":13,"minecraft:book":4,"minecraft:paper":572,"minecraft:diamond_pickaxe":7,"minecraft:charcoal":24,"minecraft:shield":3,"minecraft:stick":556,"minecraft:iron_ingot":338,"minecraft:iron_pickaxe":15,"minecraft:stone_sword":1,"minecraft:gold_ingot":36,"minecraft:redstone_torch":15,"minecraft:composter":9,"minecraft:shears":2,"minecraft:cherry_planks":4,"minecraft:netherite_sword":1,"minecraft:experience_bottle":5,"minecraft:spruce_button":3,"minecraft:furnace":4,"minecraft:bone_meal":27,"minecraft:white_carpet":192,"minecraft:oak_trapdoor":2,"minecraft:flint_and_steel":1,"minecraft:netherite_chestplate":1,"minecraft:netherite_leggings":1,"minecraft:iron_axe":4,"minecraft:iron_hoe":1,"minecraft:spruce_slab":24,"minecraft:ender_pearl":12,"minecraft:stone_pickaxe":8,"minecraft:diamond_boots":2,"minecraft:spruce_boat":5,"minecraft:chainmail_leggings":12,"minecraft:minecart":3,"minecraft:wheat":398,"minecraft:cooked_beef":111,"minecraft:netherite_pickaxe":2,"minecraft:diamond_sword":2,"minecraft:spruce_sign":3,"minecraft:enchanting_table":1,"minecraft:dried_kelp":219,"minecraft:powered_rail":6,"minecraft:iron_sword":11,"minecraft:bucket":7,"minecraft:stone_axe":2,"minecraft:enchanted_book":10,"minecraft:air":0,"minecraft:bread":101,"minecraft:oak_boat":5,"minecraft:white_wool":9016,"minecraft:fermented_spider_eye":5,"minecraft:wooden_axe":1,"minecraft:iron_shovel":5,"minecraft:iron_leggings":6,"minecraft:white_bed":4,"minecraft:torch":772,"minecraft:diamond_chestplate":2},"minecraft:custom":{"minecraft:animals_bred":8,"minecraft:interact_with_crafting_table":263,"minecraft:open_barrel":2,"minecraft:bell_ring":46,"minecraft:leave_game":55,"minecraft:time_since_death":1640860,"minecraft:sprint_one_cm":5113796,"minecraft:damage_blocked_by_shield":6958,"minecraft:drop":645,"minecraft:talked_to_villager":1245,"minecraft:play_time":1978335,"minecraft:deaths":18,"minecraft:jump":37338,"minecraft:interact_with_brewingstand":23,"minecraft:walk_on_water_one_cm":431306,"minecraft:enchant_item":24,"minecraft:interact_with_furnace":477,"minecraft:traded_with_villager":601,"minecraft:interact_with_loom":1,"minecraft:sleep_in_bed":40,"minecraft:open_enderchest":53,"minecraft:damage_dealt":99725,"minecraft:crouch_one_cm":216778,"minecraft:interact_with_smithing_table":13,"minecraft:interact_with_anvil":37,"minecraft:mob_kills":749,"minecraft:inspect_hopper":4,"minecraft:interact_with_campfire":16,"minecraft:climb_one_cm":13378,"minecraft:walk_one_cm":5330680,"minecraft:sneak_time":69812,"minecraft:walk_under_water_one_cm":318434,"minecraft:boat_one_cm":665420,"minecraft:interact_with_blast_furnace":2,"minecraft:total_world_time":1978335,"minecraft:interact_with_stonecutter":3,"minecraft:time_since_rest":64813,"minecraft:damage_taken":16213,"minecraft:minecart_one_cm":8969,"minecraft:swim_one_cm":627611,"minecraft:fly_one_cm":6812879,"minecraft:open_chest":1163,"minecraft:fall_one_cm":923201},"minecraft:dropped":{"minecraft:spruce_sign":2,"minecraft:iron_sword":3,"minecraft:soul_sand":18,"minecraft:lapis_lazuli":3,"minecraft:diamond_axe":1,"minecraft:cooked_beef":3,"minecraft:glow_ink_sac":2,"minecraft:ender_pearl":7,"minecraft:crossbow":1,"minecraft:netherite_upgrade_smithing_template":1,"minecraft:leather":6,"minecraft:red_mushroom":6,"minecraft:item_frame":1,"minecraft:emerald":79,"minecraft:dirt":689,"minecraft:mutton":5,"minecraft:snowball":16,"minecraft:gold_nugget":7,"minecraft:gilded_blackstone":2,"minecraft:sand":30,"minecraft:polished_blackstone_bricks":15,"minecraft:iron_pickaxe":6,"minecraft:white_wool":187,"minecraft:gold_ingot":4,"minecraft:bone":65,"minecraft:oak_door":3,"minecraft:gravel":14,"minecraft:sugar_cane":528,"minecraft:cobbled_deepslate":97,"minecraft:cooked_chicken":3,"minecraft:golden_chestplate":2,"minecraft:netherite_sword":1,"minecraft:wheat":15,"minecraft:obsidian":4,"minecraft:diorite_stairs":4,"minecraft:rotten_flesh":48,"minecraft:oak_planks":68,"minecraft:glowstone_dust":3,"minecraft:cooked_mutton":3,"minecraft:white_bed":1,"minecraft:poppy":4,"minecraft:oak_fence_gate":3,"minecraft:gunpowder":2,"minecraft:coal_ore":3,"minecraft:leather_boots":1,"minecraft:chest":4,"minecraft:painting":1,"minecraft:spruce_slab":6,"minecraft:arrow":47,"minecraft:glass":268,"minecraft:beef":1,"minecraft:oak_leaves":3,"minecraft:netherrack":36,"minecraft:lectern":2,"minecraft:egg":12,"minecraft:enchanted_book":2,"minecraft:water_bucket":2,"minecraft:stone_hoe":1,"minecraft:iron_ingot":19,"minecraft:bread":59,"minecraft:oak_slab":1,"minecraft:wheat_seeds":19,"minecraft:birch_leaves":3,"minecraft:clock":1,"minecraft:cherry_log":15,"minecraft:mossy_cobblestone":1,"minecraft:diamond_leggings":5,"minecraft:feather":6,"minecraft:iron_helmet":17,"minecraft:cobblestone":315,"minecraft:lead":3,"minecraft:apple":9,"minecraft:granite":28,"minecraft:spruce_button":2,"minecraft:grass_block":8,"minecraft:coal":22,"minecraft:stick":222,"minecraft:diorite":18,"minecraft:nether_gold_ore":1,"minecraft:torch":11,"minecraft:rose_bush":31,"minecraft:cherry_planks":4,"minecraft:iron_door":1,"minecraft:diamond_helmet":4,"minecraft:iron_leggings":4,"minecraft:white_banner":1,"minecraft:iron_axe":1,"minecraft:raw_iron_block":1,"minecraft:chainmail_leggings":14,"minecraft:paper":3,"minecraft:string":3295,"minecraft:pink_petals":1,"minecraft:bucket":1,"minecraft:stone_brick_slab":1,"minecraft:spruce_sapling":5,"minecraft:dandelion":4,"minecraft:ender_chest":1,"minecraft:nether_wart":3,"minecraft:raw_copper":15,"minecraft:raw_iron":5,"minecraft:tuff":36,"minecraft:stone_shovel":2,"minecraft:white_carpet":256,"minecraft:iron_boots":4,"minecraft:ender_eye":2,"minecraft:shears":1,"minecraft:copper_ore":3,"minecraft:diamond_sword":5,"minecraft:potato":4,"minecraft:cobblestone_slab":11,"minecraft:spruce_boat":1,"minecraft:stone":181,"minecraft:shield":3,"minecraft:diamond_chestplate":4,"minecraft:spruce_planks":8,"minecraft:diamond_pickaxe":14,"minecraft:iron_chestplate":12,"minecraft:andesite":16,"minecraft:oak_boat":1,"minecraft:oak_sapling":15,"minecraft:golden_sword":2,"minecraft:spider_eye":1,"minecraft:spruce_log":1,"minecraft:diamond_boots":4,"minecraft:bow":4,"minecraft:stone_pickaxe":13,"minecraft:raw_gold":6,"minecraft:black_wool":2},"minecraft:killed_by":{"minecraft:zombified_piglin":1,"minecraft:wither_skeleton":1,"minecraft:piglin":1,"minecraft:player":3,"minecraft:enderman":1,"minecraft:skeleton":4},"minecraft:broken":{"minecraft:iron_shovel":1,"minecraft:stone_pickaxe":1,"minecraft:golden_sword":13,"minecraft:stone_axe":4,"minecraft:iron_sword":3,"minecraft:wooden_axe":1,"minecraft:wooden_pickaxe":1,"minecraft:iron_axe":3,"minecraft:iron_pickaxe":8},"minecraft:mined":{"minecraft:spruce_planks":40,"minecraft:white_bed":13,"minecraft:cherry_log":17,"minecraft:spruce_trapdoor":4,"minecraft:brewing_stand":12,"minecraft:obsidian":28,"minecraft:granite":17,"minecraft:grass_block":475,"minecraft:cracked_polished_blackstone_bricks":44,"minecraft:soul_soil":30,"minecraft:hopper":1,"minecraft:gilded_blackstone":5,"minecraft:polished_blackstone_bricks":69,"minecraft:tall_seagrass":1,"minecraft:magma_block":9,"minecraft:glowstone":1,"minecraft:iron_ore":107,"minecraft:barrel":11,"minecraft:fire":144,"minecraft:pumpkin":1,"minecraft:deepslate_lapis_ore":9,"minecraft:fletching_table":18,"minecraft:dirt_path":26,"minecraft:oak_stairs":4,"minecraft:spruce_slab":28,"minecraft:tripwire":10,"minecraft:deepslate_redstone_ore":13,"minecraft:brown_mushroom":1,"minecraft:blackstone":27,"minecraft:kelp_plant":102,"minecraft:powder_snow":16,"minecraft:torch":24,"minecraft:blast_furnace":4,"minecraft:poppy":3,"minecraft:chest":10,"minecraft:mushroom_stem":20,"minecraft:glass":20,"minecraft:nether_quartz_ore":109,"minecraft:cobblestone":155,"minecraft:oak_planks":59,"minecraft:sugar_cane":625,"minecraft:wall_torch":22,"minecraft:pink_petals":240,"minecraft:seagrass":1,"minecraft:warped_nylium":3,"minecraft:powered_rail":3,"minecraft:birch_log":67,"minecraft:warped_fungus":12,"minecraft:orange_tulip":4,"minecraft:oak_log":235,"minecraft:oak_fence_gate":2,"minecraft:loom":2,"minecraft:sand":926,"minecraft:dirt":529,"minecraft:red_mushroom_block":29,"minecraft:ancient_debris":2,"minecraft:stonecutter":1,"minecraft:netherrack":2492,"minecraft:deepslate":134,"minecraft:oak_leaves":131,"minecraft:nether_gold_ore":26,"minecraft:tuff":44,"minecraft:mossy_cobblestone":3,"minecraft:dark_oak_leaves":5,"minecraft:deepslate_diamond_ore":6,"minecraft:oak_door":5,"minecraft:nether_bricks":6,"minecraft:lever":2,"minecraft:allium":1,"minecraft:brown_mushroom_block":90,"minecraft:kelp":9,"minecraft:spruce_leaves":107,"minecraft:sandstone":2,"minecraft:hay_block":44,"minecraft:redstone_ore":4,"minecraft:oak_trapdoor":1,"minecraft:furnace":4,"minecraft:snow":2,"minecraft:andesite":21,"minecraft:stripped_spruce_log":12,"minecraft:peony":1,"minecraft:bookshelf":1,"minecraft:potatoes":12,"minecraft:cobblestone_slab":8,"minecraft:deepslate_iron_ore":137,"minecraft:rail":548,"minecraft:stone":931,"minecraft:ender_chest":11,"minecraft:white_wool":4,"minecraft:smithing_table":62,"minecraft:oak_slab":9,"minecraft:glass_pane":3,"minecraft:soul_sand":20,"minecraft:snow_block":9,"minecraft:basalt":6,"minecraft:dandelion":4,"minecraft:oak_fence":1,"minecraft:crafting_table":8,"minecraft:short_grass":114,"minecraft:spruce_button":3,"minecraft:emerald_ore":2,"minecraft:warped_roots":1,"minecraft:rose_bush":32,"minecraft:campfire":1,"minecraft:lectern":486,"minecraft:copper_ore":12,"minecraft:tall_grass":25,"minecraft:deepslate_coal_ore":6,"minecraft:dried_kelp_block":4,"minecraft:lapis_ore":13,"minecraft:deepslate_gold_ore":19,"minecraft:polished_blackstone_brick_stairs":5,"minecraft:diorite":16,"minecraft:warped_wart_block":2,"minecraft:birch_planks":2,"minecraft:redstone_torch":3,"minecraft:birch_leaves":15,"minecraft:spruce_log":546,"minecraft:bee_nest":8,"minecraft:yellow_bed":6,"minecraft:black_wool":1,"minecraft:coal_ore":439,"minecraft:cherry_leaves":6,"minecraft:gravel":79,"minecraft:gold_ore":4},"minecraft:used":{"minecraft:cherry_sapling":6,"minecraft:iron_shovel":1603,"minecraft:spruce_slab":32,"minecraft:oak_sign":4,"minecraft:shield":190,"minecraft:chest":30,"minecraft:iron_sword":1328,"minecraft:stone":3,"minecraft:rotten_flesh":73,"minecraft:soul_sand":5,"minecraft:mutton":1,"minecraft:nether_bricks":6,"minecraft:furnace_minecart":3,"minecraft:tuff":6,"minecraft:obsidian":14,"minecraft:honey_bottle":2,"minecraft:spruce_boat":10,"minecraft:glass":33,"minecraft:lava_bucket":7,"minecraft:grass_block":1,"minecraft:lantern":16,"minecraft:iron_helmet":1,"minecraft:golden_sword":130,"minecraft:magma_block":1,"minecraft:bow":221,"minecraft:furnace":5,"minecraft:egg":9,"minecraft:potato":47,"minecraft:oak_planks":147,"minecraft:stone_pickaxe":168,"minecraft:powered_rail":10,"minecraft:blackstone":3,"minecraft:wooden_pickaxe":61,"minecraft:sugar_cane":58,"minecraft:diamond_axe":420,"minecraft:glow_berries":1,"minecraft:white_wool":4,"minecraft:netherite_leggings":1,"minecraft:loom":2,"minecraft:blast_furnace":6,"minecraft:shears":2,"minecraft:redstone_torch":11,"minecraft:lever":3,"minecraft:string":30,"minecraft:bread":85,"minecraft:lectern":497,"minecraft:gravel":16,"minecraft:diamond_sword":308,"minecraft:experience_bottle":5,"minecraft:smithing_table":64,"minecraft:andesite":4,"minecraft:oak_fence":1,"minecraft:oak_boat":35,"minecraft:oak_trapdoor":3,"minecraft:bone_meal":27,"minecraft:netherite_sword":80,"minecraft:rose_bush":1,"minecraft:stone_sword":108,"minecraft:enchanting_table":1,"minecraft:flint_and_steel":1,"minecraft:stone_shovel":41,"minecraft:dried_kelp":10,"minecraft:spruce_planks":143,"minecraft:ender_chest":11,"minecraft:cooked_salmon":11,"minecraft:dried_kelp_block":4,"minecraft:cooked_chicken":1,"minecraft:netherrack":733,"minecraft:oak_door":1,"minecraft:torch":702,"minecraft:brewing_stand":12,"minecraft:dirt":463,"minecraft:warped_wart_block":2,"minecraft:hopper":13,"minecraft:oak_fence_gate":1,"minecraft:granite":2,"minecraft:bee_nest":6,"minecraft:iron_hoe":94,"minecraft:wooden_axe":55,"minecraft:bookshelf":1,"minecraft:iron_axe":747,"minecraft:spruce_button":5,"minecraft:barrel":12,"minecraft:basalt":6,"minecraft:beef":12,"minecraft:soul_soil":1,"minecraft:netherite_pickaxe":674,"minecraft:minecart":68,"minecraft:cherry_log":1,"minecraft:cooked_beef":106,"minecraft:cobbled_deepslate":41,"minecraft:cooked_mutton":45,"minecraft:water_bucket":22,"minecraft:birch_planks":2,"minecraft:glass_bottle":7,"minecraft:spruce_sign":1,"minecraft:cobblestone_slab":32,"minecraft:fletching_table":19,"minecraft:stonecutter":1,"minecraft:polished_blackstone_bricks":35,"minecraft:salmon":3,"minecraft:rail":749,"minecraft:crafting_table":18,"minecraft:oak_slab":10,"minecraft:white_bed":2,"minecraft:spruce_log":273,"minecraft:ender_eye":1,"minecraft:black_wool":1,"minecraft:diamond_pickaxe":1461,"minecraft:apple":14,"minecraft:diamond_shovel":318,"minecraft:cracked_polished_blackstone_bricks":9,"minecraft:chicken":8,"minecraft:iron_pickaxe":3373,"minecraft:netherite_axe":361,"minecraft:spruce_trapdoor":19,"minecraft:spruce_sapling":20,"minecraft:stone_axe":405,"minecraft:pink_petals":862,"minecraft:cobblestone":666,"minecraft:porkchop":5,"minecraft:cooked_porkchop":25,"minecraft:bucket":34,"minecraft:kelp":104,"minecraft:splash_potion":4,"minecraft:chainmail_leggings":1},"minecraft:picked_up":{"minecraft:iron_chestplate":3,"minecraft:wheat":7,"minecraft:ender_chest":12,"minecraft:smithing_table":63,"minecraft:lead":20,"minecraft:diamond_sword":4,"minecraft:oak_stairs":4,"minecraft:potion":5,"minecraft:enchanted_book":10,"minecraft:gilded_blackstone":2,"minecraft:brewing_stand":12,"minecraft:golden_sword":32,"minecraft:string":20348,"minecraft:soul_soil":55,"minecraft:raw_copper":19,"minecraft:cooked_salmon":19,"minecraft:iron_leggings":5,"minecraft:netherite_ingot":8,"minecraft:diamond_leggings":4,"minecraft:gold_nugget":444,"minecraft:cobbled_deepslate":143,"minecraft:bucket":2,"minecraft:spruce_planks":40,"minecraft:rose_bush":32,"minecraft:redstone_torch":4,"minecraft:cobblestone_slab":25,"minecraft:ender_eye":2,"minecraft:netherite_upgrade_smithing_template":20,"minecraft:iron_pickaxe":7,"minecraft:iron_boots":3,"minecraft:furnace":2,"minecraft:stick":213,"minecraft:oak_fence":1,"minecraft:torch":331,"minecraft:porkchop":70,"minecraft:golden_axe":1,"minecraft:dried_kelp":297,"minecraft:cherry_log":17,"minecraft:diorite":18,"minecraft:quartz_block":32,"minecraft:stone_sword":1,"minecraft:nether_gold_ore":1,"minecraft:rotten_flesh":267,"minecraft:blaze_rod":25,"minecraft:obsidian":27,"minecraft:snowball":77,"minecraft:cobblestone":1121,"minecraft:furnace_minecart":3,"minecraft:nautilus_shell":1,"minecraft:birch_log":87,"minecraft:iron_door":1,"minecraft:pink_petals":1058,"minecraft:magma_block":1,"minecraft:feather":17,"minecraft:cooked_beef":43,"minecraft:magma_cream":1,"minecraft:cherry_planks":1,"minecraft:andesite":20,"minecraft:golden_leggings":1,"minecraft:potato":43,"minecraft:flint":10,"minecraft:tuff":42,"minecraft:lapis_lazuli":204,"minecraft:dirt":1323,"minecraft:lantern":37,"minecraft:twisting_vines":5,"minecraft:glass":103,"minecraft:bone":68,"minecraft:stonecutter":1,"minecraft:bow":7,"minecraft:wheat_seeds":28,"minecraft:orange_tulip":3,"minecraft:raw_gold":27,"minecraft:fletching_table":18,"minecraft:diamond_helmet":3,"minecraft:glowstone_dust":42,"minecraft:powered_rail":5,"minecraft:stone_hoe":1,"minecraft:oak_planks":343,"minecraft:cooked_porkchop":3,"minecraft:warped_wart_block":2,"minecraft:sand":949,"minecraft:stripped_spruce_log":13,"minecraft:grass_block":9,"minecraft:loom":2,"minecraft:spectral_arrow":15,"minecraft:barrel":11,"minecraft:mossy_cobblestone":3,"minecraft:diamond":75,"minecraft:spruce_boat":9,"minecraft:lever":3,"minecraft:cracked_polished_blackstone_bricks":34,"minecraft:crossbow":2,"minecraft:granite":40,"minecraft:spruce_sign":3,"minecraft:bread":35,"minecraft:spruce_button":4,"minecraft:emerald":124,"minecraft:oak_sapling":82,"minecraft:netherrack":1931,"minecraft:oak_leaves":3,"minecraft:diamond_pickaxe":11,"minecraft:charcoal":3,"minecraft:crafting_table":11,"minecraft:bee_nest":6,"minecraft:chicken":18,"minecraft:chest_minecart":2,"minecraft:brown_mushroom":31,"minecraft:wooden_pickaxe":3,"minecraft:shield":5,"minecraft:oak_trapdoor":1,"minecraft:iron_axe":2,"minecraft:flint_and_steel":1,"minecraft:white_carpet":64,"minecraft:iron_shovel":1,"minecraft:blackstone":12,"minecraft:netherite_sword":1,"minecraft:copper_ore":3,"minecraft:beef":81,"minecraft:oak_boat":31,"minecraft:light_gray_wool":1,"minecraft:poppy":6,"minecraft:spruce_slab":31,"minecraft:lectern":500,"minecraft:minecart":68,"minecraft:sugar_cane":1213,"minecraft:egg":29,"minecraft:chest":14,"minecraft:birch_sapling":6,"minecraft:phantom_membrane":2,"minecraft:spruce_trapdoor":4,"minecraft:raw_iron":278,"minecraft:sandstone":5,"minecraft:stone":184,"minecraft:oak_door":5,"minecraft:polished_blackstone_bricks":50,"minecraft:redstone":77,"minecraft:arrow":73,"minecraft:diamond_chestplate":3,"minecraft:stone_shovel":2,"minecraft:nether_bricks":6,"minecraft:diamond_boots":3,"minecraft:hay_block":51,"minecraft:gold_ingot":5,"minecraft:glow_berries":1,"minecraft:mutton":66,"minecraft:white_wool":247,"minecraft:rail":587,"minecraft:stripped_oak_log":1,"minecraft:birch_leaves":3,"minecraft:clock":1,"minecraft:basalt":6,"minecraft:glow_ink_sac":2,"minecraft:salmon":16,"minecraft:leather":66,"minecraft:red_mushroom":6,"minecraft:birch_planks":19,"minecraft:oak_log":324,"minecraft:golden_boots":1,"minecraft:yellow_bed":6,"minecraft:gunpowder":12,"minecraft:diorite_stairs":4,"minecraft:paper":2,"minecraft:white_banner":1,"minecraft:cooked_mutton":33,"minecraft:apple":11,"minecraft:kelp":497,"minecraft:iron_ingot":30,"minecraft:oak_fence_gate":4,"minecraft:stone_pickaxe":9,"minecraft:glass_bottle":3,"minecraft:iron_sword":7,"minecraft:soul_sand":55,"minecraft:book":19,"minecraft:oak_slab":9,"minecraft:warped_fungus":11,"minecraft:emerald_block":25,"minecraft:pumpkin":1,"minecraft:stone_brick_slab":2,"minecraft:quartz":151,"minecraft:dandelion":3,"minecraft:raw_iron_block":1,"minecraft:gravel":42,"minecraft:spruce_sapling":25,"minecraft:blast_furnace":6,"minecraft:white_bed":13,"minecraft:spruce_log":557,"minecraft:spider_eye":12,"minecraft:coal_ore":3,"minecraft:dried_kelp_block":11,"minecraft:slime_ball":9,"minecraft:stone_axe":4,"minecraft:chainmail_leggings":2,"minecraft:iron_helmet":5,"minecraft:diamond_axe":1,"minecraft:cherry_sapling":6,"minecraft:warped_roots":1,"minecraft:black_wool":7,"minecraft:coal":472,"minecraft:hopper":1,"minecraft:ender_pearl":4},"minecraft:killed":{"minecraft:zombified_piglin":352,"minecraft:witch":1,"minecraft:spider":27,"minecraft:skeleton":43,"minecraft:chicken":14,"minecraft:piglin_brute":4,"minecraft:magma_cube":7,"minecraft:piglin":19,"minecraft:pig":31,"minecraft:zombie_villager":1,"minecraft:salmon":16,"minecraft:iron_golem":2,"minecraft:creeper":5,"minecraft:sheep":25,"minecraft:trader_llama":2,"minecraft:zombie":68,"minecraft:ghast":5,"minecraft:blaze":33,"minecraft:cow":41,"minecraft:slime":13,"minecraft:phantom":4,"minecraft:drowned":4,"minecraft:wandering_trader":1,"minecraft:wither_skeleton":5,"minecraft:villager":7,"minecraft:enderman":6}},"DataVersion":3700}