{"stats":{"minecraft:used":{"minecraft:stone_sword":108,"minecraft:rose_bush":1,"minecraft:iron_shovel":58,"minecraft:dried_kelp":10,"minecraft:chest":1,"minecraft:shield":73,"minecraft:iron_sword":196,"minecraft:cooked_chicken":1,"minecraft:rotten_flesh":1,"minecraft:dried_kelp_block":4,"minecraft:torch":270,"minecraft:dirt":13,"minecraft:mutton":1,"minecraft:tuff":3,"minecraft:honey_bottle":2,"minecraft:wooden_axe":55,"minecraft:furnace":4,"minecraft:egg":2,"minecraft:cooked_beef":5,"minecraft:cobbled_deepslate":41,"minecraft:cooked_mutton":16,"minecraft:water_bucket":9,"minecraft:glass_bottle":1,"minecraft:birch_planks":2,"minecraft:stone_pickaxe":158,"minecraft:oak_planks":26,"minecraft:wooden_pickaxe":61,"minecraft:salmon":3,"minecraft:glow_berries":1,"minecraft:crafting_table":3,"minecraft:white_bed":1,"minecraft:diamond_pickaxe":16,"minecraft:apple":8,"minecraft:chicken":6,"minecraft:iron_pickaxe":339,"minecraft:stone_axe":278,"minecraft:cobblestone":1,"minecraft:porkchop":3,"minecraft:cooked_porkchop":6,"minecraft:andesite":2,"minecraft:bucket":10},"minecraft:crafted":{"minecraft:oak_planks":304,"minecraft:cooked_chicken":3,"minecraft:furnace":3,"minecraft:cooked_mutton":16,"minecraft:glass":3,"minecraft:iron_boots":2,"minecraft:iron_axe":1,"minecraft:stone_pickaxe":2,"minecraft:chest":1,"minecraft:oak_button":1,"minecraft:dried_kelp_block":16,"minecraft:cooked_beef":27,"minecraft:glass_bottle":3,"minecraft:cooked_porkchop":9,"minecraft:crafting_table":2,"minecraft:dried_kelp":219,"minecraft:wooden_pickaxe":2,"minecraft:iron_helmet":1,"minecraft:iron_sword":2,"minecraft:bucket":1,"minecraft:birch_planks":124,"minecraft:stone_axe":2,"minecraft:air":0,"minecraft:iron_chestplate":1,"minecraft:diamond_pickaxe":2,"minecraft:charcoal":24,"minecraft:shield":2,"minecraft:stick":160,"minecraft:iron_ingot":100,"minecraft:iron_pickaxe":3,"minecraft:wooden_axe":1,"minecraft:stone_sword":1,"minecraft:gold_ingot":29,"minecraft:iron_leggings":2,"minecraft:white_bed":1,"minecraft:torch":436},"minecraft:custom":{"minecraft:mob_kills":139,"minecraft:interact_with_crafting_table":37,"minecraft:leave_game":8,"minecraft:time_since_death":75366,"minecraft:sprint_one_cm":529860,"minecraft:walk_one_cm":643701,"minecraft:damage_blocked_by_shield":2895,"minecraft:drop":84,"minecraft:play_time":218737,"minecraft:deaths":8,"minecraft:sneak_time":7189,"minecraft:walk_under_water_one_cm":65837,"minecraft:jump":4715,"minecraft:walk_on_water_one_cm":72469,"minecraft:total_world_time":218737,"minecraft:interact_with_furnace":206,"minecraft:sleep_in_bed":6,"minecraft:time_since_rest":31183,"minecraft:damage_taken":4402,"minecraft:damage_dealt":16978,"minecraft:swim_one_cm":96190,"minecraft:fly_one_cm":741703,"minecraft:open_chest":56,"minecraft:crouch_one_cm":16036,"minecraft:fall_one_cm":122016},"minecraft:mined":{"minecraft:tuff":10,"minecraft:white_bed":1,"minecraft:deepslate_diamond_ore":6,"minecraft:obsidian":15,"minecraft:granite":4,"minecraft:grass_block":14,"minecraft:kelp":6,"minecraft:sandstone":1,"minecraft:redstone_ore":4,"minecraft:furnace":1,"minecraft:iron_ore":75,"minecraft:andesite":4,"minecraft:pumpkin":1,"minecraft:deepslate_lapis_ore":9,"minecraft:deepslate_iron_ore":135,"minecraft:rail":1,"minecraft:stone":61,"minecraft:deepslate_redstone_ore":13,"minecraft:kelp_plant":64,"minecraft:crafting_table":1,"minecraft:torch":2,"minecraft:chest":1,"minecraft:tall_grass":7,"minecraft:deepslate_coal_ore":6,"minecraft:lapis_ore":9,"minecraft:dried_kelp_block":4,"minecraft:deepslate_gold_ore":19,"minecraft:sugar_cane":1,"minecraft:oak_planks":1,"minecraft:birch_planks":2,"minecraft:birch_log":67,"minecraft:birch_leaves":7,"minecraft:orange_tulip":4,"minecraft:bee_nest":1,"minecraft:grass":30,"minecraft:oak_log":161,"minecraft:coal_ore":114,"minecraft:gravel":1,"minecraft:sand":58,"minecraft:dirt":26,"minecraft:gold_ore":4,"minecraft:oak_leaves":83,"minecraft:deepslate":37},"minecraft:dropped":{"minecraft:glow_ink_sac":2,"minecraft:feather":6,"minecraft:stick":22,"minecraft:torch":3,"minecraft:raw_iron_block":1,"minecraft:string":2,"minecraft:cooked_chicken":2,"minecraft:rotten_flesh":2,"minecraft:oak_planks":64,"minecraft:cooked_mutton":1,"minecraft:diamond_pickaxe":1,"minecraft:spider_eye":1,"minecraft:stone_pickaxe":2,"minecraft:raw_gold":6,"minecraft:egg":1},"minecraft:killed_by":{"minecraft:player":1,"minecraft:skeleton":4},"minecraft:killed":{"minecraft:spider":10,"minecraft:slime":13,"minecraft:skeleton":18,"minecraft:chicken":11,"minecraft:drowned":1,"minecraft:pig":18,"minecraft:salmon":5,"minecraft:creeper":3,"minecraft:sheep":19,"minecraft:zombie":23,"minecraft:cow":16},"minecraft:broken":{"minecraft:wooden_pickaxe":1,"minecraft:stone_pickaxe":1,"minecraft:stone_axe":3,"minecraft:iron_pickaxe":1,"minecraft:wooden_axe":1},"minecraft:picked_up":{"minecraft:crafting_table":4,"minecraft:chicken":15,"minecraft:chest_minecart":1,"minecraft:wooden_pickaxe":3,"minecraft:shield":1,"minecraft:string":56,"minecraft:iron_leggings":1,"minecraft:cobbled_deepslate":46,"minecraft:beef":33,"minecraft:rose_bush":1,"minecraft:cobblestone_slab":12,"minecraft:iron_pickaxe":1,"minecraft:sugar_cane":4,"minecraft:chest":1,"minecraft:birch_sapling":6,"minecraft:egg":8,"minecraft:furnace":1,"minecraft:stick":28,"minecraft:raw_iron":229,"minecraft:sandstone":3,"minecraft:torch":81,"minecraft:porkchop":51,"minecraft:dried_kelp":289,"minecraft:redstone":77,"minecraft:arrow":21,"minecraft:stone_sword":1,"minecraft:rotten_flesh":38,"minecraft:obsidian":14,"minecraft:glow_berries":1,"minecraft:mutton":54,"minecraft:rail":1,"minecraft:white_wool":41,"minecraft:cobblestone":73,"minecraft:birch_log":87,"minecraft:feather":10,"minecraft:glow_ink_sac":2,"minecraft:andesite":4,"minecraft:salmon":5,"minecraft:leather":18,"minecraft:birch_planks":7,"minecraft:flint":4,"minecraft:tuff":10,"minecraft:oak_log":248,"minecraft:gunpowder":2,"minecraft:diorite_stairs":4,"minecraft:lapis_lazuli":181,"minecraft:dirt":64,"minecraft:cooked_mutton":4,"minecraft:bone":35,"minecraft:apple":10,"minecraft:kelp":200,"minecraft:bow":1,"minecraft:orange_tulip":3,"minecraft:wheat_seeds":8,"minecraft:raw_gold":27,"minecraft:stone_pickaxe":4,"minecraft:oak_planks":153,"minecraft:iron_sword":1,"minecraft:pumpkin":1,"minecraft:raw_iron_block":1,"minecraft:gravel":12,"minecraft:sand":60,"minecraft:white_bed":1,"minecraft:spider_eye":7,"minecraft:dried_kelp_block":10,"minecraft:slime_ball":9,"minecraft:diamond":8,"minecraft:stone_axe":3,"minecraft:granite":10,"minecraft:oak_sapling":69,"minecraft:black_wool":6,"minecraft:coal":151}},"DataVersion":3465}