{"stats":{"minecraft:dropped":{"minecraft:iron_sword":3,"minecraft:soul_sand":18,"minecraft:lapis_lazuli":3,"minecraft:cooked_beef":2,"minecraft:glow_ink_sac":2,"minecraft:ender_pearl":1,"minecraft:emerald":36,"minecraft:dirt":327,"minecraft:mutton":5,"minecraft:snowball":16,"minecraft:gold_nugget":5,"minecraft:sand":30,"minecraft:iron_pickaxe":6,"minecraft:white_wool":186,"minecraft:bone":51,"minecraft:gravel":14,"minecraft:oak_door":3,"minecraft:cooked_chicken":3,"minecraft:wheat":15,"minecraft:diorite_stairs":4,"minecraft:rotten_flesh":39,"minecraft:oak_planks":64,"minecraft:glowstone_dust":3,"minecraft:cooked_mutton":3,"minecraft:white_bed":1,"minecraft:poppy":2,"minecraft:oak_fence_gate":3,"minecraft:gunpowder":2,"minecraft:leather_boots":1,"minecraft:chest":4,"minecraft:spruce_slab":3,"minecraft:arrow":10,"minecraft:glass":267,"minecraft:beef":1,"minecraft:netherrack":2,"minecraft:lectern":1,"minecraft:stone_hoe":1,"minecraft:egg":12,"minecraft:iron_ingot":18,"minecraft:bread":59,"minecraft:oak_slab":1,"minecraft:wheat_seeds":19,"minecraft:cherry_log":15,"minecraft:mossy_cobblestone":1,"minecraft:diamond_leggings":2,"minecraft:iron_helmet":1,"minecraft:feather":6,"minecraft:cobblestone":140,"minecraft:lead":3,"minecraft:apple":9,"minecraft:granite":3,"minecraft:spruce_button":1,"minecraft:grass_block":2,"minecraft:coal":22,"minecraft:stick":43,"minecraft:torch":11,"minecraft:cherry_planks":4,"minecraft:diamond_helmet":1,"minecraft:iron_leggings":2,"minecraft:iron_axe":1,"minecraft:raw_iron_block":1,"minecraft:paper":1,"minecraft:string":3009,"minecraft:pink_petals":1,"minecraft:bucket":1,"minecraft:dandelion":1,"minecraft:tuff":7,"minecraft:stone_shovel":2,"minecraft:white_carpet":256,"minecraft:iron_boots":1,"minecraft:shears":1,"minecraft:potato":4,"minecraft:spruce_boat":1,"minecraft:shield":1,"minecraft:diamond_chestplate":1,"minecraft:spruce_planks":2,"minecraft:diamond_pickaxe":2,"minecraft:iron_chestplate":1,"minecraft:andesite":2,"minecraft:oak_sapling":15,"minecraft:oak_boat":1,"minecraft:golden_sword":1,"minecraft:spider_eye":1,"minecraft:spruce_log":1,"minecraft:diamond_boots":1,"minecraft:stone_pickaxe":13,"minecraft:raw_gold":6,"minecraft:black_wool":2},"minecraft:used":{"minecraft:cherry_sapling":6,"minecraft:iron_shovel":1580,"minecraft:spruce_slab":20,"minecraft:oak_sign":4,"minecraft:chest":26,"minecraft:shield":134,"minecraft:iron_sword":1328,"minecraft:rotten_flesh":73,"minecraft:soul_sand":5,"minecraft:mutton":1,"minecraft:furnace_minecart":3,"minecraft:tuff":3,"minecraft:obsidian":14,"minecraft:honey_bottle":2,"minecraft:spruce_boat":2,"minecraft:glass":33,"minecraft:lava_bucket":5,"minecraft:lantern":12,"minecraft:grass_block":1,"minecraft:iron_helmet":1,"minecraft:golden_sword":130,"minecraft:magma_block":1,"minecraft:bow":42,"minecraft:furnace":5,"minecraft:egg":6,"minecraft:potato":47,"minecraft:oak_planks":147,"minecraft:stone_pickaxe":168,"minecraft:powered_rail":4,"minecraft:wooden_pickaxe":61,"minecraft:sugar_cane":57,"minecraft:glow_berries":1,"minecraft:blast_furnace":6,"minecraft:redstone_torch":4,"minecraft:bread":74,"minecraft:lectern":178,"minecraft:gravel":16,"minecraft:smithing_table":64,"minecraft:andesite":4,"minecraft:oak_boat":35,"minecraft:bone_meal":27,"minecraft:oak_fence":1,"minecraft:oak_trapdoor":3,"minecraft:rose_bush":1,"minecraft:enchanting_table":1,"minecraft:stone_sword":108,"minecraft:flint_and_steel":1,"minecraft:stone_shovel":41,"minecraft:dried_kelp":10,"minecraft:spruce_planks":35,"minecraft:cooked_salmon":11,"minecraft:cooked_chicken":1,"minecraft:dried_kelp_block":4,"minecraft:netherrack":612,"minecraft:oak_door":1,"minecraft:torch":665,"minecraft:brewing_stand":9,"minecraft:dirt":301,"minecraft:warped_wart_block":2,"minecraft:hopper":7,"minecraft:granite":2,"minecraft:oak_fence_gate":1,"minecraft:iron_hoe":94,"minecraft:wooden_axe":55,"minecraft:iron_axe":648,"minecraft:spruce_button":3,"minecraft:barrel":4,"minecraft:beef":2,"minecraft:soul_soil":1,"minecraft:minecart":49,"minecraft:cooked_beef":43,"minecraft:cobbled_deepslate":41,"minecraft:cherry_log":1,"minecraft:cooked_mutton":45,"minecraft:water_bucket":16,"minecraft:birch_planks":2,"minecraft:glass_bottle":1,"minecraft:fletching_table":19,"minecraft:cobblestone_slab":18,"minecraft:stonecutter":1,"minecraft:salmon":3,"minecraft:rail":347,"minecraft:oak_slab":10,"minecraft:crafting_table":15,"minecraft:white_bed":2,"minecraft:spruce_log":171,"minecraft:black_wool":1,"minecraft:diamond_pickaxe":94,"minecraft:apple":10,"minecraft:chicken":8,"minecraft:iron_pickaxe":3373,"minecraft:spruce_trapdoor":17,"minecraft:spruce_sapling":8,"minecraft:stone_axe":405,"minecraft:pink_petals":593,"minecraft:cobblestone":644,"minecraft:porkchop":5,"minecraft:cooked_porkchop":23,"minecraft:bucket":25,"minecraft:kelp":104},"minecraft:broken":{"minecraft:iron_shovel":1,"minecraft:stone_pickaxe":1,"minecraft:golden_sword":13,"minecraft:stone_axe":4,"minecraft:iron_sword":3,"minecraft:wooden_axe":1,"minecraft:wooden_pickaxe":1,"minecraft:iron_axe":2,"minecraft:iron_pickaxe":8},"minecraft:killed_by":{"minecraft:zombified_piglin":1,"minecraft:wither_skeleton":1,"minecraft:piglin":1,"minecraft:player":3,"minecraft:enderman":1,"minecraft:skeleton":4},"minecraft:killed":{"minecraft:zombified_piglin":351,"minecraft:spider":16,"minecraft:skeleton":35,"minecraft:chicken":14,"minecraft:magma_cube":5,"minecraft:piglin":6,"minecraft:pig":30,"minecraft:salmon":16,"minecraft:iron_golem":2,"minecraft:creeper":3,"minecraft:sheep":24,"minecraft:zombie":50,"minecraft:cow":24,"minecraft:slime":13,"minecraft:phantom":2,"minecraft:drowned":4,"minecraft:villager":7,"minecraft:enderman":1},"minecraft:crafted":{"minecraft:oak_planks":604,"minecraft:barrel":1,"minecraft:cobblestone_slab":18,"minecraft:oak_sign":6,"minecraft:cooked_chicken":4,"minecraft:cooked_mutton":20,"minecraft:glass":888,"minecraft:hopper":12,"minecraft:bow":1,"minecraft:iron_boots":5,"minecraft:chest":33,"minecraft:oak_button":1,"minecraft:rail":144,"minecraft:dried_kelp_block":16,"minecraft:oak_fence":3,"minecraft:golden_boots":2,"minecraft:glass_bottle":3,"minecraft:furnace_minecart":1,"minecraft:oak_slab":66,"minecraft:emerald":39,"minecraft:cooked_porkchop":26,"minecraft:crafting_table":10,"minecraft:spruce_planks":284,"minecraft:wooden_pickaxe":2,"minecraft:iron_helmet":4,"minecraft:smithing_table":1,"minecraft:fletching_table":3,"minecraft:birch_planks":136,"minecraft:spectral_arrow":18,"minecraft:spruce_trapdoor":50,"minecraft:iron_chestplate":4,"minecraft:book":1,"minecraft:paper":572,"minecraft:diamond_pickaxe":2,"minecraft:charcoal":24,"minecraft:shield":3,"minecraft:stick":412,"minecraft:iron_ingot":338,"minecraft:iron_pickaxe":15,"minecraft:stone_sword":1,"minecraft:gold_ingot":29,"minecraft:redstone_torch":4,"minecraft:composter":9,"minecraft:shears":1,"minecraft:cherry_planks":4,"minecraft:spruce_button":1,"minecraft:furnace":4,"minecraft:bone_meal":27,"minecraft:white_carpet":192,"minecraft:oak_trapdoor":2,"minecraft:flint_and_steel":1,"minecraft:iron_axe":4,"minecraft:iron_hoe":1,"minecraft:spruce_slab":12,"minecraft:stone_pickaxe":8,"minecraft:spruce_boat":1,"minecraft:minecart":2,"minecraft:wheat":398,"minecraft:cooked_beef":45,"minecraft:enchanting_table":1,"minecraft:dried_kelp":219,"minecraft:iron_sword":11,"minecraft:bucket":7,"minecraft:stone_axe":2,"minecraft:air":0,"minecraft:bread":101,"minecraft:oak_boat":5,"minecraft:white_wool":2088,"minecraft:wooden_axe":1,"minecraft:iron_shovel":5,"minecraft:iron_leggings":6,"minecraft:white_bed":4,"minecraft:torch":772},"minecraft:custom":{"minecraft:animals_bred":7,"minecraft:interact_with_crafting_table":177,"minecraft:open_barrel":1,"minecraft:bell_ring":34,"minecraft:leave_game":37,"minecraft:time_since_death":887743,"minecraft:sprint_one_cm":3248383,"minecraft:damage_blocked_by_shield":4892,"minecraft:drop":383,"minecraft:talked_to_villager":540,"minecraft:play_time":1225218,"minecraft:deaths":18,"minecraft:jump":25602,"minecraft:walk_on_water_one_cm":219331,"minecraft:enchant_item":24,"minecraft:interact_with_furnace":422,"minecraft:traded_with_villager":45,"minecraft:sleep_in_bed":25,"minecraft:damage_dealt":79210,"minecraft:crouch_one_cm":143501,"minecraft:interact_with_smithing_table":4,"minecraft:interact_with_anvil":16,"minecraft:mob_kills":608,"minecraft:interact_with_campfire":16,"minecraft:climb_one_cm":10606,"minecraft:walk_one_cm":3596797,"minecraft:sneak_time":44060,"minecraft:walk_under_water_one_cm":299780,"minecraft:boat_one_cm":253027,"minecraft:interact_with_blast_furnace":2,"minecraft:total_world_time":1225218,"minecraft:interact_with_stonecutter":2,"minecraft:time_since_rest":10925,"minecraft:damage_taken":14018,"minecraft:minecart_one_cm":14,"minecraft:swim_one_cm":370858,"minecraft:fly_one_cm":4650103,"minecraft:open_chest":527,"minecraft:fall_one_cm":653727},"minecraft:mined":{"minecraft:spruce_planks":15,"minecraft:white_bed":13,"minecraft:cherry_log":17,"minecraft:brewing_stand":10,"minecraft:spruce_trapdoor":1,"minecraft:obsidian":16,"minecraft:granite":8,"minecraft:grass_block":329,"minecraft:soul_soil":30,"minecraft:hopper":1,"minecraft:tall_seagrass":1,"minecraft:magma_block":1,"minecraft:glowstone":1,"minecraft:iron_ore":107,"minecraft:fire":111,"minecraft:barrel":3,"minecraft:pumpkin":1,"minecraft:deepslate_lapis_ore":9,"minecraft:fletching_table":18,"minecraft:dirt_path":26,"minecraft:oak_stairs":4,"minecraft:spruce_slab":21,"minecraft:deepslate_redstone_ore":13,"minecraft:kelp_plant":102,"minecraft:powder_snow":4,"minecraft:torch":9,"minecraft:blast_furnace":4,"minecraft:poppy":1,"minecraft:chest":8,"minecraft:nether_quartz_ore":103,"minecraft:glass":18,"minecraft:cobblestone":127,"minecraft:oak_planks":59,"minecraft:sugar_cane":334,"minecraft:wall_torch":17,"minecraft:pink_petals":181,"minecraft:powered_rail":2,"minecraft:birch_log":67,"minecraft:orange_tulip":4,"minecraft:warped_fungus":12,"minecraft:oak_log":235,"minecraft:oak_fence_gate":2,"minecraft:sand":926,"minecraft:dirt":309,"minecraft:stonecutter":1,"minecraft:netherrack":1620,"minecraft:oak_leaves":120,"minecraft:deepslate":37,"minecraft:nether_gold_ore":18,"minecraft:tuff":10,"minecraft:mossy_cobblestone":3,"minecraft:deepslate_diamond_ore":6,"minecraft:oak_door":5,"minecraft:spruce_leaves":18,"minecraft:kelp":9,"minecraft:sandstone":2,"minecraft:hay_block":44,"minecraft:redstone_ore":4,"minecraft:oak_trapdoor":1,"minecraft:furnace":4,"minecraft:snow":2,"minecraft:andesite":8,"minecraft:stripped_spruce_log":10,"minecraft:potatoes":12,"minecraft:deepslate_iron_ore":135,"minecraft:rail":252,"minecraft:stone":551,"minecraft:smithing_table":62,"minecraft:oak_slab":9,"minecraft:glass_pane":3,"minecraft:soul_sand":20,"minecraft:snow_block":9,"minecraft:crafting_table":6,"minecraft:short_grass":105,"minecraft:spruce_button":3,"minecraft:emerald_ore":2,"minecraft:warped_roots":1,"minecraft:campfire":1,"minecraft:lectern":171,"minecraft:copper_ore":6,"minecraft:tall_grass":18,"minecraft:deepslate_coal_ore":6,"minecraft:dried_kelp_block":4,"minecraft:deepslate_gold_ore":19,"minecraft:lapis_ore":13,"minecraft:diorite":6,"minecraft:warped_wart_block":2,"minecraft:birch_planks":2,"minecraft:redstone_torch":2,"minecraft:spruce_log":223,"minecraft:birch_leaves":12,"minecraft:bee_nest":1,"minecraft:yellow_bed":6,"minecraft:black_wool":1,"minecraft:coal_ore":439,"minecraft:cherry_leaves":6,"minecraft:gravel":69,"minecraft:gold_ore":4},"minecraft:picked_up":{"minecraft:iron_chestplate":2,"minecraft:wheat":7,"minecraft:smithing_table":63,"minecraft:lead":18,"minecraft:oak_stairs":4,"minecraft:enchanted_book":5,"minecraft:brewing_stand":10,"minecraft:golden_sword":31,"minecraft:string":13609,"minecraft:soul_soil":55,"minecraft:raw_copper":4,"minecraft:cooked_salmon":19,"minecraft:iron_leggings":4,"minecraft:diamond_leggings":2,"minecraft:gold_nugget":364,"minecraft:cobbled_deepslate":46,"minecraft:bucket":2,"minecraft:spruce_planks":14,"minecraft:redstone_torch":3,"minecraft:rose_bush":1,"minecraft:cobblestone_slab":12,"minecraft:iron_pickaxe":7,"minecraft:iron_boots":2,"minecraft:furnace":2,"minecraft:stick":92,"minecraft:torch":307,"minecraft:porkchop":70,"minecraft:dried_kelp":297,"minecraft:cherry_log":17,"minecraft:stone_sword":1,"minecraft:rotten_flesh":254,"minecraft:obsidian":15,"minecraft:snowball":77,"minecraft:cobblestone":774,"minecraft:nautilus_shell":1,"minecraft:birch_log":87,"minecraft:furnace_minecart":3,"minecraft:pink_petals":812,"minecraft:magma_block":1,"minecraft:feather":17,"minecraft:cooked_beef":21,"minecraft:magma_cream":1,"minecraft:cherry_planks":1,"minecraft:andesite":6,"minecraft:golden_leggings":1,"minecraft:potato":43,"minecraft:flint":10,"minecraft:tuff":10,"minecraft:lantern":12,"minecraft:lapis_lazuli":204,"minecraft:dirt":782,"minecraft:twisting_vines":4,"minecraft:glass":102,"minecraft:bone":54,"minecraft:bow":4,"minecraft:stonecutter":1,"minecraft:wheat_seeds":26,"minecraft:orange_tulip":3,"minecraft:raw_gold":27,"minecraft:fletching_table":18,"minecraft:diamond_helmet":1,"minecraft:glowstone_dust":42,"minecraft:powered_rail":4,"minecraft:stone_hoe":1,"minecraft:oak_planks":343,"minecraft:cooked_porkchop":2,"minecraft:warped_wart_block":2,"minecraft:sand":949,"minecraft:stripped_spruce_log":11,"minecraft:grass_block":3,"minecraft:spectral_arrow":15,"minecraft:barrel":3,"minecraft:mossy_cobblestone":3,"minecraft:diamond":8,"minecraft:spruce_boat":2,"minecraft:crossbow":1,"minecraft:granite":15,"minecraft:emerald":2,"minecraft:spruce_button":3,"minecraft:spruce_sign":1,"minecraft:bread":35,"minecraft:oak_sapling":82,"minecraft:netherrack":1616,"minecraft:diamond_pickaxe":3,"minecraft:charcoal":3,"minecraft:crafting_table":9,"minecraft:chicken":18,"minecraft:chest_minecart":2,"minecraft:wooden_pickaxe":3,"minecraft:shield":3,"minecraft:oak_trapdoor":1,"minecraft:iron_axe":2,"minecraft:flint_and_steel":1,"minecraft:white_carpet":64,"minecraft:iron_shovel":1,"minecraft:beef":52,"minecraft:oak_boat":31,"minecraft:spruce_trapdoor":1,"minecraft:poppy":3,"minecraft:light_gray_wool":1,"minecraft:spruce_slab":21,"minecraft:minecart":49,"minecraft:lectern":181,"minecraft:sugar_cane":680,"minecraft:chest":12,"minecraft:birch_sapling":6,"minecraft:egg":21,"minecraft:raw_iron":273,"minecraft:sandstone":5,"minecraft:oak_door":5,"minecraft:redstone":77,"minecraft:stone_shovel":2,"minecraft:arrow":47,"minecraft:diamond_chestplate":1,"minecraft:diamond_boots":1,"minecraft:hay_block":51,"minecraft:gold_ingot":5,"minecraft:glow_berries":1,"minecraft:mutton":65,"minecraft:rail":268,"minecraft:white_wool":241,"minecraft:stripped_oak_log":1,"minecraft:glow_ink_sac":2,"minecraft:salmon":16,"minecraft:leather":42,"minecraft:birch_planks":19,"minecraft:oak_log":322,"minecraft:golden_boots":1,"minecraft:yellow_bed":6,"minecraft:gunpowder":8,"minecraft:diorite_stairs":4,"minecraft:paper":2,"minecraft:cooked_mutton":33,"minecraft:apple":10,"minecraft:kelp":497,"minecraft:iron_ingot":29,"minecraft:oak_fence_gate":4,"minecraft:stone_pickaxe":9,"minecraft:glass_bottle":3,"minecraft:iron_sword":7,"minecraft:soul_sand":55,"minecraft:oak_slab":9,"minecraft:warped_fungus":11,"minecraft:pumpkin":1,"minecraft:quartz":151,"minecraft:raw_iron_block":1,"minecraft:gravel":42,"minecraft:blast_furnace":6,"minecraft:spruce_sapling":8,"minecraft:white_bed":13,"minecraft:spruce_log":228,"minecraft:spider_eye":7,"minecraft:dried_kelp_block":11,"minecraft:slime_ball":9,"minecraft:stone_axe":4,"minecraft:iron_helmet":2,"minecraft:cherry_sapling":6,"minecraft:warped_roots":1,"minecraft:black_wool":7,"minecraft:coal":472,"minecraft:hopper":1,"minecraft:ender_pearl":1}},"DataVersion":3700}