{"stats":{"minecraft:used":{"minecraft:cherry_sapling":5,"minecraft:iron_shovel":300,"minecraft:chest":4,"minecraft:shield":82,"minecraft:iron_sword":1030,"minecraft:rotten_flesh":73,"minecraft:mutton":1,"minecraft:tuff":3,"minecraft:obsidian":14,"minecraft:honey_bottle":2,"minecraft:iron_helmet":1,"minecraft:golden_sword":130,"minecraft:bow":3,"minecraft:furnace":5,"minecraft:egg":6,"minecraft:stone_pickaxe":158,"minecraft:oak_planks":40,"minecraft:wooden_pickaxe":61,"minecraft:sugar_cane":33,"minecraft:glow_berries":1,"minecraft:andesite":4,"minecraft:oak_boat":2,"minecraft:oak_fence":1,"minecraft:rose_bush":1,"minecraft:enchanting_table":1,"minecraft:stone_sword":108,"minecraft:flint_and_steel":1,"minecraft:dried_kelp":10,"minecraft:cooked_salmon":11,"minecraft:cooked_chicken":1,"minecraft:dried_kelp_block":4,"minecraft:netherrack":573,"minecraft:torch":410,"minecraft:dirt":96,"minecraft:warped_wart_block":2,"minecraft:wooden_axe":55,"minecraft:iron_axe":4,"minecraft:cooked_beef":22,"minecraft:cobbled_deepslate":41,"minecraft:cooked_mutton":18,"minecraft:water_bucket":10,"minecraft:birch_planks":2,"minecraft:glass_bottle":1,"minecraft:cobblestone_slab":18,"minecraft:salmon":3,"minecraft:crafting_table":8,"minecraft:white_bed":1,"minecraft:diamond_pickaxe":33,"minecraft:black_wool":1,"minecraft:apple":9,"minecraft:chicken":8,"minecraft:iron_pickaxe":2061,"minecraft:stone_axe":278,"minecraft:pink_petals":23,"minecraft:cobblestone":2,"minecraft:cooked_porkchop":23,"minecraft:porkchop":3,"minecraft:bucket":10},"minecraft:crafted":{"minecraft:oak_planks":324,"minecraft:cobblestone_slab":18,"minecraft:cooked_chicken":4,"minecraft:cooked_mutton":20,"minecraft:glass":56,"minecraft:iron_boots":5,"minecraft:chest":4,"minecraft:oak_button":1,"minecraft:dried_kelp_block":16,"minecraft:oak_fence":3,"minecraft:golden_boots":2,"minecraft:glass_bottle":3,"minecraft:cooked_porkchop":26,"minecraft:crafting_table":4,"minecraft:wooden_pickaxe":2,"minecraft:iron_helmet":4,"minecraft:birch_planks":136,"minecraft:spectral_arrow":18,"minecraft:book":1,"minecraft:iron_chestplate":4,"minecraft:paper":3,"minecraft:charcoal":24,"minecraft:diamond_pickaxe":2,"minecraft:shield":2,"minecraft:stick":204,"minecraft:iron_ingot":294,"minecraft:iron_pickaxe":11,"minecraft:stone_sword":1,"minecraft:gold_ingot":29,"minecraft:cherry_planks":4,"minecraft:furnace":3,"minecraft:flint_and_steel":1,"minecraft:iron_axe":2,"minecraft:stone_pickaxe":2,"minecraft:wheat":182,"minecraft:cooked_beef":35,"minecraft:enchanting_table":1,"minecraft:dried_kelp":219,"minecraft:iron_sword":11,"minecraft:bucket":1,"minecraft:stone_axe":2,"minecraft:air":0,"minecraft:oak_boat":1,"minecraft:wooden_axe":1,"minecraft:iron_shovel":1,"minecraft:iron_leggings":6,"minecraft:white_bed":1,"minecraft:torch":436},"minecraft:custom":{"minecraft:interact_with_crafting_table":80,"minecraft:bell_ring":34,"minecraft:leave_game":22,"minecraft:time_since_death":201916,"minecraft:sprint_one_cm":1486247,"minecraft:damage_blocked_by_shield":3345,"minecraft:drop":138,"minecraft:talked_to_villager":1,"minecraft:play_time":539391,"minecraft:deaths":18,"minecraft:jump":11811,"minecraft:walk_on_water_one_cm":90008,"minecraft:enchant_item":17,"minecraft:interact_with_furnace":284,"minecraft:sleep_in_bed":15,"minecraft:damage_dealt":65009,"minecraft:crouch_one_cm":55120,"minecraft:mob_kills":540,"minecraft:interact_with_anvil":9,"minecraft:interact_with_campfire":16,"minecraft:climb_one_cm":5187,"minecraft:walk_one_cm":1631481,"minecraft:sneak_time":17091,"minecraft:walk_under_water_one_cm":95759,"minecraft:boat_one_cm":32746,"minecraft:total_world_time":539391,"minecraft:time_since_rest":2903,"minecraft:damage_taken":10794,"minecraft:swim_one_cm":209431,"minecraft:fly_one_cm":2047992,"minecraft:open_chest":278,"minecraft:fall_one_cm":296326},"minecraft:mined":{"minecraft:white_bed":2,"minecraft:brewing_stand":3,"minecraft:obsidian":16,"minecraft:granite":4,"minecraft:grass_block":111,"minecraft:soul_soil":25,"minecraft:tall_seagrass":1,"minecraft:glowstone":1,"minecraft:iron_ore":76,"minecraft:fire":110,"minecraft:pumpkin":1,"minecraft:deepslate_lapis_ore":9,"minecraft:dirt_path":3,"minecraft:deepslate_redstone_ore":13,"minecraft:kelp_plant":64,"minecraft:powder_snow":4,"minecraft:torch":2,"minecraft:poppy":1,"minecraft:chest":2,"minecraft:nether_quartz_ore":103,"minecraft:cobblestone":1,"minecraft:sugar_cane":28,"minecraft:oak_planks":1,"minecraft:wall_torch":5,"minecraft:pink_petals":5,"minecraft:birch_log":67,"minecraft:warped_fungus":12,"minecraft:orange_tulip":4,"minecraft:grass":48,"minecraft:oak_log":166,"minecraft:sand":85,"minecraft:dirt":92,"minecraft:stonecutter":1,"minecraft:netherrack":1543,"minecraft:oak_leaves":100,"minecraft:deepslate":37,"minecraft:nether_gold_ore":18,"minecraft:tuff":10,"minecraft:deepslate_diamond_ore":6,"minecraft:oak_door":2,"minecraft:kelp":6,"minecraft:sandstone":2,"minecraft:hay_block":21,"minecraft:redstone_ore":4,"minecraft:furnace":4,"minecraft:andesite":5,"minecraft:deepslate_iron_ore":135,"minecraft:rail":1,"minecraft:stone":74,"minecraft:soul_sand":19,"minecraft:snow_block":7,"minecraft:crafting_table":4,"minecraft:warped_roots":1,"minecraft:campfire":1,"minecraft:tall_grass":9,"minecraft:copper_ore":1,"minecraft:deepslate_coal_ore":6,"minecraft:dried_kelp_block":4,"minecraft:lapis_ore":9,"minecraft:deepslate_gold_ore":19,"minecraft:warped_wart_block":2,"minecraft:birch_planks":2,"minecraft:birch_leaves":12,"minecraft:bee_nest":1,"minecraft:black_wool":1,"minecraft:coal_ore":120,"minecraft:gravel":2,"minecraft:gold_ore":4},"minecraft:dropped":{"minecraft:iron_sword":2,"minecraft:soul_sand":18,"minecraft:cooked_beef":2,"minecraft:glow_ink_sac":2,"minecraft:dirt":138,"minecraft:mutton":1,"minecraft:sand":27,"minecraft:iron_pickaxe":3,"minecraft:white_wool":13,"minecraft:oak_door":2,"minecraft:gravel":1,"minecraft:cooked_chicken":3,"minecraft:diorite_stairs":4,"minecraft:rotten_flesh":12,"minecraft:oak_planks":64,"minecraft:glowstone_dust":3,"minecraft:cooked_mutton":3,"minecraft:leather_boots":1,"minecraft:egg":2,"minecraft:wheat_seeds":2,"minecraft:cobblestone":17,"minecraft:feather":6,"minecraft:apple":9,"minecraft:coal":22,"minecraft:stick":43,"minecraft:torch":3,"minecraft:raw_iron_block":1,"minecraft:string":50,"minecraft:dandelion":1,"minecraft:tuff":7,"minecraft:diamond_pickaxe":1,"minecraft:andesite":2,"minecraft:golden_sword":1,"minecraft:spider_eye":1,"minecraft:stone_pickaxe":2,"minecraft:raw_gold":6,"minecraft:black_wool":2},"minecraft:killed_by":{"minecraft:zombified_piglin":1,"minecraft:wither_skeleton":1,"minecraft:piglin":1,"minecraft:player":3,"minecraft:enderman":1,"minecraft:skeleton":4},"minecraft:killed":{"minecraft:zombified_piglin":351,"minecraft:spider":10,"minecraft:skeleton":19,"minecraft:chicken":14,"minecraft:magma_cube":5,"minecraft:piglin":5,"minecraft:pig":28,"minecraft:salmon":16,"minecraft:creeper":3,"minecraft:sheep":23,"minecraft:zombie":25,"minecraft:cow":22,"minecraft:slime":13,"minecraft:drowned":2},"minecraft:broken":{"minecraft:stone_pickaxe":1,"minecraft:golden_sword":13,"minecraft:stone_axe":3,"minecraft:iron_sword":2,"minecraft:wooden_axe":1,"minecraft:wooden_pickaxe":1,"minecraft:iron_pickaxe":6},"minecraft:picked_up":{"minecraft:iron_chestplate":2,"minecraft:wheat":7,"minecraft:lead":11,"minecraft:brewing_stand":3,"minecraft:golden_sword":31,"minecraft:string":56,"minecraft:soul_soil":50,"minecraft:raw_copper":4,"minecraft:cooked_salmon":19,"minecraft:iron_leggings":3,"minecraft:gold_nugget":357,"minecraft:cobbled_deepslate":46,"minecraft:bucket":1,"minecraft:rose_bush":1,"minecraft:cobblestone_slab":12,"minecraft:iron_pickaxe":6,"minecraft:iron_boots":2,"minecraft:furnace":2,"minecraft:stick":80,"minecraft:torch":277,"minecraft:porkchop":68,"minecraft:dried_kelp":297,"minecraft:cherry_log":1,"minecraft:stone_sword":1,"minecraft:rotten_flesh":228,"minecraft:obsidian":15,"minecraft:snowball":28,"minecraft:cobblestone":100,"minecraft:birch_log":87,"minecraft:pink_petals":23,"minecraft:feather":17,"minecraft:cooked_beef":10,"minecraft:magma_cream":1,"minecraft:andesite":6,"minecraft:golden_leggings":1,"minecraft:flint":7,"minecraft:tuff":10,"minecraft:dirt":354,"minecraft:lapis_lazuli":181,"minecraft:twisting_vines":4,"minecraft:bone":37,"minecraft:stonecutter":1,"minecraft:bow":2,"minecraft:orange_tulip":3,"minecraft:wheat_seeds":9,"minecraft:raw_gold":27,"minecraft:glowstone_dust":42,"minecraft:powered_rail":1,"minecraft:oak_planks":292,"minecraft:cooked_porkchop":2,"minecraft:warped_wart_block":2,"minecraft:sand":114,"minecraft:spectral_arrow":15,"minecraft:diamond":8,"minecraft:crossbow":1,"minecraft:granite":10,"minecraft:oak_sapling":72,"minecraft:netherrack":1544,"minecraft:diamond_pickaxe":1,"minecraft:charcoal":3,"minecraft:crafting_table":7,"minecraft:chicken":18,"minecraft:chest_minecart":2,"minecraft:wooden_pickaxe":3,"minecraft:shield":3,"minecraft:iron_axe":1,"minecraft:flint_and_steel":1,"minecraft:iron_shovel":1,"minecraft:beef":44,"minecraft:oak_boat":2,"minecraft:light_gray_wool":1,"minecraft:chest":2,"minecraft:sugar_cane":36,"minecraft:birch_sapling":6,"minecraft:egg":9,"minecraft:raw_iron":230,"minecraft:sandstone":5,"minecraft:oak_door":2,"minecraft:redstone":77,"minecraft:arrow":23,"minecraft:hay_block":27,"minecraft:gold_ingot":5,"minecraft:glow_berries":1,"minecraft:mutton":61,"minecraft:white_wool":59,"minecraft:rail":1,"minecraft:glow_ink_sac":2,"minecraft:salmon":16,"minecraft:leather":41,"minecraft:birch_planks":19,"minecraft:oak_log":253,"minecraft:golden_boots":1,"minecraft:gunpowder":5,"minecraft:diorite_stairs":4,"minecraft:cooked_mutton":8,"minecraft:apple":10,"minecraft:kelp":206,"minecraft:stone_pickaxe":4,"minecraft:glass_bottle":3,"minecraft:iron_sword":6,"minecraft:soul_sand":54,"minecraft:warped_fungus":11,"minecraft:pumpkin":1,"minecraft:quartz":151,"minecraft:raw_iron_block":1,"minecraft:gravel":13,"minecraft:white_bed":3,"minecraft:spider_eye":7,"minecraft:dried_kelp_block":11,"minecraft:slime_ball":9,"minecraft:stone_axe":3,"minecraft:iron_helmet":2,"minecraft:cherry_sapling":5,"minecraft:warped_roots":1,"minecraft:black_wool":7,"minecraft:coal":155}},"DataVersion":3465}