{"stats":{"minecraft:used":{"minecraft:rose_bush":1,"minecraft:stone_sword":108,"minecraft:enchanting_table":1,"minecraft:iron_shovel":203,"minecraft:flint_and_steel":1,"minecraft:dried_kelp":10,"minecraft:chest":3,"minecraft:shield":73,"minecraft:iron_sword":791,"minecraft:cooked_salmon":11,"minecraft:cooked_chicken":1,"minecraft:rotten_flesh":1,"minecraft:dried_kelp_block":4,"minecraft:netherrack":100,"minecraft:torch":273,"minecraft:dirt":16,"minecraft:warped_wart_block":2,"minecraft:mutton":1,"minecraft:obsidian":11,"minecraft:tuff":3,"minecraft:honey_bottle":2,"minecraft:wooden_axe":55,"minecraft:iron_helmet":1,"minecraft:golden_sword":14,"minecraft:bow":3,"minecraft:furnace":5,"minecraft:egg":6,"minecraft:cooked_beef":14,"minecraft:cobbled_deepslate":41,"minecraft:cooked_mutton":17,"minecraft:water_bucket":10,"minecraft:birch_planks":2,"minecraft:glass_bottle":1,"minecraft:stone_pickaxe":158,"minecraft:oak_planks":26,"minecraft:wooden_pickaxe":61,"minecraft:sugar_cane":20,"minecraft:salmon":3,"minecraft:glow_berries":1,"minecraft:crafting_table":4,"minecraft:white_bed":1,"minecraft:black_wool":1,"minecraft:diamond_pickaxe":33,"minecraft:apple":8,"minecraft:chicken":7,"minecraft:iron_pickaxe":859,"minecraft:stone_axe":278,"minecraft:cobblestone":1,"minecraft:porkchop":3,"minecraft:cooked_porkchop":8,"minecraft:andesite":4,"minecraft:bucket":10},"minecraft:crafted":{"minecraft:oak_planks":304,"minecraft:cooked_chicken":3,"minecraft:furnace":3,"minecraft:flint_and_steel":1,"minecraft:cooked_mutton":18,"minecraft:glass":56,"minecraft:iron_boots":5,"minecraft:iron_axe":1,"minecraft:stone_pickaxe":2,"minecraft:chest":3,"minecraft:oak_button":1,"minecraft:dried_kelp_block":16,"minecraft:golden_boots":2,"minecraft:cooked_beef":27,"minecraft:glass_bottle":3,"minecraft:cooked_porkchop":11,"minecraft:crafting_table":3,"minecraft:enchanting_table":1,"minecraft:dried_kelp":219,"minecraft:iron_helmet":4,"minecraft:wooden_pickaxe":2,"minecraft:iron_sword":9,"minecraft:bucket":1,"minecraft:birch_planks":136,"minecraft:stone_axe":2,"minecraft:spectral_arrow":18,"minecraft:air":0,"minecraft:iron_chestplate":4,"minecraft:book":1,"minecraft:paper":3,"minecraft:diamond_pickaxe":2,"minecraft:charcoal":24,"minecraft:shield":2,"minecraft:stick":176,"minecraft:iron_ingot":294,"minecraft:iron_pickaxe":7,"minecraft:wooden_axe":1,"minecraft:stone_sword":1,"minecraft:iron_leggings":6,"minecraft:gold_ingot":29,"minecraft:white_bed":1,"minecraft:torch":436},"minecraft:custom":{"minecraft:interact_with_anvil":9,"minecraft:mob_kills":395,"minecraft:interact_with_crafting_table":63,"minecraft:interact_with_campfire":16,"minecraft:leave_game":13,"minecraft:time_since_death":38657,"minecraft:climb_one_cm":3092,"minecraft:sprint_one_cm":890120,"minecraft:walk_one_cm":1095336,"minecraft:damage_blocked_by_shield":2895,"minecraft:drop":117,"minecraft:play_time":376132,"minecraft:sneak_time":11235,"minecraft:deaths":18,"minecraft:walk_under_water_one_cm":85535,"minecraft:jump":7649,"minecraft:walk_on_water_one_cm":81928,"minecraft:enchant_item":17,"minecraft:total_world_time":376132,"minecraft:interact_with_furnace":248,"minecraft:sleep_in_bed":10,"minecraft:time_since_rest":38700,"minecraft:damage_taken":8654,"minecraft:damage_dealt":46914,"minecraft:swim_one_cm":141609,"minecraft:fly_one_cm":1249131,"minecraft:open_chest":222,"minecraft:crouch_one_cm":31608,"minecraft:fall_one_cm":194287},"minecraft:mined":{"minecraft:nether_gold_ore":12,"minecraft:tuff":10,"minecraft:white_bed":2,"minecraft:deepslate_diamond_ore":6,"minecraft:obsidian":16,"minecraft:granite":4,"minecraft:grass_block":46,"minecraft:soul_soil":25,"minecraft:kelp":6,"minecraft:sandstone":2,"minecraft:tall_seagrass":1,"minecraft:redstone_ore":4,"minecraft:glowstone":1,"minecraft:furnace":4,"minecraft:iron_ore":75,"minecraft:fire":85,"minecraft:andesite":5,"minecraft:pumpkin":1,"minecraft:deepslate_lapis_ore":9,"minecraft:deepslate_iron_ore":135,"minecraft:rail":1,"minecraft:stone":74,"minecraft:deepslate_redstone_ore":13,"minecraft:soul_sand":19,"minecraft:kelp_plant":64,"minecraft:crafting_table":1,"minecraft:torch":2,"minecraft:poppy":1,"minecraft:warped_roots":1,"minecraft:chest":1,"minecraft:copper_ore":1,"minecraft:nether_quartz_ore":90,"minecraft:tall_grass":7,"minecraft:deepslate_coal_ore":6,"minecraft:deepslate_gold_ore":19,"minecraft:dried_kelp_block":4,"minecraft:lapis_ore":9,"minecraft:oak_planks":1,"minecraft:sugar_cane":15,"minecraft:warped_wart_block":2,"minecraft:birch_planks":2,"minecraft:birch_log":67,"minecraft:birch_leaves":12,"minecraft:orange_tulip":4,"minecraft:warped_fungus":12,"minecraft:bee_nest":1,"minecraft:black_wool":1,"minecraft:grass":31,"minecraft:coal_ore":114,"minecraft:oak_log":161,"minecraft:gravel":2,"minecraft:sand":85,"minecraft:dirt":81,"minecraft:netherrack":399,"minecraft:gold_ore":4,"minecraft:oak_leaves":100,"minecraft:deepslate":37},"minecraft:dropped":{"minecraft:iron_sword":2,"minecraft:soul_sand":18,"minecraft:wheat_seeds":2,"minecraft:cooked_beef":2,"minecraft:glow_ink_sac":2,"minecraft:feather":6,"minecraft:cobblestone":16,"minecraft:coal":22,"minecraft:stick":43,"minecraft:dirt":138,"minecraft:torch":3,"minecraft:sand":27,"minecraft:raw_iron_block":1,"minecraft:iron_pickaxe":1,"minecraft:string":50,"minecraft:white_wool":11,"minecraft:gravel":1,"minecraft:cooked_chicken":2,"minecraft:tuff":7,"minecraft:diorite_stairs":4,"minecraft:rotten_flesh":12,"minecraft:oak_planks":64,"minecraft:glowstone_dust":3,"minecraft:cooked_mutton":3,"minecraft:diamond_pickaxe":1,"minecraft:andesite":2,"minecraft:spider_eye":1,"minecraft:stone_pickaxe":2,"minecraft:raw_gold":6,"minecraft:black_wool":2,"minecraft:egg":1},"minecraft:killed_by":{"minecraft:player":3,"minecraft:zombified_piglin":1,"minecraft:wither_skeleton":1,"minecraft:enderman":1,"minecraft:piglin":1,"minecraft:skeleton":4},"minecraft:killed":{"minecraft:zombified_piglin":228,"minecraft:spider":10,"minecraft:slime":13,"minecraft:skeleton":19,"minecraft:chicken":13,"minecraft:drowned":1,"minecraft:magma_cube":5,"minecraft:piglin":3,"minecraft:pig":19,"minecraft:salmon":16,"minecraft:creeper":3,"minecraft:sheep":21,"minecraft:zombie":24,"minecraft:cow":18},"minecraft:broken":{"minecraft:wooden_pickaxe":1,"minecraft:stone_pickaxe":1,"minecraft:golden_sword":2,"minecraft:stone_axe":3,"minecraft:iron_sword":1,"minecraft:iron_pickaxe":2,"minecraft:wooden_axe":1},"minecraft:picked_up":{"minecraft:iron_chestplate":2,"minecraft:crafting_table":4,"minecraft:chicken":17,"minecraft:chest_minecart":2,"minecraft:wooden_pickaxe":3,"minecraft:golden_sword":18,"minecraft:shield":3,"minecraft:cooked_salmon":19,"minecraft:raw_copper":4,"minecraft:string":56,"minecraft:soul_soil":50,"minecraft:iron_axe":1,"minecraft:flint_and_steel":1,"minecraft:iron_leggings":3,"minecraft:iron_shovel":1,"minecraft:gold_nugget":253,"minecraft:cobbled_deepslate":46,"minecraft:bucket":1,"minecraft:beef":36,"minecraft:rose_bush":1,"minecraft:cobblestone_slab":12,"minecraft:iron_pickaxe":6,"minecraft:sugar_cane":23,"minecraft:chest":1,"minecraft:birch_sapling":6,"minecraft:furnace":2,"minecraft:iron_boots":2,"minecraft:egg":8,"minecraft:stick":72,"minecraft:raw_iron":229,"minecraft:sandstone":5,"minecraft:torch":108,"minecraft:porkchop":53,"minecraft:dried_kelp":289,"minecraft:redstone":77,"minecraft:stone_sword":1,"minecraft:arrow":23,"minecraft:rotten_flesh":166,"minecraft:gold_ingot":5,"minecraft:glow_berries":1,"minecraft:obsidian":15,"minecraft:mutton":58,"minecraft:rail":1,"minecraft:white_wool":55,"minecraft:cobblestone":99,"minecraft:birch_log":87,"minecraft:feather":15,"minecraft:cooked_beef":10,"minecraft:magma_cream":1,"minecraft:glow_ink_sac":2,"minecraft:andesite":6,"minecraft:salmon":16,"minecraft:leather":37,"minecraft:golden_leggings":1,"minecraft:birch_planks":19,"minecraft:flint":4,"minecraft:tuff":10,"minecraft:oak_log":248,"minecraft:golden_boots":1,"minecraft:gunpowder":2,"minecraft:lapis_lazuli":181,"minecraft:dirt":276,"minecraft:diorite_stairs":4,"minecraft:twisting_vines":4,"minecraft:cooked_mutton":8,"minecraft:bone":35,"minecraft:apple":10,"minecraft:kelp":200,"minecraft:bow":2,"minecraft:wheat_seeds":8,"minecraft:orange_tulip":3,"minecraft:raw_gold":27,"minecraft:stone_pickaxe":4,"minecraft:glass_bottle":3,"minecraft:glowstone_dust":42,"minecraft:iron_sword":6,"minecraft:oak_planks":292,"minecraft:soul_sand":54,"minecraft:warped_fungus":11,"minecraft:cooked_porkchop":2,"minecraft:pumpkin":1,"minecraft:warped_wart_block":2,"minecraft:quartz":142,"minecraft:raw_iron_block":1,"minecraft:gravel":13,"minecraft:sand":114,"minecraft:white_bed":3,"minecraft:spectral_arrow":15,"minecraft:spider_eye":7,"minecraft:dried_kelp_block":10,"minecraft:slime_ball":9,"minecraft:diamond":8,"minecraft:stone_axe":3,"minecraft:iron_helmet":2,"minecraft:granite":10,"minecraft:warped_roots":1,"minecraft:oak_sapling":70,"minecraft:netherrack":524,"minecraft:black_wool":7,"minecraft:coal":151,"minecraft:diamond_pickaxe":1}},"DataVersion":3465}