{"stats":{"minecraft:used":{"minecraft:rose_bush":1,"minecraft:stone_sword":108,"minecraft:enchanting_table":1,"minecraft:iron_shovel":203,"minecraft:flint_and_steel":1,"minecraft:dried_kelp":10,"minecraft:chest":1,"minecraft:shield":73,"minecraft:iron_sword":221,"minecraft:cooked_chicken":1,"minecraft:rotten_flesh":1,"minecraft:dried_kelp_block":4,"minecraft:netherrack":1,"minecraft:torch":273,"minecraft:dirt":16,"minecraft:warped_wart_block":2,"minecraft:mutton":1,"minecraft:obsidian":11,"minecraft:tuff":3,"minecraft:honey_bottle":2,"minecraft:wooden_axe":55,"minecraft:bow":3,"minecraft:furnace":5,"minecraft:egg":6,"minecraft:cooked_beef":11,"minecraft:cobbled_deepslate":41,"minecraft:cooked_mutton":16,"minecraft:water_bucket":10,"minecraft:birch_planks":2,"minecraft:glass_bottle":1,"minecraft:stone_pickaxe":158,"minecraft:oak_planks":26,"minecraft:wooden_pickaxe":61,"minecraft:sugar_cane":20,"minecraft:salmon":3,"minecraft:glow_berries":1,"minecraft:crafting_table":3,"minecraft:white_bed":1,"minecraft:black_wool":1,"minecraft:diamond_pickaxe":33,"minecraft:apple":8,"minecraft:chicken":6,"minecraft:iron_pickaxe":607,"minecraft:stone_axe":278,"minecraft:cobblestone":1,"minecraft:porkchop":3,"minecraft:cooked_porkchop":8,"minecraft:andesite":4,"minecraft:bucket":10},"minecraft:crafted":{"minecraft:oak_planks":304,"minecraft:cooked_chicken":3,"minecraft:furnace":3,"minecraft:flint_and_steel":1,"minecraft:cooked_mutton":18,"minecraft:glass":56,"minecraft:iron_boots":4,"minecraft:iron_axe":1,"minecraft:stone_pickaxe":2,"minecraft:chest":1,"minecraft:oak_button":1,"minecraft:dried_kelp_block":16,"minecraft:golden_boots":2,"minecraft:cooked_beef":27,"minecraft:glass_bottle":3,"minecraft:cooked_porkchop":11,"minecraft:crafting_table":2,"minecraft:enchanting_table":1,"minecraft:dried_kelp":219,"minecraft:iron_helmet":3,"minecraft:wooden_pickaxe":2,"minecraft:iron_sword":3,"minecraft:bucket":1,"minecraft:birch_planks":136,"minecraft:stone_axe":2,"minecraft:spectral_arrow":18,"minecraft:air":0,"minecraft:iron_chestplate":3,"minecraft:book":1,"minecraft:paper":3,"minecraft:diamond_pickaxe":2,"minecraft:charcoal":24,"minecraft:shield":2,"minecraft:stick":160,"minecraft:iron_ingot":294,"minecraft:iron_pickaxe":3,"minecraft:wooden_axe":1,"minecraft:stone_sword":1,"minecraft:iron_leggings":5,"minecraft:gold_ingot":29,"minecraft:white_bed":1,"minecraft:torch":436},"minecraft:custom":{"minecraft:interact_with_anvil":3,"minecraft:mob_kills":149,"minecraft:interact_with_crafting_table":53,"minecraft:leave_game":13,"minecraft:time_since_death":5728,"minecraft:climb_one_cm":3092,"minecraft:sprint_one_cm":790301,"minecraft:walk_one_cm":867854,"minecraft:damage_blocked_by_shield":2895,"minecraft:drop":116,"minecraft:play_time":310132,"minecraft:sneak_time":10615,"minecraft:deaths":17,"minecraft:walk_under_water_one_cm":70369,"minecraft:jump":6843,"minecraft:walk_on_water_one_cm":77493,"minecraft:enchant_item":8,"minecraft:total_world_time":310132,"minecraft:interact_with_furnace":247,"minecraft:sleep_in_bed":9,"minecraft:time_since_rest":5498,"minecraft:damage_taken":7121,"minecraft:damage_dealt":18032,"minecraft:swim_one_cm":128475,"minecraft:fly_one_cm":1117384,"minecraft:open_chest":159,"minecraft:crouch_one_cm":30098,"minecraft:fall_one_cm":178501},"minecraft:mined":{"minecraft:nether_gold_ore":12,"minecraft:tuff":10,"minecraft:white_bed":2,"minecraft:deepslate_diamond_ore":6,"minecraft:obsidian":16,"minecraft:granite":4,"minecraft:grass_block":44,"minecraft:soul_soil":25,"minecraft:kelp":6,"minecraft:sandstone":1,"minecraft:redstone_ore":4,"minecraft:glowstone":1,"minecraft:furnace":4,"minecraft:iron_ore":75,"minecraft:fire":35,"minecraft:andesite":5,"minecraft:pumpkin":1,"minecraft:deepslate_lapis_ore":9,"minecraft:deepslate_iron_ore":135,"minecraft:rail":1,"minecraft:stone":64,"minecraft:deepslate_redstone_ore":13,"minecraft:soul_sand":19,"minecraft:kelp_plant":64,"minecraft:crafting_table":1,"minecraft:torch":2,"minecraft:poppy":1,"minecraft:warped_roots":1,"minecraft:chest":1,"minecraft:nether_quartz_ore":87,"minecraft:tall_grass":7,"minecraft:deepslate_coal_ore":6,"minecraft:deepslate_gold_ore":19,"minecraft:dried_kelp_block":4,"minecraft:lapis_ore":9,"minecraft:oak_planks":1,"minecraft:sugar_cane":15,"minecraft:warped_wart_block":2,"minecraft:birch_planks":2,"minecraft:birch_log":67,"minecraft:birch_leaves":8,"minecraft:orange_tulip":4,"minecraft:warped_fungus":12,"minecraft:bee_nest":1,"minecraft:black_wool":1,"minecraft:grass":31,"minecraft:coal_ore":114,"minecraft:oak_log":161,"minecraft:gravel":2,"minecraft:sand":85,"minecraft:dirt":80,"minecraft:netherrack":163,"minecraft:gold_ore":4,"minecraft:oak_leaves":86,"minecraft:deepslate":37},"minecraft:dropped":{"minecraft:iron_sword":1,"minecraft:soul_sand":18,"minecraft:wheat_seeds":2,"minecraft:cooked_beef":2,"minecraft:glow_ink_sac":2,"minecraft:feather":6,"minecraft:cobblestone":16,"minecraft:coal":22,"minecraft:stick":43,"minecraft:dirt":138,"minecraft:torch":3,"minecraft:sand":27,"minecraft:raw_iron_block":1,"minecraft:iron_pickaxe":1,"minecraft:string":50,"minecraft:white_wool":11,"minecraft:gravel":1,"minecraft:cooked_chicken":2,"minecraft:tuff":7,"minecraft:diorite_stairs":4,"minecraft:rotten_flesh":12,"minecraft:oak_planks":64,"minecraft:glowstone_dust":3,"minecraft:cooked_mutton":3,"minecraft:diamond_pickaxe":1,"minecraft:andesite":2,"minecraft:spider_eye":1,"minecraft:stone_pickaxe":2,"minecraft:raw_gold":6,"minecraft:black_wool":2,"minecraft:egg":1},"minecraft:killed_by":{"minecraft:player":2,"minecraft:zombified_piglin":1,"minecraft:wither_skeleton":1,"minecraft:enderman":1,"minecraft:piglin":1,"minecraft:skeleton":4},"minecraft:killed":{"minecraft:spider":10,"minecraft:slime":13,"minecraft:skeleton":18,"minecraft:chicken":11,"minecraft:drowned":1,"minecraft:magma_cube":5,"minecraft:piglin":1,"minecraft:pig":19,"minecraft:salmon":5,"minecraft:creeper":3,"minecraft:sheep":20,"minecraft:zombie":24,"minecraft:cow":17},"minecraft:broken":{"minecraft:wooden_pickaxe":1,"minecraft:stone_pickaxe":1,"minecraft:stone_axe":3,"minecraft:iron_pickaxe":1,"minecraft:wooden_axe":1},"minecraft:picked_up":{"minecraft:iron_chestplate":1,"minecraft:crafting_table":4,"minecraft:chicken":15,"minecraft:chest_minecart":2,"minecraft:wooden_pickaxe":3,"minecraft:shield":2,"minecraft:string":56,"minecraft:soul_soil":50,"minecraft:iron_axe":1,"minecraft:flint_and_steel":1,"minecraft:iron_leggings":2,"minecraft:iron_shovel":1,"minecraft:gold_nugget":114,"minecraft:cobbled_deepslate":46,"minecraft:bucket":1,"minecraft:beef":33,"minecraft:rose_bush":1,"minecraft:cobblestone_slab":12,"minecraft:iron_pickaxe":5,"minecraft:sugar_cane":23,"minecraft:chest":1,"minecraft:birch_sapling":6,"minecraft:furnace":2,"minecraft:iron_boots":1,"minecraft:egg":8,"minecraft:stick":70,"minecraft:raw_iron":229,"minecraft:sandstone":3,"minecraft:torch":108,"minecraft:porkchop":53,"minecraft:dried_kelp":289,"minecraft:redstone":77,"minecraft:stone_sword":1,"minecraft:arrow":21,"minecraft:rotten_flesh":40,"minecraft:glow_berries":1,"minecraft:obsidian":15,"minecraft:mutton":56,"minecraft:rail":1,"minecraft:white_wool":53,"minecraft:cobblestone":79,"minecraft:birch_log":87,"minecraft:feather":10,"minecraft:cooked_beef":6,"minecraft:magma_cream":1,"minecraft:glow_ink_sac":2,"minecraft:andesite":6,"minecraft:salmon":5,"minecraft:leather":35,"minecraft:birch_planks":19,"minecraft:flint":4,"minecraft:tuff":10,"minecraft:oak_log":248,"minecraft:golden_boots":1,"minecraft:gunpowder":2,"minecraft:lapis_lazuli":181,"minecraft:dirt":270,"minecraft:diorite_stairs":4,"minecraft:twisting_vines":4,"minecraft:cooked_mutton":4,"minecraft:bone":35,"minecraft:apple":10,"minecraft:kelp":200,"minecraft:bow":2,"minecraft:wheat_seeds":8,"minecraft:orange_tulip":3,"minecraft:raw_gold":27,"minecraft:stone_pickaxe":4,"minecraft:glass_bottle":3,"minecraft:glowstone_dust":42,"minecraft:iron_sword":5,"minecraft:oak_planks":250,"minecraft:soul_sand":54,"minecraft:warped_fungus":11,"minecraft:cooked_porkchop":2,"minecraft:pumpkin":1,"minecraft:warped_wart_block":2,"minecraft:quartz":140,"minecraft:raw_iron_block":1,"minecraft:gravel":13,"minecraft:sand":114,"minecraft:white_bed":3,"minecraft:spectral_arrow":15,"minecraft:spider_eye":7,"minecraft:dried_kelp_block":10,"minecraft:slime_ball":9,"minecraft:diamond":8,"minecraft:stone_axe":3,"minecraft:iron_helmet":1,"minecraft:granite":10,"minecraft:warped_roots":1,"minecraft:oak_sapling":69,"minecraft:netherrack":191,"minecraft:black_wool":7,"minecraft:coal":151,"minecraft:diamond_pickaxe":1}},"DataVersion":3465}