{"stats":{"minecraft:dropped":{"minecraft:iron_sword":3,"minecraft:soul_sand":18,"minecraft:lapis_lazuli":3,"minecraft:cooked_beef":2,"minecraft:glow_ink_sac":2,"minecraft:emerald":24,"minecraft:dirt":254,"minecraft:mutton":5,"minecraft:snowball":16,"minecraft:gold_nugget":5,"minecraft:sand":30,"minecraft:iron_pickaxe":6,"minecraft:white_wool":18,"minecraft:bone":51,"minecraft:oak_door":3,"minecraft:gravel":14,"minecraft:cooked_chicken":3,"minecraft:diorite_stairs":4,"minecraft:rotten_flesh":37,"minecraft:oak_planks":64,"minecraft:glowstone_dust":3,"minecraft:cooked_mutton":3,"minecraft:white_bed":1,"minecraft:poppy":2,"minecraft:oak_fence_gate":3,"minecraft:gunpowder":2,"minecraft:leather_boots":1,"minecraft:chest":4,"minecraft:spruce_slab":3,"minecraft:arrow":10,"minecraft:glass":267,"minecraft:beef":1,"minecraft:netherrack":2,"minecraft:lectern":1,"minecraft:egg":12,"minecraft:bread":59,"minecraft:oak_slab":1,"minecraft:wheat_seeds":19,"minecraft:mossy_cobblestone":1,"minecraft:iron_helmet":1,"minecraft:feather":6,"minecraft:cobblestone":139,"minecraft:lead":3,"minecraft:apple":9,"minecraft:granite":3,"minecraft:spruce_button":1,"minecraft:coal":22,"minecraft:stick":43,"minecraft:torch":7,"minecraft:cherry_planks":4,"minecraft:iron_leggings":1,"minecraft:iron_axe":1,"minecraft:raw_iron_block":1,"minecraft:paper":1,"minecraft:string":100,"minecraft:pink_petals":1,"minecraft:bucket":1,"minecraft:dandelion":1,"minecraft:tuff":7,"minecraft:stone_shovel":1,"minecraft:iron_boots":1,"minecraft:shears":1,"minecraft:potato":4,"minecraft:spruce_boat":1,"minecraft:shield":1,"minecraft:spruce_planks":2,"minecraft:diamond_pickaxe":1,"minecraft:iron_chestplate":1,"minecraft:andesite":2,"minecraft:oak_sapling":15,"minecraft:oak_boat":1,"minecraft:golden_sword":1,"minecraft:spider_eye":1,"minecraft:stone_pickaxe":2,"minecraft:raw_gold":6,"minecraft:black_wool":2},"minecraft:used":{"minecraft:cherry_sapling":5,"minecraft:iron_shovel":1510,"minecraft:spruce_slab":8,"minecraft:oak_sign":4,"minecraft:chest":15,"minecraft:shield":134,"minecraft:iron_sword":1328,"minecraft:rotten_flesh":73,"minecraft:soul_sand":5,"minecraft:mutton":1,"minecraft:tuff":3,"minecraft:obsidian":14,"minecraft:honey_bottle":2,"minecraft:spruce_boat":2,"minecraft:glass":27,"minecraft:lava_bucket":3,"minecraft:grass_block":1,"minecraft:iron_helmet":1,"minecraft:golden_sword":130,"minecraft:magma_block":1,"minecraft:bow":4,"minecraft:furnace":5,"minecraft:egg":6,"minecraft:potato":47,"minecraft:oak_planks":147,"minecraft:stone_pickaxe":158,"minecraft:powered_rail":1,"minecraft:wooden_pickaxe":61,"minecraft:sugar_cane":57,"minecraft:glow_berries":1,"minecraft:bread":58,"minecraft:lectern":2,"minecraft:gravel":16,"minecraft:smithing_table":64,"minecraft:andesite":4,"minecraft:oak_boat":35,"minecraft:bone_meal":27,"minecraft:oak_fence":1,"minecraft:oak_trapdoor":3,"minecraft:rose_bush":1,"minecraft:enchanting_table":1,"minecraft:stone_sword":108,"minecraft:flint_and_steel":1,"minecraft:stone_shovel":23,"minecraft:dried_kelp":10,"minecraft:spruce_planks":35,"minecraft:cooked_salmon":11,"minecraft:cooked_chicken":1,"minecraft:dried_kelp_block":4,"minecraft:netherrack":612,"minecraft:oak_door":1,"minecraft:torch":662,"minecraft:brewing_stand":9,"minecraft:dirt":263,"minecraft:warped_wart_block":2,"minecraft:granite":2,"minecraft:oak_fence_gate":1,"minecraft:iron_hoe":94,"minecraft:wooden_axe":55,"minecraft:iron_axe":505,"minecraft:spruce_button":3,"minecraft:barrel":4,"minecraft:beef":2,"minecraft:soul_soil":1,"minecraft:minecart":31,"minecraft:cooked_beef":43,"minecraft:cobbled_deepslate":41,"minecraft:cherry_log":1,"minecraft:cooked_mutton":45,"minecraft:water_bucket":16,"minecraft:birch_planks":2,"minecraft:glass_bottle":1,"minecraft:fletching_table":15,"minecraft:stonecutter":1,"minecraft:cobblestone_slab":18,"minecraft:salmon":3,"minecraft:rail":237,"minecraft:oak_slab":10,"minecraft:crafting_table":14,"minecraft:white_bed":2,"minecraft:spruce_log":130,"minecraft:black_wool":1,"minecraft:diamond_pickaxe":33,"minecraft:apple":10,"minecraft:chicken":8,"minecraft:iron_pickaxe":3245,"minecraft:spruce_sapling":4,"minecraft:stone_axe":306,"minecraft:pink_petals":530,"minecraft:cobblestone":419,"minecraft:porkchop":5,"minecraft:cooked_porkchop":23,"minecraft:bucket":24,"minecraft:kelp":104},"minecraft:broken":{"minecraft:iron_shovel":1,"minecraft:stone_pickaxe":1,"minecraft:golden_sword":13,"minecraft:stone_axe":3,"minecraft:iron_sword":3,"minecraft:wooden_axe":1,"minecraft:wooden_pickaxe":1,"minecraft:iron_axe":2,"minecraft:iron_pickaxe":7},"minecraft:killed_by":{"minecraft:zombified_piglin":1,"minecraft:wither_skeleton":1,"minecraft:piglin":1,"minecraft:player":3,"minecraft:enderman":1,"minecraft:skeleton":4},"minecraft:killed":{"minecraft:zombified_piglin":351,"minecraft:spider":16,"minecraft:skeleton":34,"minecraft:chicken":14,"minecraft:magma_cube":5,"minecraft:piglin":6,"minecraft:pig":30,"minecraft:salmon":16,"minecraft:iron_golem":2,"minecraft:creeper":3,"minecraft:sheep":24,"minecraft:zombie":49,"minecraft:cow":24,"minecraft:slime":13,"minecraft:phantom":2,"minecraft:drowned":4,"minecraft:villager":2,"minecraft:enderman":1},"minecraft:crafted":{"minecraft:oak_planks":604,"minecraft:barrel":1,"minecraft:cobblestone_slab":18,"minecraft:oak_sign":6,"minecraft:cooked_chicken":4,"minecraft:cooked_mutton":20,"minecraft:glass":888,"minecraft:hopper":12,"minecraft:bow":1,"minecraft:iron_boots":5,"minecraft:chest":33,"minecraft:oak_button":1,"minecraft:rail":144,"minecraft:dried_kelp_block":16,"minecraft:oak_fence":3,"minecraft:golden_boots":2,"minecraft:glass_bottle":3,"minecraft:oak_slab":66,"minecraft:emerald":21,"minecraft:cooked_porkchop":26,"minecraft:crafting_table":9,"minecraft:spruce_planks":92,"minecraft:wooden_pickaxe":2,"minecraft:iron_helmet":4,"minecraft:smithing_table":1,"minecraft:fletching_table":3,"minecraft:birch_planks":136,"minecraft:spectral_arrow":18,"minecraft:iron_chestplate":4,"minecraft:book":1,"minecraft:paper":572,"minecraft:diamond_pickaxe":2,"minecraft:charcoal":24,"minecraft:shield":3,"minecraft:stick":408,"minecraft:iron_ingot":338,"minecraft:iron_pickaxe":15,"minecraft:stone_sword":1,"minecraft:gold_ingot":29,"minecraft:redstone_torch":4,"minecraft:composter":9,"minecraft:shears":1,"minecraft:cherry_planks":4,"minecraft:spruce_button":1,"minecraft:furnace":3,"minecraft:bone_meal":27,"minecraft:oak_trapdoor":2,"minecraft:flint_and_steel":1,"minecraft:iron_axe":3,"minecraft:iron_hoe":1,"minecraft:spruce_slab":6,"minecraft:stone_pickaxe":2,"minecraft:spruce_boat":1,"minecraft:minecart":1,"minecraft:wheat":398,"minecraft:cooked_beef":45,"minecraft:enchanting_table":1,"minecraft:dried_kelp":219,"minecraft:iron_sword":11,"minecraft:bucket":7,"minecraft:stone_axe":2,"minecraft:air":0,"minecraft:bread":101,"minecraft:oak_boat":5,"minecraft:wooden_axe":1,"minecraft:iron_shovel":5,"minecraft:iron_leggings":6,"minecraft:white_bed":4,"minecraft:torch":700},"minecraft:custom":{"minecraft:animals_bred":7,"minecraft:interact_with_crafting_table":158,"minecraft:open_barrel":1,"minecraft:bell_ring":34,"minecraft:leave_game":32,"minecraft:time_since_death":744370,"minecraft:sprint_one_cm":2961375,"minecraft:damage_blocked_by_shield":4892,"minecraft:drop":275,"minecraft:talked_to_villager":215,"minecraft:play_time":1081845,"minecraft:deaths":18,"minecraft:jump":23586,"minecraft:walk_on_water_one_cm":184322,"minecraft:enchant_item":24,"minecraft:interact_with_furnace":401,"minecraft:traded_with_villager":21,"minecraft:sleep_in_bed":23,"minecraft:damage_dealt":78125,"minecraft:crouch_one_cm":107570,"minecraft:interact_with_smithing_table":4,"minecraft:interact_with_anvil":14,"minecraft:mob_kills":601,"minecraft:interact_with_campfire":16,"minecraft:climb_one_cm":10606,"minecraft:walk_one_cm":3117391,"minecraft:sneak_time":35226,"minecraft:walk_under_water_one_cm":299079,"minecraft:boat_one_cm":253027,"minecraft:total_world_time":1081845,"minecraft:interact_with_stonecutter":2,"minecraft:time_since_rest":72055,"minecraft:damage_taken":13925,"minecraft:minecart_one_cm":14,"minecraft:swim_one_cm":370858,"minecraft:fly_one_cm":4360668,"minecraft:open_chest":458,"minecraft:fall_one_cm":604698},"minecraft:mined":{"minecraft:spruce_planks":15,"minecraft:white_bed":13,"minecraft:cherry_log":17,"minecraft:brewing_stand":10,"minecraft:obsidian":16,"minecraft:granite":8,"minecraft:grass_block":259,"minecraft:soul_soil":30,"minecraft:tall_seagrass":1,"minecraft:magma_block":1,"minecraft:glowstone":1,"minecraft:iron_ore":107,"minecraft:fire":111,"minecraft:barrel":3,"minecraft:pumpkin":1,"minecraft:fletching_table":12,"minecraft:deepslate_lapis_ore":9,"minecraft:dirt_path":26,"minecraft:oak_stairs":4,"minecraft:spruce_slab":10,"minecraft:deepslate_redstone_ore":13,"minecraft:kelp_plant":102,"minecraft:powder_snow":4,"minecraft:torch":7,"minecraft:poppy":1,"minecraft:chest":5,"minecraft:nether_quartz_ore":103,"minecraft:glass":1,"minecraft:cobblestone":97,"minecraft:oak_planks":59,"minecraft:sugar_cane":334,"minecraft:wall_torch":14,"minecraft:pink_petals":143,"minecraft:powered_rail":1,"minecraft:birch_log":67,"minecraft:warped_fungus":12,"minecraft:orange_tulip":4,"minecraft:oak_log":235,"minecraft:oak_fence_gate":2,"minecraft:sand":926,"minecraft:dirt":256,"minecraft:stonecutter":1,"minecraft:netherrack":1620,"minecraft:oak_leaves":120,"minecraft:deepslate":37,"minecraft:nether_gold_ore":18,"minecraft:tuff":10,"minecraft:mossy_cobblestone":3,"minecraft:deepslate_diamond_ore":6,"minecraft:oak_door":5,"minecraft:spruce_leaves":18,"minecraft:kelp":9,"minecraft:sandstone":2,"minecraft:hay_block":44,"minecraft:redstone_ore":4,"minecraft:oak_trapdoor":1,"minecraft:furnace":4,"minecraft:snow":2,"minecraft:andesite":8,"minecraft:potatoes":12,"minecraft:deepslate_iron_ore":135,"minecraft:rail":114,"minecraft:stone":550,"minecraft:smithing_table":62,"minecraft:oak_slab":9,"minecraft:glass_pane":3,"minecraft:soul_sand":20,"minecraft:snow_block":9,"minecraft:crafting_table":6,"minecraft:short_grass":100,"minecraft:spruce_button":3,"minecraft:emerald_ore":2,"minecraft:warped_roots":1,"minecraft:campfire":1,"minecraft:copper_ore":6,"minecraft:tall_grass":18,"minecraft:deepslate_coal_ore":6,"minecraft:dried_kelp_block":4,"minecraft:lapis_ore":13,"minecraft:deepslate_gold_ore":19,"minecraft:diorite":6,"minecraft:warped_wart_block":2,"minecraft:birch_planks":2,"minecraft:spruce_log":199,"minecraft:birch_leaves":12,"minecraft:bee_nest":1,"minecraft:yellow_bed":6,"minecraft:black_wool":1,"minecraft:coal_ore":439,"minecraft:cherry_leaves":6,"minecraft:gravel":69,"minecraft:gold_ore":4},"minecraft:picked_up":{"minecraft:iron_chestplate":2,"minecraft:wheat":7,"minecraft:smithing_table":63,"minecraft:lead":18,"minecraft:oak_stairs":4,"minecraft:brewing_stand":10,"minecraft:golden_sword":31,"minecraft:string":626,"minecraft:soul_soil":55,"minecraft:raw_copper":4,"minecraft:cooked_salmon":19,"minecraft:iron_leggings":3,"minecraft:gold_nugget":364,"minecraft:cobbled_deepslate":46,"minecraft:bucket":2,"minecraft:spruce_planks":14,"minecraft:rose_bush":1,"minecraft:cobblestone_slab":12,"minecraft:iron_pickaxe":7,"minecraft:furnace":2,"minecraft:iron_boots":2,"minecraft:stick":92,"minecraft:torch":300,"minecraft:porkchop":70,"minecraft:dried_kelp":297,"minecraft:cherry_log":17,"minecraft:stone_sword":1,"minecraft:rotten_flesh":252,"minecraft:obsidian":15,"minecraft:snowball":77,"minecraft:cobblestone":744,"minecraft:nautilus_shell":1,"minecraft:birch_log":87,"minecraft:pink_petals":667,"minecraft:magma_block":1,"minecraft:feather":17,"minecraft:cooked_beef":21,"minecraft:magma_cream":1,"minecraft:andesite":6,"minecraft:golden_leggings":1,"minecraft:potato":43,"minecraft:flint":10,"minecraft:tuff":10,"minecraft:lapis_lazuli":204,"minecraft:dirt":675,"minecraft:twisting_vines":4,"minecraft:glass":102,"minecraft:bone":54,"minecraft:bow":3,"minecraft:stonecutter":1,"minecraft:wheat_seeds":26,"minecraft:orange_tulip":3,"minecraft:raw_gold":27,"minecraft:fletching_table":12,"minecraft:glowstone_dust":42,"minecraft:powered_rail":2,"minecraft:oak_planks":343,"minecraft:cooked_porkchop":2,"minecraft:warped_wart_block":2,"minecraft:sand":949,"minecraft:grass_block":1,"minecraft:spectral_arrow":15,"minecraft:barrel":3,"minecraft:mossy_cobblestone":3,"minecraft:diamond":8,"minecraft:spruce_boat":2,"minecraft:crossbow":1,"minecraft:granite":15,"minecraft:emerald":2,"minecraft:spruce_button":3,"minecraft:spruce_sign":1,"minecraft:bread":35,"minecraft:oak_sapling":82,"minecraft:netherrack":1616,"minecraft:diamond_pickaxe":1,"minecraft:charcoal":3,"minecraft:crafting_table":9,"minecraft:chicken":18,"minecraft:chest_minecart":2,"minecraft:wooden_pickaxe":3,"minecraft:shield":3,"minecraft:oak_trapdoor":1,"minecraft:iron_axe":2,"minecraft:flint_and_steel":1,"minecraft:iron_shovel":1,"minecraft:beef":52,"minecraft:oak_boat":31,"minecraft:poppy":3,"minecraft:light_gray_wool":1,"minecraft:spruce_slab":12,"minecraft:minecart":31,"minecraft:chest":9,"minecraft:sugar_cane":680,"minecraft:birch_sapling":6,"minecraft:egg":21,"minecraft:raw_iron":273,"minecraft:sandstone":5,"minecraft:oak_door":5,"minecraft:redstone":77,"minecraft:arrow":42,"minecraft:stone_shovel":2,"minecraft:hay_block":51,"minecraft:gold_ingot":5,"minecraft:glow_berries":1,"minecraft:mutton":65,"minecraft:rail":113,"minecraft:white_wool":73,"minecraft:stripped_oak_log":1,"minecraft:glow_ink_sac":2,"minecraft:salmon":16,"minecraft:leather":42,"minecraft:birch_planks":19,"minecraft:oak_log":322,"minecraft:golden_boots":1,"minecraft:yellow_bed":6,"minecraft:gunpowder":8,"minecraft:diorite_stairs":4,"minecraft:paper":2,"minecraft:cooked_mutton":33,"minecraft:apple":10,"minecraft:kelp":497,"minecraft:iron_ingot":29,"minecraft:oak_fence_gate":4,"minecraft:stone_pickaxe":8,"minecraft:glass_bottle":3,"minecraft:iron_sword":7,"minecraft:soul_sand":55,"minecraft:oak_slab":9,"minecraft:warped_fungus":11,"minecraft:pumpkin":1,"minecraft:quartz":151,"minecraft:raw_iron_block":1,"minecraft:gravel":42,"minecraft:spruce_sapling":8,"minecraft:white_bed":13,"minecraft:spruce_log":203,"minecraft:spider_eye":7,"minecraft:dried_kelp_block":11,"minecraft:slime_ball":9,"minecraft:stone_axe":4,"minecraft:iron_helmet":2,"minecraft:cherry_sapling":6,"minecraft:warped_roots":1,"minecraft:black_wool":7,"minecraft:coal":472,"minecraft:ender_pearl":1}},"DataVersion":3700}