{"stats":{"minecraft:used":{"minecraft:stone_sword":108,"minecraft:rose_bush":1,"minecraft:dried_kelp":10,"minecraft:chest":1,"minecraft:shield":27,"minecraft:iron_sword":38,"minecraft:cooked_chicken":1,"minecraft:rotten_flesh":1,"minecraft:dried_kelp_block":4,"minecraft:torch":159,"minecraft:dirt":11,"minecraft:mutton":1,"minecraft:tuff":3,"minecraft:wooden_axe":55,"minecraft:furnace":4,"minecraft:egg":2,"minecraft:cobbled_deepslate":6,"minecraft:cooked_mutton":14,"minecraft:birch_planks":2,"minecraft:stone_pickaxe":116,"minecraft:oak_planks":17,"minecraft:wooden_pickaxe":61,"minecraft:salmon":3,"minecraft:crafting_table":3,"minecraft:white_bed":1,"minecraft:apple":8,"minecraft:iron_pickaxe":190,"minecraft:stone_axe":234,"minecraft:porkchop":3,"minecraft:cooked_porkchop":3},"minecraft:crafted":{"minecraft:oak_planks":192,"minecraft:cooked_chicken":3,"minecraft:furnace":3,"minecraft:cooked_mutton":14,"minecraft:iron_boots":1,"minecraft:stone_pickaxe":2,"minecraft:chest":1,"minecraft:oak_button":1,"minecraft:dried_kelp_block":16,"minecraft:cooked_porkchop":6,"minecraft:crafting_table":2,"minecraft:dried_kelp":219,"minecraft:wooden_pickaxe":2,"minecraft:iron_sword":1,"minecraft:birch_planks":124,"minecraft:stone_axe":2,"minecraft:air":0,"minecraft:charcoal":24,"minecraft:shield":1,"minecraft:stick":160,"minecraft:iron_ingot":17,"minecraft:iron_pickaxe":1,"minecraft:wooden_axe":1,"minecraft:stone_sword":1,"minecraft:iron_leggings":1,"minecraft:white_bed":1,"minecraft:torch":308},"minecraft:custom":{"minecraft:mob_kills":75,"minecraft:interact_with_crafting_table":26,"minecraft:leave_game":7,"minecraft:time_since_death":14934,"minecraft:sprint_one_cm":352199,"minecraft:walk_one_cm":410943,"minecraft:damage_blocked_by_shield":1530,"minecraft:drop":76,"minecraft:play_time":140842,"minecraft:deaths":7,"minecraft:sneak_time":4343,"minecraft:walk_under_water_one_cm":46227,"minecraft:jump":3084,"minecraft:walk_on_water_one_cm":32235,"minecraft:total_world_time":140842,"minecraft:interact_with_furnace":136,"minecraft:sleep_in_bed":5,"minecraft:time_since_rest":15038,"minecraft:damage_taken":3345,"minecraft:damage_dealt":9563,"minecraft:swim_one_cm":89074,"minecraft:fly_one_cm":516732,"minecraft:open_chest":18,"minecraft:crouch_one_cm":8156,"minecraft:fall_one_cm":75654},"minecraft:mined":{"minecraft:tuff":6,"minecraft:white_bed":1,"minecraft:deepslate_diamond_ore":1,"minecraft:granite":4,"minecraft:grass_block":11,"minecraft:kelp":6,"minecraft:sandstone":1,"minecraft:redstone_ore":4,"minecraft:furnace":1,"minecraft:iron_ore":44,"minecraft:andesite":1,"minecraft:pumpkin":1,"minecraft:deepslate_lapis_ore":2,"minecraft:deepslate_iron_ore":71,"minecraft:stone":48,"minecraft:deepslate_redstone_ore":11,"minecraft:kelp_plant":64,"minecraft:crafting_table":1,"minecraft:chest":1,"minecraft:tall_grass":5,"minecraft:deepslate_coal_ore":4,"minecraft:lapis_ore":9,"minecraft:dried_kelp_block":4,"minecraft:deepslate_gold_ore":13,"minecraft:sugar_cane":1,"minecraft:oak_planks":1,"minecraft:birch_planks":2,"minecraft:birch_log":61,"minecraft:birch_leaves":5,"minecraft:orange_tulip":4,"minecraft:bee_nest":1,"minecraft:grass":24,"minecraft:oak_log":133,"minecraft:coal_ore":76,"minecraft:sand":2,"minecraft:dirt":25,"minecraft:gold_ore":4,"minecraft:oak_leaves":71,"minecraft:deepslate":25},"minecraft:dropped":{"minecraft:stick":22,"minecraft:torch":3,"minecraft:string":1,"minecraft:cooked_chicken":2,"minecraft:rotten_flesh":2,"minecraft:oak_planks":64,"minecraft:cooked_mutton":1,"minecraft:spider_eye":1,"minecraft:stone_pickaxe":1,"minecraft:egg":1},"minecraft:killed_by":{"minecraft:player":1,"minecraft:skeleton":4},"minecraft:killed":{"minecraft:spider":8,"minecraft:skeleton":6,"minecraft:chicken":5,"minecraft:drowned":1,"minecraft:pig":16,"minecraft:salmon":5,"minecraft:creeper":3,"minecraft:sheep":18,"minecraft:zombie":12,"minecraft:cow":1},"minecraft:broken":{"minecraft:wooden_pickaxe":1,"minecraft:stone_axe":2,"minecraft:wooden_axe":1},"minecraft:picked_up":{"minecraft:crafting_table":4,"minecraft:chicken":9,"minecraft:wooden_pickaxe":3,"minecraft:shield":1,"minecraft:string":7,"minecraft:iron_leggings":1,"minecraft:cobbled_deepslate":24,"minecraft:beef":6,"minecraft:rose_bush":1,"minecraft:cobblestone_slab":12,"minecraft:iron_pickaxe":1,"minecraft:sugar_cane":4,"minecraft:chest":1,"minecraft:birch_sapling":6,"minecraft:egg":4,"minecraft:furnace":1,"minecraft:stick":28,"minecraft:raw_iron":136,"minecraft:sandstone":3,"minecraft:torch":74,"minecraft:porkchop":46,"minecraft:dried_kelp":289,"minecraft:redstone":69,"minecraft:arrow":12,"minecraft:stone_sword":1,"minecraft:rotten_flesh":30,"minecraft:mutton":52,"minecraft:white_wool":40,"minecraft:cobblestone":59,"minecraft:birch_log":84,"minecraft:feather":4,"minecraft:salmon":5,"minecraft:leather":4,"minecraft:birch_planks":7,"minecraft:tuff":6,"minecraft:oak_log":220,"minecraft:gunpowder":2,"minecraft:lapis_lazuli":124,"minecraft:dirt":60,"minecraft:cooked_mutton":4,"minecraft:bone":24,"minecraft:apple":10,"minecraft:kelp":200,"minecraft:orange_tulip":3,"minecraft:wheat_seeds":6,"minecraft:raw_gold":21,"minecraft:stone_pickaxe":3,"minecraft:oak_planks":153,"minecraft:iron_sword":1,"minecraft:pumpkin":1,"minecraft:gravel":12,"minecraft:sand":4,"minecraft:white_bed":1,"minecraft:spider_eye":7,"minecraft:dried_kelp_block":10,"minecraft:diamond":1,"minecraft:stone_axe":3,"minecraft:granite":10,"minecraft:oak_sapling":69,"minecraft:black_wool":6,"minecraft:coal":110}},"DataVersion":3465}