{"stats":{"minecraft:broken":{"minecraft:iron_shovel":1,"minecraft:golden_sword":26,"minecraft:stone_axe":1,"minecraft:iron_sword":1,"minecraft:iron_axe":2,"minecraft:iron_pickaxe":10},"minecraft:dropped":{"minecraft:iron_sword":3,"minecraft:diamond":2,"minecraft:crossbow":1,"minecraft:warped_roots":4,"minecraft:rail":7,"minecraft:flint":7,"minecraft:dirt":29,"minecraft:mutton":1,"minecraft:gold_nugget":4,"minecraft:iron_pickaxe":3,"minecraft:white_wool":1,"minecraft:bone":2,"minecraft:gravel":22,"minecraft:crimson_fungus":1,"minecraft:cobbled_deepslate":10,"minecraft:birch_sapling":6,"minecraft:diorite_stairs":4,"minecraft:rotten_flesh":28,"minecraft:oak_planks":14,"minecraft:gunpowder":10,"minecraft:charcoal":1,"minecraft:chest":1,"minecraft:arrow":13,"minecraft:powered_rail":1,"minecraft:glass":38,"minecraft:netherrack":1,"minecraft:wheat_seeds":21,"minecraft:poisonous_potato":3,"minecraft:feather":3,"minecraft:cobblestone":3,"minecraft:lead":4,"minecraft:apple":1,"minecraft:stick":10,"minecraft:dried_kelp_block":1,"minecraft:diorite":3,"minecraft:torch":198,"minecraft:rabbit":1,"minecraft:cooked_salmon":2,"minecraft:dried_kelp":8,"minecraft:raw_iron_block":1,"minecraft:string":48,"minecraft:kelp":8,"minecraft:warped_nylium":1,"minecraft:light_gray_wool":1,"minecraft:potato":2,"minecraft:cobblestone_slab":6,"minecraft:andesite":13,"minecraft:oak_sapling":29,"minecraft:andesite_stairs":9,"minecraft:spider_eye":2,"minecraft:sandstone":1,"minecraft:bow":1,"minecraft:stone_pickaxe":3,"minecraft:wooden_pickaxe":4},"minecraft:mined":{"minecraft:white_bed":7,"minecraft:oak_sapling":1,"minecraft:andesite_stairs":1,"minecraft:cherry_log":52,"minecraft:cobblestone_stairs":5,"minecraft:granite":2,"minecraft:grass_block":261,"minecraft:crimson_fungus":1,"minecraft:oxeye_daisy":1,"minecraft:spawner":1,"minecraft:magma_block":20,"minecraft:raw_iron_block":2,"minecraft:glowstone":80,"minecraft:iron_ore":85,"minecraft:fire":230,"minecraft:deepslate_lapis_ore":3,"minecraft:anvil":1,"minecraft:enchanting_table":2,"minecraft:deepslate_redstone_ore":9,"minecraft:twisting_vines_plant":2,"minecraft:powder_snow":3,"minecraft:torch":35,"minecraft:chest":12,"minecraft:glass":6,"minecraft:nether_quartz_ore":107,"minecraft:cobblestone":11,"minecraft:sugar_cane":603,"minecraft:oak_planks":19,"minecraft:wall_torch":10,"minecraft:cherry_slab":9,"minecraft:pink_petals":172,"minecraft:warped_nylium":6,"minecraft:birch_log":4,"minecraft:warped_fungus":3,"minecraft:oak_log":101,"minecraft:dirt":79,"minecraft:netherrack":1768,"minecraft:oak_leaves":33,"minecraft:deepslate":25,"minecraft:nether_gold_ore":15,"minecraft:tuff":15,"minecraft:deepslate_diamond_ore":2,"minecraft:spruce_leaves":74,"minecraft:red_mushroom":8,"minecraft:hay_block":39,"minecraft:redstone_ore":2,"minecraft:oak_trapdoor":2,"minecraft:spruce_sapling":1,"minecraft:furnace":18,"minecraft:nether_sprouts":1,"minecraft:andesite":58,"minecraft:potatoes":63,"minecraft:deepslate_iron_ore":138,"minecraft:shroomlight":1,"minecraft:cobblestone_slab":20,"minecraft:warped_stem":7,"minecraft:stone":548,"minecraft:soul_sand":26,"minecraft:oak_fence":7,"minecraft:crafting_table":12,"minecraft:short_grass":123,"minecraft:warped_roots":3,"minecraft:rose_bush":1,"minecraft:tall_grass":15,"minecraft:dried_kelp_block":1,"minecraft:deepslate_gold_ore":26,"minecraft:diorite":16,"minecraft:warped_wart_block":5,"minecraft:spruce_log":32,"minecraft:birch_leaves":1,"minecraft:coal_ore":330,"minecraft:cherry_leaves":10,"minecraft:sunflower":3,"minecraft:gravel":39,"minecraft:fern":1},"minecraft:used":{"minecraft:cherry_sapling":3,"minecraft:iron_shovel":355,"minecraft:chest":23,"minecraft:shield":78,"minecraft:iron_sword":828,"minecraft:rotten_flesh":142,"minecraft:iron_chestplate":3,"minecraft:tuff":18,"minecraft:azure_bluet":1,"minecraft:honey_bottle":2,"minecraft:glass":69,"minecraft:birch_sapling":7,"minecraft:iron_helmet":2,"minecraft:golden_sword":188,"minecraft:bow":34,"minecraft:oak_sapling":11,"minecraft:furnace":30,"minecraft:egg":5,"minecraft:potato":107,"minecraft:golden_boots":1,"minecraft:diorite":6,"minecraft:oak_planks":6,"minecraft:stone_pickaxe":144,"minecraft:ender_pearl":2,"minecraft:wooden_pickaxe":40,"minecraft:composter":2,"minecraft:sugar_cane":273,"minecraft:glow_berries":11,"minecraft:golden_hoe":1,"minecraft:crossbow":1,"minecraft:bread":26,"minecraft:string":1,"minecraft:gravel":28,"minecraft:andesite":15,"minecraft:oak_boat":4,"minecraft:bone_meal":30,"minecraft:oak_fence":97,"minecraft:oak_trapdoor":20,"minecraft:enchanting_table":2,"minecraft:stone_sword":92,"minecraft:dried_kelp":1,"minecraft:cooked_salmon":11,"minecraft:cooked_chicken":4,"minecraft:dried_kelp_block":1,"minecraft:netherrack":1766,"minecraft:torch":471,"minecraft:dirt":256,"minecraft:warped_wart_block":3,"minecraft:anvil":2,"minecraft:granite":2,"minecraft:oak_fence_gate":2,"minecraft:shroomlight":1,"minecraft:bookshelf":12,"minecraft:iron_axe":393,"minecraft:cherry_slab":98,"minecraft:iron_boots":1,"minecraft:cooked_beef":32,"minecraft:cobbled_deepslate":25,"minecraft:cherry_log":5,"minecraft:iron_leggings":2,"minecraft:cooked_mutton":12,"minecraft:water_bucket":125,"minecraft:cobblestone_stairs":92,"minecraft:glass_bottle":1,"minecraft:cobblestone_slab":15,"minecraft:warped_roots":1,"minecraft:crafting_table":16,"minecraft:white_bed":14,"minecraft:campfire":1,"minecraft:diamond_pickaxe":137,"minecraft:apple":1,"minecraft:oxeye_daisy":1,"minecraft:sunflower":3,"minecraft:iron_pickaxe":3069,"minecraft:spruce_trapdoor":4,"minecraft:spruce_sapling":13,"minecraft:stone_axe":184,"minecraft:pink_petals":895,"minecraft:cobblestone":252,"minecraft:cooked_porkchop":26,"minecraft:andesite_stairs":21,"minecraft:bucket":128},"minecraft:custom":{"minecraft:animals_bred":9,"minecraft:interact_with_crafting_table":126,"minecraft:leave_game":37,"minecraft:time_since_death":324321,"minecraft:sprint_one_cm":1922906,"minecraft:damage_blocked_by_shield":2885,"minecraft:drop":101,"minecraft:talked_to_villager":8,"minecraft:play_time":690467,"minecraft:deaths":19,"minecraft:jump":15825,"minecraft:walk_on_water_one_cm":79025,"minecraft:enchant_item":20,"minecraft:interact_with_furnace":417,"minecraft:sleep_in_bed":24,"minecraft:damage_dealt":72022,"minecraft:player_kills":3,"minecraft:crouch_one_cm":185354,"minecraft:mob_kills":497,"minecraft:interact_with_anvil":11,"minecraft:climb_one_cm":4039,"minecraft:walk_one_cm":1502150,"minecraft:sneak_time":60116,"minecraft:walk_under_water_one_cm":87621,"minecraft:boat_one_cm":41188,"minecraft:total_world_time":690467,"minecraft:interact_with_stonecutter":1,"minecraft:time_since_rest":94559,"minecraft:damage_taken":11870,"minecraft:swim_one_cm":218678,"minecraft:fly_one_cm":3533135,"minecraft:open_chest":314,"minecraft:fall_one_cm":427708},"minecraft:crafted":{"minecraft:oak_planks":492,"minecraft:cobblestone_slab":18,"minecraft:cherry_slab":144,"minecraft:cooked_chicken":1,"minecraft:diorite_stairs":4,"minecraft:cobblestone_stairs":88,"minecraft:bookshelf":12,"minecraft:cooked_mutton":55,"minecraft:warped_planks":28,"minecraft:quartz_block":36,"minecraft:iron_boots":2,"minecraft:chest":12,"minecraft:dried_kelp_block":21,"minecraft:oak_fence":90,"minecraft:golden_boots":1,"minecraft:raw_iron_block":14,"minecraft:glass_bottle":6,"minecraft:cooked_porkchop":40,"minecraft:crafting_table":6,"minecraft:spruce_planks":112,"minecraft:wooden_pickaxe":2,"minecraft:iron_helmet":2,"minecraft:gold_block":4,"minecraft:hay_block":27,"minecraft:birch_planks":16,"minecraft:campfire":1,"minecraft:spectral_arrow":26,"minecraft:spruce_trapdoor":4,"minecraft:iron_chestplate":2,"minecraft:book":40,"minecraft:paper":672,"minecraft:charcoal":51,"minecraft:shield":3,"minecraft:stick":276,"minecraft:iron_ingot":142,"minecraft:iron_pickaxe":13,"minecraft:andesite_stairs":20,"minecraft:iron_block":3,"minecraft:stone_sword":1,"minecraft:gold_ingot":59,"minecraft:composter":2,"minecraft:cherry_planks":184,"minecraft:raw_iron":144,"minecraft:furnace":12,"minecraft:bone_meal":30,"minecraft:oak_trapdoor":18,"minecraft:iron_axe":4,"minecraft:stone_pickaxe":2,"minecraft:wheat":405,"minecraft:cooked_beef":49,"minecraft:dried_kelp":133,"minecraft:iron_sword":11,"minecraft:cooked_salmon":11,"minecraft:bucket":2,"minecraft:stone_axe":3,"minecraft:bread":26,"minecraft:air":0,"minecraft:oak_fence_gate":2,"minecraft:oak_boat":2,"minecraft:white_wool":1,"minecraft:golden_apple":5,"minecraft:iron_shovel":3,"minecraft:iron_leggings":2,"minecraft:anvil":1,"minecraft:white_bed":7,"minecraft:torch":540,"minecraft:firework_rocket":6},"minecraft:killed":{"minecraft:zombified_piglin":191,"minecraft:witch":1,"minecraft:spider":9,"minecraft:skeleton":49,"minecraft:chicken":2,"minecraft:magma_cube":22,"minecraft:piglin":25,"minecraft:pig":10,"minecraft:salmon":17,"minecraft:creeper":6,"minecraft:sheep":26,"minecraft:trader_llama":2,"minecraft:zombie":56,"minecraft:donkey":6,"minecraft:ghast":12,"minecraft:cow":25,"minecraft:blaze":8,"minecraft:phantom":1,"minecraft:horse":6,"minecraft:drowned":1,"minecraft:wandering_trader":1,"minecraft:squid":3,"minecraft:wither_skeleton":4,"minecraft:enderman":6},"minecraft:picked_up":{"minecraft:iron_chestplate":9,"minecraft:anvil":1,"minecraft:lead":7,"minecraft:golden_sword":11,"minecraft:string":155,"minecraft:soul_soil":25,"minecraft:cooked_salmon":66,"minecraft:iron_leggings":10,"minecraft:shroomlight":1,"minecraft:gold_nugget":217,"minecraft:cobbled_deepslate":35,"minecraft:bucket":2,"minecraft:cobblestone_slab":21,"minecraft:iron_pickaxe":16,"minecraft:furnace":20,"minecraft:iron_boots":7,"minecraft:golden_helmet":2,"minecraft:stick":156,"minecraft:oak_fence":7,"minecraft:torch":471,"minecraft:porkchop":45,"minecraft:dried_kelp":200,"minecraft:cherry_log":51,"minecraft:diorite":19,"minecraft:warped_planks":28,"minecraft:stone_sword":1,"minecraft:rotten_flesh":227,"minecraft:blaze_rod":3,"minecraft:cobblestone":616,"minecraft:enchanting_table":2,"minecraft:birch_log":7,"minecraft:pink_petals":914,"minecraft:magma_block":20,"minecraft:cooked_beef":45,"minecraft:feather":3,"minecraft:magma_cream":4,"minecraft:water_bucket":2,"minecraft:andesite":58,"minecraft:potato":243,"minecraft:flint":7,"minecraft:tuff":18,"minecraft:lapis_lazuli":201,"minecraft:dirt":348,"minecraft:name_tag":1,"minecraft:twisting_vines":5,"minecraft:glass":152,"minecraft:bone":131,"minecraft:bow":5,"minecraft:wheat_seeds":28,"minecraft:raw_gold":113,"minecraft:rabbit":1,"minecraft:glowstone_dust":338,"minecraft:powered_rail":2,"minecraft:oak_planks":624,"minecraft:ghast_tear":5,"minecraft:cooked_porkchop":3,"minecraft:warped_wart_block":9,"minecraft:poisonous_potato":3,"minecraft:ink_sac":4,"minecraft:spectral_arrow":15,"minecraft:diamond":2,"minecraft:crossbow":2,"minecraft:granite":2,"minecraft:oak_sapling":45,"minecraft:cherry_slab":8,"minecraft:netherrack":2483,"minecraft:diamond_pickaxe":3,"minecraft:charcoal":2,"minecraft:crafting_table":12,"minecraft:azure_bluet":1,"minecraft:chicken":2,"minecraft:chest_minecart":1,"minecraft:wooden_pickaxe":2,"minecraft:shield":12,"minecraft:oak_trapdoor":2,"minecraft:iron_axe":6,"minecraft:flint_and_steel":2,"minecraft:iron_shovel":2,"minecraft:beef":46,"minecraft:andesite_stairs":10,"minecraft:oak_boat":4,"minecraft:light_gray_wool":3,"minecraft:sugar_cane":979,"minecraft:chest":12,"minecraft:birch_sapling":17,"minecraft:phantom_membrane":1,"minecraft:egg":6,"minecraft:raw_iron":414,"minecraft:sandstone":1,"minecraft:redstone":187,"minecraft:arrow":95,"minecraft:hay_block":38,"minecraft:gold_ingot":12,"minecraft:glow_berries":1,"minecraft:mutton":42,"minecraft:rail":7,"minecraft:white_wool":62,"minecraft:oxeye_daisy":1,"minecraft:salmon":12,"minecraft:leather":88,"minecraft:red_mushroom":12,"minecraft:birch_planks":29,"minecraft:crimson_fungus":2,"minecraft:oak_log":322,"minecraft:golden_boots":2,"minecraft:gunpowder":20,"minecraft:cobblestone_stairs":4,"minecraft:paper":21,"minecraft:cooked_mutton":49,"minecraft:apple":14,"minecraft:kelp":177,"minecraft:warped_stem":7,"minecraft:iron_ingot":44,"minecraft:stone_pickaxe":8,"minecraft:cooked_chicken":11,"minecraft:glass_bottle":6,"minecraft:soul_sand":44,"minecraft:iron_sword":18,"minecraft:warped_fungus":12,"minecraft:quartz":290,"minecraft:raw_iron_block":3,"minecraft:gravel":74,"minecraft:spruce_sapling":13,"minecraft:white_bed":9,"minecraft:spruce_log":32,"minecraft:spider_eye":6,"minecraft:dried_kelp_block":20,"minecraft:stone_axe":7,"minecraft:iron_helmet":7,"minecraft:cherry_sapling":3,"minecraft:warped_roots":9,"minecraft:oak_button":1,"minecraft:black_wool":6,"minecraft:warped_nylium":5,"minecraft:coal":614,"minecraft:sunflower":3,"minecraft:ender_pearl":5},"minecraft:killed_by":{"minecraft:ghast":2,"minecraft:creeper":1,"minecraft:blaze":2,"minecraft:zombie":2,"minecraft:spider":1,"minecraft:skeleton":9}},"DataVersion":3700}