{"stats":{"minecraft:used":{"minecraft:stone_sword":92,"minecraft:iron_shovel":40,"minecraft:dried_kelp":1,"minecraft:chest":12,"minecraft:shield":56,"minecraft:iron_sword":173,"minecraft:cooked_salmon":3,"minecraft:cooked_chicken":2,"minecraft:rotten_flesh":6,"minecraft:dried_kelp_block":1,"minecraft:iron_chestplate":2,"minecraft:torch":126,"minecraft:dirt":48,"minecraft:tuff":18,"minecraft:granite":2,"minecraft:azure_bluet":1,"minecraft:iron_axe":2,"minecraft:birch_sapling":7,"minecraft:iron_helmet":1,"minecraft:iron_boots":1,"minecraft:bow":8,"minecraft:oak_sapling":10,"minecraft:furnace":13,"minecraft:egg":3,"minecraft:cooked_beef":7,"minecraft:cobbled_deepslate":25,"minecraft:iron_leggings":1,"minecraft:cooked_mutton":9,"minecraft:water_bucket":28,"minecraft:diorite":6,"minecraft:cobblestone_stairs":92,"minecraft:stone_pickaxe":144,"minecraft:oak_planks":1,"minecraft:wooden_pickaxe":40,"minecraft:sugar_cane":9,"minecraft:glow_berries":10,"minecraft:crafting_table":6,"minecraft:white_bed":5,"minecraft:campfire":1,"minecraft:apple":1,"minecraft:oxeye_daisy":1,"minecraft:sunflower":1,"minecraft:string":1,"minecraft:iron_pickaxe":799,"minecraft:gravel":28,"minecraft:stone_axe":184,"minecraft:cobblestone":119,"minecraft:cooked_porkchop":14,"minecraft:andesite":15,"minecraft:andesite_stairs":21,"minecraft:bucket":30},"minecraft:crafted":{"minecraft:oak_planks":308,"minecraft:raw_iron":144,"minecraft:cobblestone_slab":6,"minecraft:furnace":12,"minecraft:diorite_stairs":4,"minecraft:cobblestone_stairs":88,"minecraft:cooked_mutton":27,"minecraft:iron_boots":1,"minecraft:iron_axe":1,"minecraft:stone_pickaxe":2,"minecraft:chest":9,"minecraft:dried_kelp_block":21,"minecraft:raw_iron_block":14,"minecraft:cooked_beef":8,"minecraft:cooked_porkchop":29,"minecraft:crafting_table":3,"minecraft:dried_kelp":133,"minecraft:wooden_pickaxe":2,"minecraft:iron_helmet":1,"minecraft:iron_sword":1,"minecraft:cooked_salmon":11,"minecraft:bucket":1,"minecraft:birch_planks":16,"minecraft:campfire":1,"minecraft:stone_axe":3,"minecraft:air":0,"minecraft:white_wool":1,"minecraft:iron_chestplate":1,"minecraft:charcoal":51,"minecraft:shield":1,"minecraft:stick":48,"minecraft:iron_ingot":129,"minecraft:iron_pickaxe":5,"minecraft:andesite_stairs":20,"minecraft:stone_sword":1,"minecraft:iron_shovel":1,"minecraft:iron_leggings":1,"minecraft:gold_ingot":20,"minecraft:white_bed":3,"minecraft:torch":72},"minecraft:custom":{"minecraft:mob_kills":136,"minecraft:interact_with_crafting_table":56,"minecraft:leave_game":19,"minecraft:time_since_death":72981,"minecraft:sprint_one_cm":557199,"minecraft:walk_one_cm":310927,"minecraft:damage_blocked_by_shield":2070,"minecraft:drop":49,"minecraft:play_time":203543,"minecraft:sneak_time":17609,"minecraft:deaths":14,"minecraft:walk_under_water_one_cm":61602,"minecraft:jump":4746,"minecraft:walk_on_water_one_cm":54545,"minecraft:total_world_time":203543,"minecraft:interact_with_furnace":271,"minecraft:sleep_in_bed":10,"minecraft:time_since_rest":5493,"minecraft:damage_taken":5465,"minecraft:damage_dealt":20828,"minecraft:player_kills":1,"minecraft:swim_one_cm":162180,"minecraft:fly_one_cm":964078,"minecraft:open_chest":67,"minecraft:crouch_one_cm":46900,"minecraft:fall_one_cm":141688},"minecraft:mined":{"minecraft:tuff":15,"minecraft:white_bed":2,"minecraft:oak_sapling":1,"minecraft:deepslate_diamond_ore":2,"minecraft:andesite_stairs":1,"minecraft:cobblestone_stairs":4,"minecraft:granite":2,"minecraft:grass_block":18,"minecraft:oxeye_daisy":1,"minecraft:spawner":1,"minecraft:raw_iron_block":2,"minecraft:redstone_ore":2,"minecraft:furnace":3,"minecraft:iron_ore":81,"minecraft:andesite":49,"minecraft:deepslate_lapis_ore":3,"minecraft:deepslate_iron_ore":138,"minecraft:stone":450,"minecraft:deepslate_redstone_ore":9,"minecraft:crafting_table":5,"minecraft:torch":6,"minecraft:chest":3,"minecraft:rose_bush":1,"minecraft:tall_grass":3,"minecraft:cobblestone":3,"minecraft:dried_kelp_block":1,"minecraft:deepslate_gold_ore":26,"minecraft:sugar_cane":14,"minecraft:oak_planks":15,"minecraft:diorite":15,"minecraft:wall_torch":3,"minecraft:birch_log":4,"minecraft:grass":20,"minecraft:oak_log":55,"minecraft:coal_ore":146,"minecraft:sunflower":1,"minecraft:gravel":38,"minecraft:dirt":28,"minecraft:oak_leaves":16,"minecraft:deepslate":25},"minecraft:dropped":{"minecraft:wheat_seeds":1,"minecraft:diamond":2,"minecraft:cobblestone":2,"minecraft:feather":2,"minecraft:apple":1,"minecraft:flint":4,"minecraft:stick":1,"minecraft:dirt":26,"minecraft:diorite":3,"minecraft:torch":32,"minecraft:raw_iron_block":1,"minecraft:string":48,"minecraft:gravel":21,"minecraft:kelp":2,"minecraft:cobbled_deepslate":10,"minecraft:birch_sapling":6,"minecraft:diorite_stairs":4,"minecraft:rotten_flesh":28,"minecraft:oak_planks":14,"minecraft:cobblestone_slab":6,"minecraft:potato":2,"minecraft:gunpowder":2,"minecraft:andesite":4,"minecraft:oak_sapling":26,"minecraft:andesite_stairs":9,"minecraft:spider_eye":1,"minecraft:sandstone":1,"minecraft:wooden_pickaxe":4,"minecraft:bow":1,"minecraft:arrow":13,"minecraft:stone_pickaxe":3},"minecraft:killed_by":{"minecraft:creeper":1,"minecraft:spider":1,"minecraft:skeleton":9,"minecraft:zombie":2},"minecraft:killed":{"minecraft:witch":1,"minecraft:spider":5,"minecraft:skeleton":36,"minecraft:drowned":1,"minecraft:pig":4,"minecraft:salmon":17,"minecraft:squid":3,"minecraft:creeper":2,"minecraft:sheep":7,"minecraft:zombie":46,"minecraft:donkey":2,"minecraft:cow":4},"minecraft:broken":{"minecraft:stone_axe":1,"minecraft:iron_pickaxe":2},"minecraft:picked_up":{"minecraft:crafting_table":5,"minecraft:iron_chestplate":5,"minecraft:azure_bluet":1,"minecraft:chicken":1,"minecraft:wooden_pickaxe":2,"minecraft:shield":9,"minecraft:string":54,"minecraft:iron_axe":4,"minecraft:cooked_salmon":64,"minecraft:iron_leggings":6,"minecraft:cobbled_deepslate":35,"minecraft:bucket":1,"minecraft:beef":5,"minecraft:andesite_stairs":10,"minecraft:iron_pickaxe":8,"minecraft:sugar_cane":34,"minecraft:chest":3,"minecraft:birch_sapling":17,"minecraft:furnace":3,"minecraft:egg":3,"minecraft:iron_boots":3,"minecraft:stick":102,"minecraft:raw_iron":410,"minecraft:sandstone":1,"minecraft:torch":400,"minecraft:porkchop":33,"minecraft:dried_kelp":192,"minecraft:diorite":19,"minecraft:redstone":187,"minecraft:stone_sword":1,"minecraft:arrow":76,"minecraft:rotten_flesh":93,"minecraft:mutton":13,"minecraft:white_wool":43,"minecraft:cobblestone":510,"minecraft:oxeye_daisy":1,"minecraft:birch_log":7,"minecraft:feather":2,"minecraft:cooked_beef":38,"minecraft:andesite":49,"minecraft:salmon":12,"minecraft:leather":4,"minecraft:potato":4,"minecraft:birch_planks":17,"minecraft:flint":4,"minecraft:tuff":18,"minecraft:oak_log":276,"minecraft:gunpowder":4,"minecraft:cobblestone_stairs":4,"minecraft:lapis_lazuli":201,"minecraft:dirt":74,"minecraft:cooked_mutton":44,"minecraft:bone":117,"minecraft:apple":5,"minecraft:kelp":165,"minecraft:bow":3,"minecraft:wheat_seeds":3,"minecraft:raw_gold":113,"minecraft:iron_ingot":44,"minecraft:stone_pickaxe":8,"minecraft:cooked_chicken":10,"minecraft:powered_rail":1,"minecraft:iron_sword":9,"minecraft:oak_planks":375,"minecraft:raw_iron_block":3,"minecraft:gravel":73,"minecraft:ink_sac":4,"minecraft:white_bed":2,"minecraft:spider_eye":5,"minecraft:dried_kelp_block":19,"minecraft:diamond":2,"minecraft:stone_axe":7,"minecraft:iron_helmet":3,"minecraft:granite":2,"minecraft:oak_button":1,"minecraft:oak_sapling":39,"minecraft:black_wool":6,"minecraft:coal":176,"minecraft:sunflower":1,"minecraft:ender_pearl":1,"minecraft:diamond_pickaxe":1}},"DataVersion":3465}