{"stats":{"minecraft:broken":{"minecraft:iron_shovel":1,"minecraft:stone_pickaxe":1,"minecraft:golden_sword":26,"minecraft:stone_axe":1,"minecraft:iron_sword":1,"minecraft:iron_axe":3,"minecraft:iron_pickaxe":13,"minecraft:iron_helmet":1},"minecraft:dropped":{"minecraft:iron_sword":4,"minecraft:lapis_lazuli":8,"minecraft:diamond_axe":2,"minecraft:cooked_beef":27,"minecraft:diamond":70,"minecraft:crossbow":1,"minecraft:warped_roots":4,"minecraft:lantern":12,"minecraft:rail":28,"minecraft:emerald":1,"minecraft:flint":7,"minecraft:dirt":68,"minecraft:mutton":1,"minecraft:gold_nugget":4,"minecraft:iron_pickaxe":6,"minecraft:white_wool":1,"minecraft:cauldron":1,"minecraft:bone":2,"minecraft:gravel":22,"minecraft:crimson_fungus":1,"minecraft:stone_axe":25,"minecraft:sugar_cane":19,"minecraft:cobbled_deepslate":10,"minecraft:birch_sapling":6,"minecraft:diorite_stairs":4,"minecraft:rotten_flesh":44,"minecraft:oak_planks":15,"minecraft:cooked_mutton":25,"minecraft:gunpowder":10,"minecraft:charcoal":1,"minecraft:chest":1,"minecraft:spruce_slab":5,"minecraft:arrow":18,"minecraft:powered_rail":2,"minecraft:glass":38,"minecraft:oak_leaves":1,"minecraft:netherrack":1,"minecraft:lectern":10,"minecraft:stone_hoe":45,"minecraft:enchanted_book":11,"minecraft:iron_ingot":22,"minecraft:stripped_spruce_log":1,"minecraft:wheat_seeds":21,"minecraft:birch_leaves":1,"minecraft:cherry_log":1,"minecraft:smithing_table":2,"minecraft:diamond_leggings":4,"minecraft:poisonous_potato":3,"minecraft:book":9,"minecraft:feather":3,"minecraft:iron_helmet":1,"minecraft:cobblestone":159,"minecraft:lead":4,"minecraft:apple":1,"minecraft:granite":1,"minecraft:grass_block":5,"minecraft:stick":22,"minecraft:dried_kelp_block":1,"minecraft:diorite":3,"minecraft:torch":198,"minecraft:rabbit":1,"minecraft:cherry_planks":5,"minecraft:cooked_salmon":2,"minecraft:diamond_helmet":3,"minecraft:iron_leggings":3,"minecraft:dried_kelp":8,"minecraft:white_banner":1,"minecraft:iron_axe":4,"minecraft:raw_iron_block":1,"minecraft:iron_shovel":7,"minecraft:string":579,"minecraft:pink_petals":28,"minecraft:bucket":2,"minecraft:spruce_sapling":1,"minecraft:dandelion":1,"minecraft:kelp":8,"minecraft:warped_nylium":1,"minecraft:diamond_hoe":7,"minecraft:raw_iron":12,"minecraft:stone_shovel":85,"minecraft:light_gray_wool":1,"minecraft:iron_boots":3,"minecraft:cherry_slab":2,"minecraft:blast_furnace":2,"minecraft:diamond_sword":2,"minecraft:cobblestone_slab":6,"minecraft:potato":379,"minecraft:spruce_boat":1,"minecraft:stone":1,"minecraft:shield":6,"minecraft:diamond_chestplate":3,"minecraft:spruce_planks":1,"minecraft:diamond_pickaxe":9,"minecraft:iron_chestplate":2,"minecraft:andesite":13,"minecraft:oak_sapling":29,"minecraft:andesite_stairs":9,"minecraft:redstone_torch":1,"minecraft:spider_eye":4,"minecraft:spruce_log":3,"minecraft:diamond_boots":3,"minecraft:sandstone":1,"minecraft:bow":3,"minecraft:stone_pickaxe":70,"minecraft:wooden_pickaxe":4,"minecraft:bell":6},"minecraft:mined":{"minecraft:spruce_planks":55,"minecraft:white_bed":7,"minecraft:oak_sapling":1,"minecraft:andesite_stairs":1,"minecraft:cherry_log":57,"minecraft:cobblestone_stairs":5,"minecraft:brewing_stand":2,"minecraft:obsidian":8,"minecraft:granite":3,"minecraft:grass_block":302,"minecraft:cracked_polished_blackstone_bricks":12,"minecraft:crimson_fungus":1,"minecraft:oxeye_daisy":1,"minecraft:spawner":2,"minecraft:polished_blackstone_bricks":13,"minecraft:tall_seagrass":2,"minecraft:raw_iron_block":2,"minecraft:magma_block":20,"minecraft:glowstone":80,"minecraft:iron_ore":124,"minecraft:fire":275,"minecraft:cobbled_deepslate":2,"minecraft:anvil":1,"minecraft:deepslate_lapis_ore":12,"minecraft:enchanting_table":2,"minecraft:twisting_vines":1,"minecraft:spruce_slab":4,"minecraft:tripwire":3,"minecraft:deepslate_redstone_ore":19,"minecraft:blackstone":6,"minecraft:kelp_plant":1,"minecraft:twisting_vines_plant":4,"minecraft:powder_snow":3,"minecraft:torch":43,"minecraft:poppy":21,"minecraft:chest":17,"minecraft:spruce_wall_sign":3,"minecraft:glass":51,"minecraft:nether_quartz_ore":158,"minecraft:cobblestone":52,"minecraft:oak_planks":19,"minecraft:sugar_cane":891,"minecraft:wall_torch":12,"minecraft:spruce_sign":2,"minecraft:cauldron":3,"minecraft:cherry_slab":12,"minecraft:pink_petals":214,"minecraft:seagrass":2,"minecraft:warped_nylium":6,"minecraft:powered_rail":1,"minecraft:birch_log":4,"minecraft:warped_fungus":3,"minecraft:oak_log":101,"minecraft:loom":13,"minecraft:dirt":99,"minecraft:tripwire_hook":2,"minecraft:stonecutter":1,"minecraft:netherrack":1882,"minecraft:deepslate":38,"minecraft:oak_leaves":34,"minecraft:nether_gold_ore":102,"minecraft:tuff":17,"minecraft:deepslate_diamond_ore":7,"minecraft:nether_bricks":9,"minecraft:spruce_leaves":75,"minecraft:kelp":1,"minecraft:red_mushroom":8,"minecraft:hay_block":39,"minecraft:redstone_ore":6,"minecraft:oak_trapdoor":2,"minecraft:spruce_sapling":1,"minecraft:furnace":22,"minecraft:nether_sprouts":1,"minecraft:andesite":58,"minecraft:stripped_spruce_log":3,"minecraft:gold_block":15,"minecraft:bookshelf":25,"minecraft:potatoes":159,"minecraft:cobblestone_slab":20,"minecraft:shroomlight":1,"minecraft:deepslate_iron_ore":185,"minecraft:rail":13,"minecraft:warped_stem":7,"minecraft:packed_ice":1,"minecraft:stone":642,"minecraft:white_wool":8,"minecraft:ender_chest":1,"minecraft:redstone_wall_torch":1,"minecraft:oak_slab":3,"minecraft:soul_sand":27,"minecraft:basalt":5,"minecraft:stone_brick_slab":1,"minecraft:dandelion":1,"minecraft:oak_fence":7,"minecraft:crafting_table":15,"minecraft:short_grass":146,"minecraft:warped_roots":3,"minecraft:rose_bush":1,"minecraft:lectern":92,"minecraft:stone_slab":9,"minecraft:tall_grass":18,"minecraft:dried_kelp_block":1,"minecraft:deepslate_gold_ore":50,"minecraft:diorite":21,"minecraft:warped_wart_block":5,"minecraft:spruce_log":290,"minecraft:birch_leaves":1,"minecraft:coal_ore":516,"minecraft:cherry_leaves":10,"minecraft:sunflower":3,"minecraft:gravel":60,"minecraft:fern":1},"minecraft:used":{"minecraft:cherry_sapling":3,"minecraft:iron_shovel":355,"minecraft:spruce_slab":5,"minecraft:poppy":1,"minecraft:shield":132,"minecraft:chest":29,"minecraft:iron_sword":1029,"minecraft:bell":1,"minecraft:rotten_flesh":142,"minecraft:iron_chestplate":3,"minecraft:soul_sand":1,"minecraft:nether_bricks":4,"minecraft:tuff":18,"minecraft:azure_bluet":1,"minecraft:stripped_spruce_log":2,"minecraft:honey_bottle":2,"minecraft:glass":175,"minecraft:birch_sapling":7,"minecraft:warped_nylium":2,"minecraft:iron_helmet":2,"minecraft:item_frame":1,"minecraft:golden_sword":188,"minecraft:bow":197,"minecraft:oak_sapling":11,"minecraft:furnace":34,"minecraft:egg":7,"minecraft:potato":203,"minecraft:diorite":11,"minecraft:golden_boots":1,"minecraft:oak_planks":6,"minecraft:stone_pickaxe":275,"minecraft:blackstone":2,"minecraft:ender_pearl":2,"minecraft:wooden_pickaxe":40,"minecraft:composter":2,"minecraft:sugar_cane":273,"minecraft:diamond_axe":73,"minecraft:glow_berries":11,"minecraft:white_wool":10,"minecraft:golden_hoe":1,"minecraft:loom":15,"minecraft:crossbow":1,"minecraft:shears":8,"minecraft:redstone_torch":1,"minecraft:lever":3,"minecraft:string":11,"minecraft:bread":26,"minecraft:lectern":93,"minecraft:cherry_sign":9,"minecraft:gravel":28,"minecraft:diamond_sword":129,"minecraft:andesite":15,"minecraft:oak_boat":4,"minecraft:bone_meal":175,"minecraft:oak_fence":97,"minecraft:oak_trapdoor":22,"minecraft:stone_sword":92,"minecraft:enchanting_table":2,"minecraft:dried_kelp":1,"minecraft:spruce_planks":83,"minecraft:ender_chest":2,"minecraft:cooked_salmon":11,"minecraft:dried_kelp_block":1,"minecraft:cooked_chicken":4,"minecraft:netherrack":1854,"minecraft:torch":740,"minecraft:brewing_stand":2,"minecraft:dirt":303,"minecraft:warped_wart_block":3,"minecraft:anvil":3,"minecraft:granite":2,"minecraft:oak_fence_gate":2,"minecraft:shroomlight":1,"minecraft:bookshelf":41,"minecraft:iron_axe":904,"minecraft:cherry_slab":125,"minecraft:cherry_trapdoor":2,"minecraft:iron_boots":1,"minecraft:barrel":2,"minecraft:tripwire_hook":6,"minecraft:basalt":2,"minecraft:minecart":1,"minecraft:cherry_log":5,"minecraft:cooked_beef":111,"minecraft:cobbled_deepslate":34,"minecraft:iron_leggings":2,"minecraft:cooked_mutton":12,"minecraft:water_bucket":198,"minecraft:cobblestone_stairs":92,"minecraft:glass_bottle":1,"minecraft:cauldron":5,"minecraft:spruce_sign":6,"minecraft:stonecutter":1,"minecraft:cobblestone_slab":15,"minecraft:warped_roots":1,"minecraft:polished_blackstone_bricks":8,"minecraft:crafting_table":18,"minecraft:oak_slab":2,"minecraft:white_bed":14,"minecraft:campfire":1,"minecraft:painting":1,"minecraft:spruce_log":15,"minecraft:oxeye_daisy":1,"minecraft:diamond_pickaxe":372,"minecraft:apple":1,"minecraft:cracked_polished_blackstone_bricks":7,"minecraft:sunflower":3,"minecraft:iron_pickaxe":3589,"minecraft:stone_slab":10,"minecraft:spruce_trapdoor":4,"minecraft:spruce_sapling":21,"minecraft:stone_axe":184,"minecraft:pink_petals":1044,"minecraft:cobblestone":380,"minecraft:andesite_stairs":21,"minecraft:cooked_porkchop":26,"minecraft:bucket":201,"minecraft:kelp":11,"minecraft:dandelion":2},"minecraft:custom":{"minecraft:animals_bred":56,"minecraft:interact_with_crafting_table":215,"minecraft:open_barrel":2,"minecraft:bell_ring":48,"minecraft:leave_game":41,"minecraft:time_since_death":911045,"minecraft:sprint_one_cm":3534481,"minecraft:damage_blocked_by_shield":4512,"minecraft:drop":511,"minecraft:talked_to_villager":1128,"minecraft:play_time":1277191,"minecraft:deaths":19,"minecraft:jump":28316,"minecraft:walk_on_water_one_cm":345685,"minecraft:enchant_item":20,"minecraft:interact_with_furnace":549,"minecraft:traded_with_villager":2762,"minecraft:interact_with_loom":9,"minecraft:sleep_in_bed":50,"minecraft:open_enderchest":5,"minecraft:damage_dealt":98103,"minecraft:player_kills":3,"minecraft:crouch_one_cm":277588,"minecraft:use_cauldron":2,"minecraft:interact_with_smithing_table":1,"minecraft:interact_with_anvil":57,"minecraft:mob_kills":743,"minecraft:inspect_hopper":7,"minecraft:fill_cauldron":4,"minecraft:climb_one_cm":5562,"minecraft:walk_one_cm":2494616,"minecraft:sneak_time":90167,"minecraft:walk_under_water_one_cm":140406,"minecraft:boat_one_cm":45626,"minecraft:total_world_time":1277191,"minecraft:interact_with_stonecutter":1,"minecraft:time_since_rest":61715,"minecraft:damage_taken":14843,"minecraft:swim_one_cm":345921,"minecraft:fly_one_cm":6299636,"minecraft:open_chest":994,"minecraft:fall_one_cm":770036},"minecraft:crafted":{"minecraft:ender_chest":1,"minecraft:black_dye":19,"minecraft:smooth_stone":16,"minecraft:oak_planks":492,"minecraft:cobblestone_slab":36,"minecraft:barrel":2,"minecraft:cherry_slab":174,"minecraft:blaze_powder":2,"minecraft:cooked_chicken":1,"minecraft:stone":47,"minecraft:loom":2,"minecraft:diorite_stairs":4,"minecraft:cobblestone_stairs":88,"minecraft:lever":3,"minecraft:diamond_shovel":3,"minecraft:bookshelf":54,"minecraft:cooked_mutton":57,"minecraft:warped_planks":28,"minecraft:quartz_block":36,"minecraft:glass":16,"minecraft:diamond_helmet":1,"minecraft:diamond_leggings":1,"minecraft:iron_boots":4,"minecraft:chest":12,"minecraft:dried_kelp_block":21,"minecraft:stone_hoe":36,"minecraft:ender_eye":1,"minecraft:oak_fence":90,"minecraft:golden_boots":1,"minecraft:raw_iron_block":14,"minecraft:white_banner":1,"minecraft:glass_bottle":6,"minecraft:oak_slab":12,"minecraft:cauldron":3,"minecraft:arrow":16,"minecraft:emerald":3080,"minecraft:cooked_porkchop":40,"minecraft:diamond_axe":4,"minecraft:crafting_table":7,"minecraft:spruce_planks":1052,"minecraft:wooden_pickaxe":2,"minecraft:iron_helmet":3,"minecraft:smithing_table":1,"minecraft:red_wool":18,"minecraft:clock":1,"minecraft:gold_block":4,"minecraft:hay_block":27,"minecraft:birch_planks":16,"minecraft:campfire":1,"minecraft:spectral_arrow":26,"minecraft:spruce_trapdoor":4,"minecraft:lectern":13,"minecraft:iron_chestplate":3,"minecraft:book":79,"minecraft:charcoal":51,"minecraft:paper":1779,"minecraft:cherry_sign":9,"minecraft:diamond_pickaxe":4,"minecraft:emerald_block":71,"minecraft:shield":8,"minecraft:stick":1916,"minecraft:stone_slab":60,"minecraft:iron_ingot":224,"minecraft:iron_pickaxe":15,"minecraft:andesite_stairs":20,"minecraft:iron_block":6,"minecraft:stone_sword":1,"minecraft:gold_ingot":132,"minecraft:composter":2,"minecraft:cherry_planks":268,"minecraft:raw_iron":144,"minecraft:stone_shovel":68,"minecraft:tripwire_hook":4,"minecraft:diamond_hoe":9,"minecraft:furnace":17,"minecraft:red_banner":3,"minecraft:blast_furnace":2,"minecraft:bone_meal":198,"minecraft:oak_trapdoor":20,"minecraft:cherry_trapdoor":2,"minecraft:lantern":12,"minecraft:iron_axe":6,"minecraft:spruce_slab":24,"minecraft:stone_pickaxe":56,"minecraft:diamond_boots":1,"minecraft:redstone_block":1,"minecraft:wheat":495,"minecraft:cooked_beef":144,"minecraft:red_dye":23,"minecraft:spruce_sign":6,"minecraft:dried_kelp":133,"minecraft:iron_sword":11,"minecraft:bell":5,"minecraft:cooked_salmon":11,"minecraft:bucket":5,"minecraft:stone_axe":28,"minecraft:enchanted_book":63,"minecraft:air":0,"minecraft:bread":26,"minecraft:oak_fence_gate":2,"minecraft:oak_boat":2,"minecraft:white_wool":16215,"minecraft:golden_apple":5,"minecraft:white_dye":18,"minecraft:iron_shovel":9,"minecraft:iron_leggings":4,"minecraft:anvil":2,"minecraft:white_bed":7,"minecraft:torch":796,"minecraft:lapis_block":6,"minecraft:diamond_chestplate":1,"minecraft:firework_rocket":6},"minecraft:killed":{"minecraft:zombified_piglin":191,"minecraft:witch":1,"minecraft:spider":13,"minecraft:skeleton":75,"minecraft:chicken":2,"minecraft:piglin_brute":7,"minecraft:magma_cube":41,"minecraft:piglin":40,"minecraft:pig":10,"minecraft:salmon":17,"minecraft:creeper":6,"minecraft:sheep":27,"minecraft:trader_llama":2,"minecraft:donkey":6,"minecraft:zombie":81,"minecraft:ghast":13,"minecraft:blaze":58,"minecraft:cow":81,"minecraft:slime":10,"minecraft:phantom":1,"minecraft:horse":6,"minecraft:drowned":1,"minecraft:wandering_trader":1,"minecraft:squid":15,"minecraft:wither_skeleton":17,"minecraft:villager":1,"minecraft:enderman":10},"minecraft:picked_up":{"minecraft:iron_chestplate":9,"minecraft:ender_chest":1,"minecraft:anvil":1,"minecraft:lead":7,"minecraft:diamond_sword":3,"minecraft:smithing_table":1,"minecraft:stone_slab":9,"minecraft:enchanted_book":2,"minecraft:brewing_stand":2,"minecraft:golden_sword":11,"minecraft:string":73719,"minecraft:soul_soil":25,"minecraft:cooked_salmon":66,"minecraft:iron_leggings":10,"minecraft:shroomlight":1,"minecraft:diamond_leggings":4,"minecraft:gold_nugget":634,"minecraft:cobbled_deepslate":48,"minecraft:bucket":3,"minecraft:spruce_planks":54,"minecraft:rose_bush":31,"minecraft:redstone_torch":2,"minecraft:cobblestone_slab":21,"minecraft:iron_pickaxe":18,"minecraft:iron_boots":7,"minecraft:furnace":24,"minecraft:golden_helmet":2,"minecraft:stick":161,"minecraft:oak_fence":7,"minecraft:torch":488,"minecraft:porkchop":45,"minecraft:dried_kelp":200,"minecraft:cherry_log":73,"minecraft:diorite":24,"minecraft:warped_planks":28,"minecraft:cauldron":4,"minecraft:stone_sword":1,"minecraft:rotten_flesh":245,"minecraft:blaze_rod":23,"minecraft:obsidian":8,"minecraft:cobblestone":876,"minecraft:birch_log":7,"minecraft:enchanting_table":2,"minecraft:pink_petals":1091,"minecraft:magma_block":20,"minecraft:feather":3,"minecraft:cooked_beef":45,"minecraft:magma_cream":4,"minecraft:cherry_planks":4,"minecraft:water_bucket":4,"minecraft:andesite":58,"minecraft:potato":584,"minecraft:flint":8,"minecraft:tuff":20,"minecraft:lapis_lazuli":266,"minecraft:dirt":432,"minecraft:name_tag":1,"minecraft:twisting_vines":6,"minecraft:glass":319,"minecraft:bone":211,"minecraft:bow":7,"minecraft:stonecutter":1,"minecraft:wheat_seeds":30,"minecraft:raw_gold":137,"minecraft:bell":2,"minecraft:diamond_helmet":3,"minecraft:rabbit":1,"minecraft:glowstone_dust":338,"minecraft:powered_rail":3,"minecraft:oak_planks":624,"minecraft:stone_hoe":9,"minecraft:ghast_tear":5,"minecraft:cooked_porkchop":3,"minecraft:warped_wart_block":9,"minecraft:poisonous_potato":3,"minecraft:stripped_spruce_log":3,"minecraft:ink_sac":23,"minecraft:grass_block":5,"minecraft:loom":13,"minecraft:spectral_arrow":15,"minecraft:diamond":97,"minecraft:spruce_boat":2,"minecraft:lever":1,"minecraft:cracked_polished_blackstone_bricks":10,"minecraft:crossbow":2,"minecraft:granite":3,"minecraft:spruce_sign":5,"minecraft:emerald":219,"minecraft:oak_sapling":45,"minecraft:cherry_slab":12,"minecraft:netherrack":2586,"minecraft:oak_leaves":1,"minecraft:diamond_pickaxe":11,"minecraft:charcoal":2,"minecraft:crafting_table":14,"minecraft:azure_bluet":1,"minecraft:chicken":2,"minecraft:chest_minecart":1,"minecraft:wooden_pickaxe":2,"minecraft:gold_block":14,"minecraft:shield":16,"minecraft:oak_trapdoor":2,"minecraft:iron_axe":8,"minecraft:flint_and_steel":2,"minecraft:item_frame":1,"minecraft:iron_shovel":2,"minecraft:blackstone":6,"minecraft:beef":154,"minecraft:andesite_stairs":10,"minecraft:oak_boat":6,"minecraft:light_gray_wool":3,"minecraft:poppy":24,"minecraft:spruce_slab":7,"minecraft:minecart":1,"minecraft:lectern":93,"minecraft:sugar_cane":2105,"minecraft:chest":17,"minecraft:birch_sapling":17,"minecraft:phantom_membrane":1,"minecraft:diamond_hoe":1,"minecraft:egg":8,"minecraft:raw_iron":500,"minecraft:sandstone":1,"minecraft:polished_blackstone_bricks":12,"minecraft:redstone":253,"minecraft:arrow":122,"minecraft:stone_shovel":17,"minecraft:diamond_chestplate":3,"minecraft:nether_bricks":9,"minecraft:shears":1,"minecraft:diamond_boots":3,"minecraft:hay_block":38,"minecraft:gold_ingot":12,"minecraft:mutton":44,"minecraft:glow_berries":1,"minecraft:rail":29,"minecraft:white_wool":245,"minecraft:oxeye_daisy":1,"minecraft:birch_leaves":1,"minecraft:basalt":3,"minecraft:glow_ink_sac":2,"minecraft:tripwire_hook":2,"minecraft:salmon":12,"minecraft:leather":137,"minecraft:red_mushroom":12,"minecraft:birch_planks":29,"minecraft:crimson_fungus":2,"minecraft:oak_log":322,"minecraft:golden_boots":2,"minecraft:gunpowder":20,"minecraft:cobblestone_stairs":4,"minecraft:paper":21,"minecraft:white_banner":1,"minecraft:cooked_mutton":49,"minecraft:apple":14,"minecraft:kelp":188,"minecraft:warped_stem":7,"minecraft:iron_ingot":63,"minecraft:stone_pickaxe":22,"minecraft:cooked_chicken":11,"minecraft:glass_bottle":6,"minecraft:iron_sword":18,"minecraft:soul_sand":45,"minecraft:book":75,"minecraft:oak_slab":2,"minecraft:warped_fungus":12,"minecraft:quartz":343,"minecraft:dandelion":6,"minecraft:raw_iron_block":3,"minecraft:gravel":94,"minecraft:spruce_sapling":22,"minecraft:white_bed":9,"minecraft:spruce_log":285,"minecraft:spider_eye":8,"minecraft:dried_kelp_block":20,"minecraft:slime_ball":8,"minecraft:stone_axe":7,"minecraft:iron_helmet":7,"minecraft:diamond_axe":1,"minecraft:painting":1,"minecraft:cherry_sapling":3,"minecraft:warped_roots":9,"minecraft:oak_button":1,"minecraft:black_wool":6,"minecraft:warped_nylium":9,"minecraft:coal":818,"minecraft:sunflower":3,"minecraft:ender_pearl":7},"minecraft:killed_by":{"minecraft:ghast":2,"minecraft:creeper":1,"minecraft:blaze":2,"minecraft:zombie":2,"minecraft:spider":1,"minecraft:skeleton":9}},"DataVersion":3700}