{"stats":{"minecraft:dropped":{"minecraft:iron_sword":4,"minecraft:lapis_lazuli":8,"minecraft:cooked_beef":22,"minecraft:diamond":3,"minecraft:crossbow":1,"minecraft:warped_roots":4,"minecraft:lantern":12,"minecraft:rail":27,"minecraft:flint":7,"minecraft:dirt":64,"minecraft:mutton":1,"minecraft:gold_nugget":4,"minecraft:iron_pickaxe":5,"minecraft:white_wool":1,"minecraft:bone":2,"minecraft:gravel":22,"minecraft:stone_axe":13,"minecraft:crimson_fungus":1,"minecraft:cobbled_deepslate":10,"minecraft:birch_sapling":6,"minecraft:diorite_stairs":4,"minecraft:rotten_flesh":44,"minecraft:oak_planks":15,"minecraft:cooked_mutton":25,"minecraft:gunpowder":10,"minecraft:charcoal":1,"minecraft:chest":1,"minecraft:spruce_slab":5,"minecraft:arrow":18,"minecraft:powered_rail":2,"minecraft:glass":38,"minecraft:lectern":10,"minecraft:netherrack":1,"minecraft:stone_hoe":28,"minecraft:enchanted_book":6,"minecraft:iron_ingot":22,"minecraft:stripped_spruce_log":1,"minecraft:wheat_seeds":21,"minecraft:cherry_log":1,"minecraft:smithing_table":2,"minecraft:diamond_leggings":2,"minecraft:poisonous_potato":3,"minecraft:feather":3,"minecraft:cobblestone":135,"minecraft:lead":4,"minecraft:apple":1,"minecraft:granite":1,"minecraft:stick":20,"minecraft:dried_kelp_block":1,"minecraft:diorite":3,"minecraft:torch":198,"minecraft:rabbit":1,"minecraft:cherry_planks":1,"minecraft:cooked_salmon":2,"minecraft:diamond_helmet":1,"minecraft:iron_leggings":2,"minecraft:dried_kelp":8,"minecraft:iron_axe":3,"minecraft:raw_iron_block":1,"minecraft:iron_shovel":1,"minecraft:string":387,"minecraft:pink_petals":19,"minecraft:bucket":2,"minecraft:spruce_sapling":1,"minecraft:kelp":8,"minecraft:warped_nylium":1,"minecraft:raw_iron":12,"minecraft:stone_shovel":56,"minecraft:light_gray_wool":1,"minecraft:iron_boots":1,"minecraft:cherry_slab":2,"minecraft:potato":379,"minecraft:cobblestone_slab":6,"minecraft:spruce_boat":1,"minecraft:shield":2,"minecraft:diamond_chestplate":1,"minecraft:spruce_planks":1,"minecraft:diamond_pickaxe":1,"minecraft:iron_chestplate":2,"minecraft:andesite":13,"minecraft:oak_sapling":29,"minecraft:andesite_stairs":9,"minecraft:redstone_torch":1,"minecraft:spider_eye":4,"minecraft:diamond_boots":1,"minecraft:spruce_log":1,"minecraft:sandstone":1,"minecraft:bow":2,"minecraft:stone_pickaxe":36,"minecraft:wooden_pickaxe":4},"minecraft:used":{"minecraft:cherry_sapling":3,"minecraft:iron_shovel":355,"minecraft:spruce_slab":5,"minecraft:chest":29,"minecraft:shield":101,"minecraft:iron_sword":1029,"minecraft:bell":1,"minecraft:rotten_flesh":142,"minecraft:iron_chestplate":3,"minecraft:soul_sand":1,"minecraft:tuff":18,"minecraft:azure_bluet":1,"minecraft:stripped_spruce_log":2,"minecraft:honey_bottle":2,"minecraft:glass":158,"minecraft:birch_sapling":7,"minecraft:iron_helmet":2,"minecraft:golden_sword":188,"minecraft:bow":37,"minecraft:oak_sapling":11,"minecraft:furnace":34,"minecraft:egg":7,"minecraft:potato":203,"minecraft:golden_boots":1,"minecraft:diorite":11,"minecraft:oak_planks":6,"minecraft:stone_pickaxe":275,"minecraft:blackstone":2,"minecraft:ender_pearl":2,"minecraft:wooden_pickaxe":40,"minecraft:composter":2,"minecraft:sugar_cane":273,"minecraft:white_wool":1,"minecraft:glow_berries":11,"minecraft:golden_hoe":1,"minecraft:loom":15,"minecraft:crossbow":1,"minecraft:shears":8,"minecraft:redstone_torch":1,"minecraft:lever":3,"minecraft:bread":26,"minecraft:string":11,"minecraft:lectern":93,"minecraft:cherry_sign":9,"minecraft:gravel":28,"minecraft:andesite":15,"minecraft:oak_boat":4,"minecraft:bone_meal":175,"minecraft:oak_fence":97,"minecraft:oak_trapdoor":22,"minecraft:enchanting_table":2,"minecraft:stone_sword":92,"minecraft:dried_kelp":1,"minecraft:spruce_planks":83,"minecraft:cooked_salmon":11,"minecraft:cooked_chicken":4,"minecraft:dried_kelp_block":1,"minecraft:netherrack":1801,"minecraft:torch":670,"minecraft:brewing_stand":2,"minecraft:dirt":297,"minecraft:warped_wart_block":3,"minecraft:anvil":2,"minecraft:granite":2,"minecraft:oak_fence_gate":2,"minecraft:shroomlight":1,"minecraft:bookshelf":24,"minecraft:iron_axe":904,"minecraft:cherry_slab":125,"minecraft:cherry_trapdoor":2,"minecraft:iron_boots":1,"minecraft:barrel":2,"minecraft:tripwire_hook":6,"minecraft:basalt":2,"minecraft:minecart":1,"minecraft:cooked_beef":80,"minecraft:cobbled_deepslate":32,"minecraft:cherry_log":5,"minecraft:iron_leggings":2,"minecraft:cooked_mutton":12,"minecraft:water_bucket":174,"minecraft:cobblestone_stairs":92,"minecraft:glass_bottle":1,"minecraft:spruce_sign":6,"minecraft:stonecutter":1,"minecraft:cobblestone_slab":15,"minecraft:warped_roots":1,"minecraft:polished_blackstone_bricks":8,"minecraft:oak_slab":2,"minecraft:crafting_table":18,"minecraft:white_bed":14,"minecraft:campfire":1,"minecraft:spruce_log":15,"minecraft:diamond_pickaxe":216,"minecraft:apple":1,"minecraft:oxeye_daisy":1,"minecraft:cracked_polished_blackstone_bricks":7,"minecraft:sunflower":3,"minecraft:iron_pickaxe":3589,"minecraft:spruce_trapdoor":4,"minecraft:spruce_sapling":21,"minecraft:stone_axe":184,"minecraft:pink_petals":1044,"minecraft:cobblestone":379,"minecraft:cooked_porkchop":26,"minecraft:andesite_stairs":21,"minecraft:bucket":177,"minecraft:kelp":11,"minecraft:dandelion":2},"minecraft:broken":{"minecraft:iron_shovel":1,"minecraft:stone_pickaxe":1,"minecraft:golden_sword":26,"minecraft:stone_axe":1,"minecraft:iron_sword":1,"minecraft:iron_axe":3,"minecraft:iron_pickaxe":13,"minecraft:iron_helmet":1},"minecraft:killed":{"minecraft:zombified_piglin":191,"minecraft:witch":1,"minecraft:spider":13,"minecraft:skeleton":71,"minecraft:chicken":2,"minecraft:piglin_brute":2,"minecraft:magma_cube":22,"minecraft:piglin":32,"minecraft:pig":10,"minecraft:salmon":17,"minecraft:creeper":6,"minecraft:sheep":27,"minecraft:trader_llama":2,"minecraft:zombie":80,"minecraft:donkey":6,"minecraft:ghast":13,"minecraft:blaze":8,"minecraft:cow":80,"minecraft:slime":10,"minecraft:phantom":1,"minecraft:horse":6,"minecraft:drowned":1,"minecraft:wandering_trader":1,"minecraft:squid":3,"minecraft:wither_skeleton":4,"minecraft:villager":1,"minecraft:enderman":6},"minecraft:killed_by":{"minecraft:ghast":2,"minecraft:creeper":1,"minecraft:blaze":2,"minecraft:zombie":2,"minecraft:spider":1,"minecraft:skeleton":9},"minecraft:crafted":{"minecraft:oak_planks":492,"minecraft:cobblestone_slab":18,"minecraft:barrel":2,"minecraft:cherry_slab":174,"minecraft:cooked_chicken":1,"minecraft:loom":2,"minecraft:diorite_stairs":4,"minecraft:cobblestone_stairs":88,"minecraft:lever":3,"minecraft:bookshelf":38,"minecraft:cooked_mutton":57,"minecraft:warped_planks":28,"minecraft:quartz_block":36,"minecraft:diamond_helmet":1,"minecraft:diamond_leggings":1,"minecraft:iron_boots":3,"minecraft:chest":12,"minecraft:dried_kelp_block":21,"minecraft:stone_hoe":24,"minecraft:oak_fence":90,"minecraft:golden_boots":1,"minecraft:raw_iron_block":14,"minecraft:glass_bottle":6,"minecraft:oak_slab":12,"minecraft:arrow":16,"minecraft:emerald":1436,"minecraft:cooked_porkchop":40,"minecraft:crafting_table":7,"minecraft:spruce_planks":1052,"minecraft:wooden_pickaxe":2,"minecraft:iron_helmet":3,"minecraft:smithing_table":1,"minecraft:gold_block":4,"minecraft:hay_block":27,"minecraft:birch_planks":16,"minecraft:campfire":1,"minecraft:spectral_arrow":26,"minecraft:spruce_trapdoor":4,"minecraft:cherry_sign":9,"minecraft:diamond_pickaxe":2,"minecraft:lectern":13,"minecraft:iron_chestplate":3,"minecraft:book":79,"minecraft:paper":672,"minecraft:charcoal":51,"minecraft:emerald_block":71,"minecraft:shield":4,"minecraft:stick":1912,"minecraft:iron_ingot":216,"minecraft:iron_pickaxe":15,"minecraft:andesite_stairs":20,"minecraft:iron_block":3,"minecraft:stone_sword":1,"minecraft:gold_ingot":132,"minecraft:composter":2,"minecraft:cherry_planks":256,"minecraft:raw_iron":144,"minecraft:stone_shovel":45,"minecraft:tripwire_hook":4,"minecraft:diamond_hoe":3,"minecraft:furnace":16,"minecraft:bone_meal":180,"minecraft:oak_trapdoor":20,"minecraft:lantern":12,"minecraft:cherry_trapdoor":2,"minecraft:iron_axe":6,"minecraft:spruce_slab":24,"minecraft:stone_pickaxe":24,"minecraft:diamond_boots":1,"minecraft:redstone_block":1,"minecraft:wheat":495,"minecraft:cooked_beef":124,"minecraft:spruce_sign":6,"minecraft:dried_kelp":133,"minecraft:bell":1,"minecraft:iron_sword":11,"minecraft:cooked_salmon":11,"minecraft:bucket":3,"minecraft:stone_axe":16,"minecraft:enchanted_book":17,"minecraft:air":0,"minecraft:bread":26,"minecraft:oak_fence_gate":2,"minecraft:oak_boat":2,"minecraft:white_wool":7727,"minecraft:golden_apple":5,"minecraft:iron_shovel":3,"minecraft:iron_leggings":3,"minecraft:anvil":1,"minecraft:white_bed":7,"minecraft:torch":796,"minecraft:lapis_block":6,"minecraft:diamond_chestplate":1,"minecraft:firework_rocket":6},"minecraft:custom":{"minecraft:animals_bred":56,"minecraft:interact_with_crafting_table":183,"minecraft:leave_game":40,"minecraft:time_since_death":683575,"minecraft:sprint_one_cm":2796173,"minecraft:damage_blocked_by_shield":3547,"minecraft:drop":330,"minecraft:talked_to_villager":510,"minecraft:play_time":1049721,"minecraft:deaths":19,"minecraft:jump":23609,"minecraft:walk_on_water_one_cm":291773,"minecraft:enchant_item":20,"minecraft:interact_with_furnace":499,"minecraft:traded_with_villager":945,"minecraft:interact_with_loom":1,"minecraft:sleep_in_bed":38,"minecraft:damage_dealt":89610,"minecraft:player_kills":3,"minecraft:crouch_one_cm":256513,"minecraft:interact_with_smithing_table":1,"minecraft:interact_with_anvil":24,"minecraft:mob_kills":626,"minecraft:climb_one_cm":4039,"minecraft:walk_one_cm":2112166,"minecraft:sneak_time":83485,"minecraft:walk_under_water_one_cm":125906,"minecraft:boat_one_cm":45626,"minecraft:total_world_time":1049721,"minecraft:interact_with_stonecutter":1,"minecraft:time_since_rest":4439,"minecraft:damage_taken":13957,"minecraft:swim_one_cm":299041,"minecraft:fly_one_cm":5195222,"minecraft:open_chest":574,"minecraft:fall_one_cm":637074},"minecraft:mined":{"minecraft:spruce_planks":55,"minecraft:white_bed":7,"minecraft:oak_sapling":1,"minecraft:andesite_stairs":1,"minecraft:cherry_log":54,"minecraft:cobblestone_stairs":5,"minecraft:brewing_stand":2,"minecraft:granite":3,"minecraft:grass_block":296,"minecraft:cracked_polished_blackstone_bricks":9,"minecraft:crimson_fungus":1,"minecraft:oxeye_daisy":1,"minecraft:spawner":1,"minecraft:polished_blackstone_bricks":8,"minecraft:raw_iron_block":2,"minecraft:magma_block":20,"minecraft:glowstone":80,"minecraft:iron_ore":124,"minecraft:fire":236,"minecraft:deepslate_lapis_ore":12,"minecraft:anvil":1,"minecraft:enchanting_table":2,"minecraft:spruce_slab":4,"minecraft:tripwire":3,"minecraft:deepslate_redstone_ore":19,"minecraft:blackstone":2,"minecraft:kelp_plant":1,"minecraft:twisting_vines_plant":2,"minecraft:powder_snow":3,"minecraft:torch":38,"minecraft:chest":17,"minecraft:spruce_wall_sign":3,"minecraft:nether_quartz_ore":154,"minecraft:glass":50,"minecraft:cobblestone":43,"minecraft:oak_planks":19,"minecraft:sugar_cane":603,"minecraft:wall_torch":11,"minecraft:spruce_sign":2,"minecraft:cherry_slab":12,"minecraft:pink_petals":210,"minecraft:warped_nylium":6,"minecraft:powered_rail":1,"minecraft:birch_log":4,"minecraft:warped_fungus":3,"minecraft:oak_log":101,"minecraft:loom":13,"minecraft:dirt":92,"minecraft:tripwire_hook":2,"minecraft:stonecutter":1,"minecraft:netherrack":1822,"minecraft:oak_leaves":33,"minecraft:deepslate":38,"minecraft:nether_gold_ore":91,"minecraft:tuff":17,"minecraft:deepslate_diamond_ore":7,"minecraft:spruce_leaves":75,"minecraft:kelp":1,"minecraft:red_mushroom":8,"minecraft:hay_block":39,"minecraft:redstone_ore":6,"minecraft:oak_trapdoor":2,"minecraft:spruce_sapling":1,"minecraft:furnace":22,"minecraft:nether_sprouts":1,"minecraft:andesite":58,"minecraft:stripped_spruce_log":3,"minecraft:gold_block":2,"minecraft:bookshelf":8,"minecraft:potatoes":159,"minecraft:deepslate_iron_ore":185,"minecraft:shroomlight":1,"minecraft:cobblestone_slab":20,"minecraft:rail":13,"minecraft:warped_stem":7,"minecraft:packed_ice":1,"minecraft:stone":642,"minecraft:white_wool":1,"minecraft:redstone_wall_torch":1,"minecraft:oak_slab":3,"minecraft:soul_sand":27,"minecraft:basalt":4,"minecraft:oak_fence":7,"minecraft:crafting_table":15,"minecraft:short_grass":137,"minecraft:warped_roots":3,"minecraft:rose_bush":1,"minecraft:lectern":92,"minecraft:tall_grass":17,"minecraft:dried_kelp_block":1,"minecraft:deepslate_gold_ore":50,"minecraft:diorite":21,"minecraft:warped_wart_block":5,"minecraft:spruce_log":290,"minecraft:birch_leaves":1,"minecraft:coal_ore":516,"minecraft:cherry_leaves":10,"minecraft:sunflower":3,"minecraft:gravel":60,"minecraft:fern":1},"minecraft:picked_up":{"minecraft:iron_chestplate":9,"minecraft:anvil":1,"minecraft:smithing_table":1,"minecraft:lead":7,"minecraft:enchanted_book":1,"minecraft:brewing_stand":2,"minecraft:golden_sword":11,"minecraft:string":49301,"minecraft:soul_soil":25,"minecraft:cooked_salmon":66,"minecraft:iron_leggings":10,"minecraft:shroomlight":1,"minecraft:diamond_leggings":1,"minecraft:gold_nugget":507,"minecraft:cobbled_deepslate":46,"minecraft:bucket":3,"minecraft:spruce_planks":54,"minecraft:redstone_torch":2,"minecraft:cobblestone_slab":21,"minecraft:iron_pickaxe":18,"minecraft:furnace":24,"minecraft:iron_boots":7,"minecraft:golden_helmet":2,"minecraft:stick":161,"minecraft:oak_fence":7,"minecraft:torch":482,"minecraft:porkchop":45,"minecraft:dried_kelp":200,"minecraft:cherry_log":70,"minecraft:diorite":24,"minecraft:warped_planks":28,"minecraft:stone_sword":1,"minecraft:rotten_flesh":245,"minecraft:blaze_rod":3,"minecraft:cobblestone":849,"minecraft:birch_log":7,"minecraft:enchanting_table":2,"minecraft:pink_petals":1082,"minecraft:magma_block":20,"minecraft:feather":3,"minecraft:cooked_beef":45,"minecraft:magma_cream":4,"minecraft:water_bucket":2,"minecraft:andesite":58,"minecraft:potato":584,"minecraft:flint":8,"minecraft:tuff":20,"minecraft:lapis_lazuli":266,"minecraft:dirt":426,"minecraft:name_tag":1,"minecraft:twisting_vines":5,"minecraft:glass":318,"minecraft:bone":199,"minecraft:stonecutter":1,"minecraft:bow":5,"minecraft:wheat_seeds":30,"minecraft:raw_gold":137,"minecraft:rabbit":1,"minecraft:glowstone_dust":338,"minecraft:powered_rail":3,"minecraft:stone_hoe":4,"minecraft:oak_planks":624,"minecraft:ghast_tear":5,"minecraft:cooked_porkchop":3,"minecraft:warped_wart_block":9,"minecraft:poisonous_potato":3,"minecraft:stripped_spruce_log":3,"minecraft:ink_sac":4,"minecraft:loom":13,"minecraft:spectral_arrow":15,"minecraft:diamond":8,"minecraft:spruce_boat":2,"minecraft:lever":1,"minecraft:cracked_polished_blackstone_bricks":7,"minecraft:crossbow":2,"minecraft:granite":3,"minecraft:spruce_sign":5,"minecraft:emerald":90,"minecraft:oak_sapling":45,"minecraft:cherry_slab":12,"minecraft:netherrack":2533,"minecraft:diamond_pickaxe":3,"minecraft:charcoal":2,"minecraft:crafting_table":14,"minecraft:azure_bluet":1,"minecraft:chicken":2,"minecraft:chest_minecart":1,"minecraft:wooden_pickaxe":2,"minecraft:gold_block":2,"minecraft:shield":12,"minecraft:oak_trapdoor":2,"minecraft:iron_axe":8,"minecraft:flint_and_steel":2,"minecraft:iron_shovel":2,"minecraft:blackstone":2,"minecraft:beef":154,"minecraft:andesite_stairs":10,"minecraft:oak_boat":6,"minecraft:minecart":1,"minecraft:spruce_slab":7,"minecraft:light_gray_wool":3,"minecraft:lectern":93,"minecraft:sugar_cane":979,"minecraft:chest":17,"minecraft:birch_sapling":17,"minecraft:phantom_membrane":1,"minecraft:egg":8,"minecraft:raw_iron":500,"minecraft:sandstone":1,"minecraft:polished_blackstone_bricks":8,"minecraft:redstone":253,"minecraft:arrow":119,"minecraft:stone_shovel":11,"minecraft:shears":1,"minecraft:hay_block":38,"minecraft:gold_ingot":12,"minecraft:glow_berries":1,"minecraft:mutton":44,"minecraft:rail":28,"minecraft:white_wool":111,"minecraft:oxeye_daisy":1,"minecraft:basalt":2,"minecraft:tripwire_hook":2,"minecraft:glow_ink_sac":2,"minecraft:salmon":12,"minecraft:leather":137,"minecraft:red_mushroom":12,"minecraft:birch_planks":29,"minecraft:crimson_fungus":2,"minecraft:oak_log":322,"minecraft:golden_boots":2,"minecraft:gunpowder":20,"minecraft:cobblestone_stairs":4,"minecraft:paper":21,"minecraft:cooked_mutton":49,"minecraft:apple":14,"minecraft:kelp":188,"minecraft:warped_stem":7,"minecraft:iron_ingot":63,"minecraft:stone_pickaxe":20,"minecraft:cooked_chicken":11,"minecraft:glass_bottle":6,"minecraft:iron_sword":18,"minecraft:soul_sand":45,"minecraft:book":24,"minecraft:oak_slab":2,"minecraft:warped_fungus":12,"minecraft:quartz":335,"minecraft:dandelion":2,"minecraft:raw_iron_block":3,"minecraft:gravel":94,"minecraft:spruce_sapling":22,"minecraft:white_bed":9,"minecraft:spruce_log":283,"minecraft:spider_eye":8,"minecraft:dried_kelp_block":20,"minecraft:slime_ball":8,"minecraft:stone_axe":7,"minecraft:iron_helmet":7,"minecraft:cherry_sapling":3,"minecraft:warped_roots":9,"minecraft:oak_button":1,"minecraft:black_wool":6,"minecraft:warped_nylium":5,"minecraft:coal":814,"minecraft:sunflower":3,"minecraft:ender_pearl":5}},"DataVersion":3700}