{"stats":{"minecraft:used":{"minecraft:iron_shovel":66,"minecraft:chest":15,"minecraft:shield":68,"minecraft:iron_sword":667,"minecraft:rotten_flesh":24,"minecraft:iron_chestplate":3,"minecraft:tuff":18,"minecraft:azure_bluet":1,"minecraft:glass":9,"minecraft:birch_sapling":7,"minecraft:iron_helmet":2,"minecraft:golden_sword":25,"minecraft:bow":34,"minecraft:furnace":18,"minecraft:oak_sapling":10,"minecraft:egg":3,"minecraft:golden_boots":1,"minecraft:diorite":6,"minecraft:stone_pickaxe":144,"minecraft:oak_planks":1,"minecraft:wooden_pickaxe":40,"minecraft:sugar_cane":9,"minecraft:glow_berries":11,"minecraft:string":1,"minecraft:gravel":28,"minecraft:andesite":15,"minecraft:oak_boat":2,"minecraft:oak_trapdoor":20,"minecraft:stone_sword":92,"minecraft:dried_kelp":1,"minecraft:cooked_salmon":11,"minecraft:cooked_chicken":3,"minecraft:dried_kelp_block":1,"minecraft:netherrack":1727,"minecraft:torch":163,"minecraft:dirt":50,"minecraft:warped_wart_block":3,"minecraft:anvil":1,"minecraft:granite":2,"minecraft:shroomlight":1,"minecraft:iron_axe":74,"minecraft:iron_boots":1,"minecraft:cooked_beef":25,"minecraft:cobbled_deepslate":25,"minecraft:iron_leggings":2,"minecraft:cooked_mutton":12,"minecraft:water_bucket":29,"minecraft:cobblestone_stairs":92,"minecraft:cobblestone_slab":15,"minecraft:warped_roots":1,"minecraft:crafting_table":12,"minecraft:campfire":1,"minecraft:white_bed":5,"minecraft:diamond_pickaxe":137,"minecraft:apple":1,"minecraft:oxeye_daisy":1,"minecraft:sunflower":3,"minecraft:iron_pickaxe":3020,"minecraft:stone_axe":184,"minecraft:cobblestone":252,"minecraft:cooked_porkchop":25,"minecraft:andesite_stairs":21,"minecraft:bucket":32},"minecraft:crafted":{"minecraft:oak_planks":308,"minecraft:cobblestone_slab":18,"minecraft:cooked_chicken":1,"minecraft:diorite_stairs":4,"minecraft:cobblestone_stairs":88,"minecraft:cooked_mutton":30,"minecraft:warped_planks":28,"minecraft:quartz_block":36,"minecraft:iron_boots":2,"minecraft:chest":12,"minecraft:dried_kelp_block":21,"minecraft:golden_boots":1,"minecraft:raw_iron_block":14,"minecraft:cooked_porkchop":40,"minecraft:crafting_table":5,"minecraft:wooden_pickaxe":2,"minecraft:iron_helmet":2,"minecraft:birch_planks":16,"minecraft:campfire":1,"minecraft:spectral_arrow":26,"minecraft:iron_chestplate":2,"minecraft:charcoal":51,"minecraft:shield":3,"minecraft:stick":84,"minecraft:iron_pickaxe":12,"minecraft:iron_ingot":142,"minecraft:andesite_stairs":20,"minecraft:iron_block":3,"minecraft:stone_sword":1,"minecraft:gold_ingot":23,"minecraft:raw_iron":144,"minecraft:furnace":12,"minecraft:oak_trapdoor":18,"minecraft:iron_axe":2,"minecraft:stone_pickaxe":2,"minecraft:cooked_beef":18,"minecraft:dried_kelp":133,"minecraft:iron_sword":3,"minecraft:cooked_salmon":11,"minecraft:bucket":2,"minecraft:stone_axe":3,"minecraft:air":0,"minecraft:oak_boat":1,"minecraft:white_wool":1,"minecraft:iron_shovel":2,"minecraft:iron_leggings":2,"minecraft:anvil":1,"minecraft:white_bed":3,"minecraft:torch":104},"minecraft:custom":{"minecraft:interact_with_crafting_table":83,"minecraft:leave_game":21,"minecraft:time_since_death":29784,"minecraft:sprint_one_cm":1077603,"minecraft:damage_blocked_by_shield":2475,"minecraft:drop":65,"minecraft:play_time":395930,"minecraft:deaths":19,"minecraft:jump":9266,"minecraft:walk_on_water_one_cm":57094,"minecraft:enchant_item":12,"minecraft:interact_with_furnace":351,"minecraft:sleep_in_bed":13,"minecraft:damage_dealt":49169,"minecraft:player_kills":3,"minecraft:crouch_one_cm":153379,"minecraft:mob_kills":355,"minecraft:interact_with_anvil":4,"minecraft:climb_one_cm":4039,"minecraft:walk_one_cm":906270,"minecraft:sneak_time":49858,"minecraft:walk_under_water_one_cm":63994,"minecraft:total_world_time":395930,"minecraft:time_since_rest":29821,"minecraft:damage_taken":9720,"minecraft:swim_one_cm":186970,"minecraft:fly_one_cm":1906494,"minecraft:open_chest":163,"minecraft:fall_one_cm":261784},"minecraft:mined":{"minecraft:white_bed":2,"minecraft:oak_sapling":1,"minecraft:andesite_stairs":1,"minecraft:cobblestone_stairs":4,"minecraft:granite":2,"minecraft:grass_block":20,"minecraft:crimson_fungus":1,"minecraft:oxeye_daisy":1,"minecraft:spawner":1,"minecraft:magma_block":20,"minecraft:raw_iron_block":2,"minecraft:glowstone":80,"minecraft:iron_ore":85,"minecraft:fire":185,"minecraft:deepslate_lapis_ore":3,"minecraft:deepslate_redstone_ore":9,"minecraft:twisting_vines_plant":2,"minecraft:torch":7,"minecraft:chest":4,"minecraft:nether_quartz_ore":107,"minecraft:glass":1,"minecraft:cobblestone":11,"minecraft:sugar_cane":16,"minecraft:oak_planks":15,"minecraft:wall_torch":4,"minecraft:warped_nylium":6,"minecraft:birch_log":4,"minecraft:warped_fungus":3,"minecraft:grass":22,"minecraft:oak_log":55,"minecraft:dirt":29,"minecraft:netherrack":1768,"minecraft:oak_leaves":16,"minecraft:deepslate":25,"minecraft:nether_gold_ore":15,"minecraft:tuff":15,"minecraft:deepslate_diamond_ore":2,"minecraft:spruce_leaves":3,"minecraft:red_mushroom":8,"minecraft:redstone_ore":2,"minecraft:oak_trapdoor":2,"minecraft:furnace":6,"minecraft:nether_sprouts":1,"minecraft:andesite":58,"minecraft:deepslate_iron_ore":138,"minecraft:shroomlight":1,"minecraft:cobblestone_slab":2,"minecraft:warped_stem":7,"minecraft:stone":548,"minecraft:soul_sand":26,"minecraft:crafting_table":9,"minecraft:warped_roots":3,"minecraft:rose_bush":1,"minecraft:tall_grass":3,"minecraft:dried_kelp_block":1,"minecraft:deepslate_gold_ore":26,"minecraft:diorite":16,"minecraft:warped_wart_block":5,"minecraft:coal_ore":330,"minecraft:sunflower":3,"minecraft:gravel":39,"minecraft:fern":1},"minecraft:dropped":{"minecraft:iron_sword":3,"minecraft:diamond":2,"minecraft:warped_roots":4,"minecraft:flint":4,"minecraft:dirt":26,"minecraft:iron_pickaxe":2,"minecraft:gravel":22,"minecraft:crimson_fungus":1,"minecraft:cobbled_deepslate":10,"minecraft:birch_sapling":6,"minecraft:diorite_stairs":4,"minecraft:rotten_flesh":28,"minecraft:oak_planks":14,"minecraft:gunpowder":4,"minecraft:chest":1,"minecraft:arrow":13,"minecraft:wheat_seeds":1,"minecraft:cobblestone":3,"minecraft:feather":3,"minecraft:apple":1,"minecraft:stick":1,"minecraft:diorite":3,"minecraft:torch":32,"minecraft:cooked_salmon":2,"minecraft:raw_iron_block":1,"minecraft:string":48,"minecraft:kelp":2,"minecraft:warped_nylium":1,"minecraft:potato":2,"minecraft:cobblestone_slab":6,"minecraft:andesite":13,"minecraft:andesite_stairs":9,"minecraft:oak_sapling":26,"minecraft:spider_eye":1,"minecraft:sandstone":1,"minecraft:bow":1,"minecraft:stone_pickaxe":3,"minecraft:wooden_pickaxe":4},"minecraft:killed_by":{"minecraft:ghast":2,"minecraft:creeper":1,"minecraft:blaze":2,"minecraft:zombie":2,"minecraft:spider":1,"minecraft:skeleton":9},"minecraft:killed":{"minecraft:zombified_piglin":122,"minecraft:witch":1,"minecraft:spider":6,"minecraft:skeleton":37,"minecraft:chicken":2,"minecraft:magma_cube":22,"minecraft:piglin":22,"minecraft:pig":10,"minecraft:salmon":17,"minecraft:creeper":2,"minecraft:sheep":9,"minecraft:zombie":47,"minecraft:donkey":6,"minecraft:ghast":10,"minecraft:cow":8,"minecraft:blaze":8,"minecraft:horse":6,"minecraft:drowned":1,"minecraft:squid":3,"minecraft:wither_skeleton":4,"minecraft:enderman":4},"minecraft:broken":{"minecraft:golden_sword":3,"minecraft:stone_axe":1,"minecraft:iron_sword":1,"minecraft:iron_pickaxe":10},"minecraft:picked_up":{"minecraft:iron_chestplate":9,"minecraft:golden_sword":8,"minecraft:string":151,"minecraft:soul_soil":25,"minecraft:cooked_salmon":66,"minecraft:iron_leggings":10,"minecraft:shroomlight":1,"minecraft:gold_nugget":174,"minecraft:cobbled_deepslate":35,"minecraft:bucket":2,"minecraft:cobblestone_slab":3,"minecraft:iron_pickaxe":15,"minecraft:furnace":8,"minecraft:iron_boots":7,"minecraft:golden_helmet":2,"minecraft:stick":144,"minecraft:torch":429,"minecraft:porkchop":45,"minecraft:dried_kelp":192,"minecraft:diorite":19,"minecraft:warped_planks":28,"minecraft:stone_sword":1,"minecraft:rotten_flesh":184,"minecraft:blaze_rod":3,"minecraft:cobblestone":616,"minecraft:birch_log":7,"minecraft:magma_block":20,"minecraft:cooked_beef":45,"minecraft:feather":3,"minecraft:magma_cream":4,"minecraft:water_bucket":2,"minecraft:andesite":58,"minecraft:potato":4,"minecraft:flint":4,"minecraft:tuff":18,"minecraft:dirt":76,"minecraft:lapis_lazuli":201,"minecraft:twisting_vines":5,"minecraft:glass":44,"minecraft:bone":121,"minecraft:bow":5,"minecraft:wheat_seeds":4,"minecraft:raw_gold":113,"minecraft:glowstone_dust":338,"minecraft:powered_rail":1,"minecraft:oak_planks":620,"minecraft:ghast_tear":3,"minecraft:cooked_porkchop":2,"minecraft:warped_wart_block":9,"minecraft:ink_sac":4,"minecraft:spectral_arrow":15,"minecraft:diamond":2,"minecraft:granite":2,"minecraft:oak_sapling":39,"minecraft:netherrack":2385,"minecraft:diamond_pickaxe":3,"minecraft:charcoal":1,"minecraft:crafting_table":9,"minecraft:azure_bluet":1,"minecraft:chicken":2,"minecraft:chest_minecart":1,"minecraft:wooden_pickaxe":2,"minecraft:shield":12,"minecraft:oak_trapdoor":2,"minecraft:iron_axe":6,"minecraft:flint_and_steel":2,"minecraft:iron_shovel":2,"minecraft:beef":15,"minecraft:andesite_stairs":10,"minecraft:oak_boat":1,"minecraft:light_gray_wool":2,"minecraft:sugar_cane":38,"minecraft:chest":4,"minecraft:birch_sapling":17,"minecraft:egg":3,"minecraft:raw_iron":414,"minecraft:sandstone":1,"minecraft:redstone":187,"minecraft:arrow":76,"minecraft:gold_ingot":11,"minecraft:glow_berries":1,"minecraft:mutton":16,"minecraft:white_wool":44,"minecraft:oxeye_daisy":1,"minecraft:salmon":12,"minecraft:leather":53,"minecraft:red_mushroom":12,"minecraft:birch_planks":29,"minecraft:crimson_fungus":2,"minecraft:oak_log":276,"minecraft:golden_boots":2,"minecraft:gunpowder":9,"minecraft:cobblestone_stairs":4,"minecraft:cooked_mutton":49,"minecraft:apple":5,"minecraft:kelp":171,"minecraft:warped_stem":7,"minecraft:iron_ingot":44,"minecraft:stone_pickaxe":8,"minecraft:cooked_chicken":10,"minecraft:glass_bottle":6,"minecraft:iron_sword":15,"minecraft:soul_sand":44,"minecraft:warped_fungus":12,"minecraft:quartz":273,"minecraft:raw_iron_block":3,"minecraft:gravel":74,"minecraft:white_bed":4,"minecraft:spider_eye":5,"minecraft:dried_kelp_block":19,"minecraft:stone_axe":7,"minecraft:iron_helmet":7,"minecraft:warped_roots":9,"minecraft:oak_button":1,"minecraft:black_wool":6,"minecraft:warped_nylium":5,"minecraft:coal":383,"minecraft:ender_pearl":3,"minecraft:sunflower":3}},"DataVersion":3465}