{"stats":{"minecraft:broken":{"minecraft:golden_sword":26,"minecraft:diamond_pickaxe":3,"minecraft:iron_sword":1,"minecraft:iron_axe":3,"minecraft:iron_pickaxe":13,"minecraft:iron_helmet":1,"minecraft:iron_shovel":1,"minecraft:stone_pickaxe":1,"minecraft:stone_axe":1},"minecraft:dropped":{"minecraft:iron_sword":4,"minecraft:porkchop":17,"minecraft:lapis_lazuli":8,"minecraft:cooked_beef":54,"minecraft:glass_bottle":6,"minecraft:diamond":70,"minecraft:crafting_table":2,"minecraft:cooked_porkchop":1,"minecraft:crossbow":3,"minecraft:warped_roots":4,"minecraft:cracked_stone_bricks":1,"minecraft:saddle":2,"minecraft:elytra":9,"minecraft:rail":30,"minecraft:dragon_breath":1,"minecraft:emerald":210,"minecraft:dirt":81,"minecraft:netherite_boots":1,"minecraft:gold_nugget":82,"minecraft:bone_meal":4,"minecraft:phantom_membrane":1,"minecraft:iron_pickaxe":7,"minecraft:sugar":1,"minecraft:purple_wool":1,"minecraft:fermented_spider_eye":6,"minecraft:white_wool":65,"minecraft:bone":12,"minecraft:stone_axe":25,"minecraft:emerald_block":25,"minecraft:sugar_cane":20,"minecraft:ancient_debris":8,"minecraft:iron_nugget":1,"minecraft:cobbled_deepslate":10,"minecraft:netherite_sword":1,"minecraft:birch_sapling":6,"minecraft:obsidian":10,"minecraft:rotten_flesh":63,"minecraft:grindstone":1,"minecraft:oak_planks":15,"minecraft:end_stone":88,"minecraft:glowstone_dust":6,"minecraft:white_bed":2,"minecraft:salmon":1,"minecraft:eye_armor_trim_smithing_template":4,"minecraft:coal_ore":5,"minecraft:charcoal":1,"minecraft:quartz_block":32,"minecraft:spruce_slab":7,"minecraft:end_stone_bricks":10,"minecraft:glass":38,"minecraft:lectern":16,"minecraft:egg":3,"minecraft:enchanted_book":11,"minecraft:iron_ingot":22,"minecraft:netherite_pickaxe":3,"minecraft:birch_leaves":1,"minecraft:wheat_seeds":27,"minecraft:golden_horse_armor":1,"minecraft:netherite_helmet":1,"minecraft:netherite_chestplate":6,"minecraft:purpur_slab":1,"minecraft:iron_helmet":1,"minecraft:feather":3,"minecraft:cobblestone":262,"minecraft:book":17,"minecraft:apple":2,"minecraft:granite":17,"minecraft:spruce_button":1,"minecraft:dried_kelp_block":1,"minecraft:rabbit":1,"minecraft:cherry_planks":9,"minecraft:cooked_salmon":2,"minecraft:diamond_helmet":3,"minecraft:potion":9,"minecraft:dried_kelp":20,"minecraft:white_banner":3,"minecraft:iron_shovel":7,"minecraft:string":612,"minecraft:spruce_sapling":2,"minecraft:netherite_ingot":8,"minecraft:diamond_hoe":7,"minecraft:stone_shovel":85,"minecraft:white_carpet":1,"minecraft:iron_boots":3,"minecraft:cherry_slab":4,"minecraft:blast_furnace":2,"minecraft:diamond_sword":2,"minecraft:potato":379,"minecraft:cobblestone_slab":10,"minecraft:spruce_boat":1,"minecraft:stone":186,"minecraft:spruce_trapdoor":1,"minecraft:spruce_planks":32,"minecraft:diamond_pickaxe":12,"minecraft:andesite_stairs":9,"minecraft:redstone_torch":1,"minecraft:spider_eye":8,"minecraft:stone_bricks":14,"minecraft:sandstone":1,"minecraft:bow":5,"minecraft:bell":7,"minecraft:magma_block":4,"minecraft:diamond_axe":2,"minecraft:ender_pearl":41,"minecraft:netherite_upgrade_smithing_template":20,"minecraft:lantern":36,"minecraft:leather":7,"minecraft:flint":71,"minecraft:cracked_polished_blackstone_bricks":34,"minecraft:polished_blackstone_brick_stairs":4,"minecraft:cornflower":1,"minecraft:mutton":1,"minecraft:polished_blackstone_bricks":56,"minecraft:cauldron":1,"minecraft:gravel":40,"minecraft:crimson_fungus":1,"minecraft:purpur_block":5,"minecraft:blackstone":239,"minecraft:twisting_vines":1,"minecraft:diorite_stairs":4,"minecraft:cooked_mutton":25,"minecraft:chainmail_chestplate":1,"minecraft:shulker_shell":3,"minecraft:leather_chestplate":1,"minecraft:gunpowder":16,"minecraft:chest":4,"minecraft:powered_rail":2,"minecraft:basalt":263,"minecraft:arrow":21,"minecraft:quartz":20,"minecraft:oak_leaves":1,"minecraft:splash_potion":1,"minecraft:netherrack":4035,"minecraft:firework_rocket":25,"minecraft:water_bucket":2,"minecraft:stone_hoe":45,"minecraft:stripped_spruce_log":1,"minecraft:cherry_log":1,"minecraft:smithing_table":2,"minecraft:minecart":1,"minecraft:diamond_leggings":6,"minecraft:poisonous_potato":3,"minecraft:netherite_axe":1,"minecraft:lead":6,"minecraft:grass_block":7,"minecraft:stick":28,"minecraft:diorite":11,"minecraft:torch":224,"minecraft:iron_door":3,"minecraft:iron_leggings":3,"minecraft:iron_axe":4,"minecraft:raw_iron_block":1,"minecraft:pink_petals":52,"minecraft:bucket":5,"minecraft:dandelion":1,"minecraft:redstone":3,"minecraft:kelp":8,"minecraft:warped_nylium":1,"minecraft:ender_chest":2,"minecraft:blaze_rod":13,"minecraft:raw_iron":12,"minecraft:light_gray_wool":1,"minecraft:ender_eye":1,"minecraft:shulker_box":3,"minecraft:netherite_leggings":1,"minecraft:flint_and_steel":1,"minecraft:shield":7,"minecraft:diamond_chestplate":3,"minecraft:dragon_egg":1,"minecraft:iron_chestplate":2,"minecraft:andesite":15,"minecraft:mossy_stone_bricks":2,"minecraft:oak_sapling":30,"minecraft:spruce_log":54,"minecraft:diamond_boots":3,"minecraft:stone_pickaxe":70,"minecraft:wooden_pickaxe":4,"minecraft:nether_quartz_ore":4},"minecraft:mined":{"minecraft:dragon_wall_head":1,"minecraft:white_bed":7,"minecraft:cherry_log":57,"minecraft:obsidian":20,"minecraft:granite":25,"minecraft:hopper":1,"minecraft:crimson_fungus":1,"minecraft:nether_wart":121,"minecraft:oxeye_daisy":1,"minecraft:spawner":3,"minecraft:polished_blackstone_bricks":108,"minecraft:tall_seagrass":2,"minecraft:magma_block":24,"minecraft:cobbled_deepslate":2,"minecraft:fire":368,"minecraft:deepslate_lapis_ore":12,"minecraft:enchanting_table":2,"minecraft:twisting_vines":1,"minecraft:white_banner":3,"minecraft:tripwire":7,"minecraft:kelp_plant":1,"minecraft:powder_snow":3,"minecraft:torch":46,"minecraft:spruce_wall_sign":3,"minecraft:glass":109,"minecraft:sugar_cane":1731,"minecraft:spruce_sign":2,"minecraft:cherry_slab":14,"minecraft:warped_fungus":3,"minecraft:loom":13,"minecraft:stonecutter":1,"minecraft:deepslate":127,"minecraft:shulker_box":57,"minecraft:end_stone":18,"minecraft:nether_bricks":9,"minecraft:red_mushroom":8,"minecraft:kelp":1,"minecraft:redstone_ore":6,"minecraft:andesite":70,"minecraft:potatoes":159,"minecraft:cobblestone_slab":22,"minecraft:rail":13,"minecraft:warped_stem":7,"minecraft:white_wool":14,"minecraft:ender_chest":61,"minecraft:oak_slab":3,"minecraft:soul_sand":47,"minecraft:stone_brick_slab":1,"minecraft:dandelion":1,"minecraft:short_grass":180,"minecraft:warped_roots":3,"minecraft:purpur_pillar":2,"minecraft:tall_grass":26,"minecraft:dried_kelp_block":1,"minecraft:deepslate_gold_ore":50,"minecraft:diorite":36,"minecraft:warped_wart_block":5,"minecraft:spruce_log":661,"minecraft:birch_leaves":1,"minecraft:sunflower":3,"minecraft:gravel":170,"minecraft:cobweb":10,"minecraft:stone_bricks":12,"minecraft:chipped_anvil":2,"minecraft:fern":1,"minecraft:spruce_planks":62,"minecraft:oak_sapling":1,"minecraft:andesite_stairs":1,"minecraft:cobblestone_stairs":5,"minecraft:brewing_stand":4,"minecraft:spruce_trapdoor":2,"minecraft:grass_block":500,"minecraft:cracked_polished_blackstone_bricks":64,"minecraft:soul_soil":19,"minecraft:gilded_blackstone":1,"minecraft:raw_iron_block":2,"minecraft:glowstone":80,"minecraft:iron_ore":125,"minecraft:anvil":2,"minecraft:end_stone_bricks":7,"minecraft:spruce_slab":8,"minecraft:deepslate_redstone_ore":19,"minecraft:blackstone":383,"minecraft:twisting_vines_plant":4,"minecraft:purpur_stairs":1,"minecraft:poppy":21,"minecraft:chest":20,"minecraft:nether_quartz_ore":298,"minecraft:cobblestone":81,"minecraft:oak_planks":19,"minecraft:iron_door":4,"minecraft:wall_torch":13,"minecraft:cauldron":3,"minecraft:pink_petals":253,"minecraft:seagrass":2,"minecraft:warped_nylium":6,"minecraft:powered_rail":1,"minecraft:birch_log":4,"minecraft:purpur_block":5,"minecraft:oak_log":101,"minecraft:dirt":139,"minecraft:tripwire_hook":2,"minecraft:netherrack":14585,"minecraft:ancient_debris":80,"minecraft:oak_leaves":45,"minecraft:nether_gold_ore":115,"minecraft:tuff":34,"minecraft:deepslate_diamond_ore":20,"minecraft:spruce_leaves":76,"minecraft:hay_block":56,"minecraft:oak_trapdoor":2,"minecraft:spruce_sapling":3,"minecraft:furnace":22,"minecraft:nether_sprouts":1,"minecraft:stripped_spruce_log":3,"minecraft:gold_block":15,"minecraft:bookshelf":32,"minecraft:deepslate_iron_ore":186,"minecraft:shroomlight":1,"minecraft:lantern":2,"minecraft:packed_ice":2577,"minecraft:stone":1120,"minecraft:redstone_wall_torch":1,"minecraft:magenta_stained_glass":1,"minecraft:infested_stone_bricks":2,"minecraft:basalt":647,"minecraft:oak_fence":7,"minecraft:crafting_table":23,"minecraft:blackstone_slab":1,"minecraft:rose_bush":1,"minecraft:lectern":346,"minecraft:stone_slab":9,"minecraft:polished_blackstone_brick_stairs":3,"minecraft:ice":2,"minecraft:bee_nest":1,"minecraft:coal_ore":544,"minecraft:cherry_leaves":14,"minecraft:cracked_stone_bricks":2,"minecraft:mossy_stone_bricks":4},"minecraft:used":{"minecraft:spruce_slab":7,"minecraft:elytra":44,"minecraft:poppy":1,"minecraft:chest":41,"minecraft:stone":52,"minecraft:rotten_flesh":142,"minecraft:soul_sand":43,"minecraft:azure_bluet":1,"minecraft:stripped_spruce_log":2,"minecraft:spruce_boat":5,"minecraft:packed_ice":222,"minecraft:lava_bucket":11,"minecraft:netherite_shovel":238,"minecraft:birch_sapling":7,"minecraft:bow":577,"minecraft:oak_sapling":11,"minecraft:furnace":34,"minecraft:egg":10,"minecraft:potato":203,"minecraft:mossy_stone_bricks":2,"minecraft:diorite":11,"minecraft:blackstone":20,"minecraft:wooden_pickaxe":40,"minecraft:composter":2,"minecraft:purpur_pillar":2,"minecraft:glow_berries":11,"minecraft:lectern":347,"minecraft:cherry_sign":9,"minecraft:diamond_sword":203,"minecraft:ice":2,"minecraft:oak_boat":4,"minecraft:oak_trapdoor":22,"minecraft:enchanting_table":2,"minecraft:stone_sword":92,"minecraft:cooked_salmon":11,"minecraft:netherrack":2277,"minecraft:orange_bed":12,"minecraft:torch":812,"minecraft:brewing_stand":3,"minecraft:anvil":6,"minecraft:warped_wart_block":3,"minecraft:ancient_debris":1,"minecraft:oak_fence_gate":2,"minecraft:shroomlight":1,"minecraft:chipped_anvil":2,"minecraft:iron_axe":904,"minecraft:cherry_slab":125,"minecraft:barrel":2,"minecraft:basalt":18,"minecraft:tripwire_hook":6,"minecraft:cherry_log":5,"minecraft:cobbled_deepslate":101,"minecraft:water_bucket":277,"minecraft:cauldron":5,"minecraft:polished_blackstone_bricks":43,"minecraft:oak_slab":2,"minecraft:crafting_table":26,"minecraft:white_bed":15,"minecraft:campfire":1,"minecraft:spruce_log":18,"minecraft:oak_log":1,"minecraft:ender_eye":22,"minecraft:diamond_pickaxe":14501,"minecraft:oxeye_daisy":1,"minecraft:diamond_shovel":136,"minecraft:sunflower":3,"minecraft:iron_pickaxe":3589,"minecraft:spruce_pressure_plate":28,"minecraft:spruce_trapdoor":10,"minecraft:spruce_sapling":40,"minecraft:cobblestone":462,"minecraft:potion":4,"minecraft:cooked_porkchop":26,"minecraft:andesite_stairs":21,"minecraft:kelp":11,"minecraft:dandelion":2,"minecraft:cherry_sapling":3,"minecraft:iron_shovel":355,"minecraft:shield":165,"minecraft:iron_sword":1029,"minecraft:nether_wart":160,"minecraft:bell":1,"minecraft:iron_chestplate":3,"minecraft:nether_bricks":9,"minecraft:tuff":37,"minecraft:obsidian":5,"minecraft:honey_bottle":2,"minecraft:glass":898,"minecraft:lantern":2,"minecraft:warped_nylium":4,"minecraft:iron_helmet":2,"minecraft:item_frame":1,"minecraft:golden_sword":188,"minecraft:gray_bed":12,"minecraft:golden_boots":1,"minecraft:stone_pickaxe":275,"minecraft:oak_planks":6,"minecraft:ender_pearl":114,"minecraft:sugar_cane":274,"minecraft:diamond_axe":178,"minecraft:white_wool":909,"minecraft:golden_hoe":1,"minecraft:loom":15,"minecraft:crossbow":1,"minecraft:shears":8,"minecraft:redstone_torch":1,"minecraft:lever":3,"minecraft:firework_rocket":105,"minecraft:string":14,"minecraft:bread":26,"minecraft:gravel":28,"minecraft:blackstone_slab":1,"minecraft:grindstone":1,"minecraft:andesite":15,"minecraft:bone_meal":175,"minecraft:oak_fence":97,"minecraft:purpur_block":1,"minecraft:netherite_sword":589,"minecraft:dried_kelp":5,"minecraft:spruce_planks":488,"minecraft:ender_chest":59,"minecraft:dried_kelp_block":1,"minecraft:cooked_chicken":4,"minecraft:dirt":452,"minecraft:hopper":1,"minecraft:shulker_box":68,"minecraft:bee_nest":1,"minecraft:granite":2,"minecraft:bookshelf":48,"minecraft:cherry_trapdoor":2,"minecraft:iron_boots":1,"minecraft:netherite_pickaxe":3552,"minecraft:minecart":1,"minecraft:cooked_beef":238,"minecraft:iron_leggings":2,"minecraft:cooked_mutton":12,"minecraft:cobblestone_stairs":92,"minecraft:glass_bottle":18,"minecraft:netherite_chestplate":44,"minecraft:spruce_sign":16,"minecraft:stonecutter":1,"minecraft:cobblestone_slab":16,"minecraft:warped_roots":1,"minecraft:painting":1,"minecraft:apple":1,"minecraft:cracked_polished_blackstone_bricks":25,"minecraft:netherite_axe":600,"minecraft:stone_slab":10,"minecraft:stone_axe":184,"minecraft:pink_petals":1108,"minecraft:bucket":295},"minecraft:custom":{"minecraft:interact_with_crafting_table":310,"minecraft:open_barrel":4,"minecraft:bell_ring":48,"minecraft:leave_game":58,"minecraft:time_since_death":1811586,"minecraft:damage_blocked_by_shield":6396,"minecraft:play_time":2177862,"minecraft:deaths":19,"minecraft:jump":41416,"minecraft:enchant_item":20,"minecraft:interact_with_furnace":687,"minecraft:traded_with_villager":5567,"minecraft:sleep_in_bed":65,"minecraft:damage_dealt":158146,"minecraft:use_cauldron":2,"minecraft:interact_with_smithing_table":18,"minecraft:interact_with_anvil":92,"minecraft:inspect_hopper":11,"minecraft:sneak_time":168103,"minecraft:total_world_time":2177862,"minecraft:interact_with_stonecutter":6,"minecraft:time_since_rest":90233,"minecraft:swim_one_cm":464079,"minecraft:fly_one_cm":9697295,"minecraft:open_chest":2191,"minecraft:fall_one_cm":1108558,"minecraft:animals_bred":105,"minecraft:open_shulker_box":207,"minecraft:sprint_one_cm":5615917,"minecraft:drop":852,"minecraft:talked_to_villager":2132,"minecraft:interact_with_brewingstand":17,"minecraft:walk_on_water_one_cm":400585,"minecraft:interact_with_loom":12,"minecraft:open_enderchest":168,"minecraft:player_kills":3,"minecraft:crouch_one_cm":644192,"minecraft:mob_kills":1087,"minecraft:fill_cauldron":4,"minecraft:climb_one_cm":12056,"minecraft:walk_one_cm":4041019,"minecraft:raid_win":1,"minecraft:walk_under_water_one_cm":163114,"minecraft:boat_one_cm":479706,"minecraft:damage_taken":21670,"minecraft:aviate_one_cm":4779240},"minecraft:crafted":{"minecraft:ender_chest":2,"minecraft:black_dye":19,"minecraft:smooth_stone":16,"minecraft:blaze_powder":18,"minecraft:chain":40,"minecraft:loom":2,"minecraft:diorite_stairs":4,"minecraft:lever":3,"minecraft:diamond_shovel":3,"minecraft:bookshelf":67,"minecraft:cooked_mutton":57,"minecraft:shulker_box":21,"minecraft:quartz_block":68,"minecraft:glass":1312,"minecraft:diamond_helmet":1,"minecraft:diamond_leggings":1,"minecraft:netherite_boots":2,"minecraft:stone_pressure_plate":5,"minecraft:dried_kelp_block":21,"minecraft:name_tag":2,"minecraft:gray_bed":12,"minecraft:glass_bottle":198,"minecraft:emerald":5949,"minecraft:cooked_porkchop":40,"minecraft:diamond_axe":6,"minecraft:smithing_table":1,"minecraft:clock":1,"minecraft:hay_block":27,"minecraft:campfire":1,"minecraft:painting":36,"minecraft:lectern":13,"minecraft:cherry_sign":9,"minecraft:stone_slab":60,"minecraft:iron_pickaxe":15,"minecraft:iron_block":9,"minecraft:gold_ingot":267,"minecraft:netherite_ingot":18,"minecraft:composter":2,"minecraft:stone_shovel":68,"minecraft:iron_nugget":81,"minecraft:experience_bottle":18,"minecraft:diamond_hoe":9,"minecraft:red_banner":3,"minecraft:bone_meal":201,"minecraft:spruce_fence":270,"minecraft:white_carpet":129,"minecraft:cherry_trapdoor":2,"minecraft:lantern":133,"minecraft:netherite_axe":1,"minecraft:detector_rail":6,"minecraft:spruce_slab":24,"minecraft:ender_pearl":12,"minecraft:stone_pickaxe":56,"minecraft:diamond_boots":1,"minecraft:eye_armor_trim_smithing_template":10,"minecraft:spruce_boat":1,"minecraft:redstone_block":1,"minecraft:wheat":585,"minecraft:netherite_pickaxe":2,"minecraft:dried_kelp":133,"minecraft:glowstone":24,"minecraft:enchanted_book":79,"minecraft:oak_fence_gate":2,"minecraft:golden_apple":5,"minecraft:iron_shovel":9,"minecraft:iron_leggings":4,"minecraft:white_bed":68,"minecraft:grindstone":2,"minecraft:oak_planks":492,"minecraft:cobblestone_slab":36,"minecraft:barrel":2,"minecraft:cherry_slab":174,"minecraft:cooked_chicken":1,"minecraft:cobblestone_stairs":88,"minecraft:stone":47,"minecraft:spruce_pressure_plate":28,"minecraft:warped_planks":28,"minecraft:bow":1,"minecraft:iron_boots":4,"minecraft:comparator":10,"minecraft:chest":42,"minecraft:netherite_helmet":2,"minecraft:netherite_upgrade_smithing_template":56,"minecraft:rail":256,"minecraft:stone_hoe":36,"minecraft:ender_eye":17,"minecraft:oak_fence":90,"minecraft:golden_boots":1,"minecraft:raw_iron_block":14,"minecraft:white_banner":1,"minecraft:oak_slab":12,"minecraft:arrow":304,"minecraft:cauldron":3,"minecraft:crafting_table":10,"minecraft:spruce_planks":2368,"minecraft:wooden_pickaxe":2,"minecraft:iron_helmet":3,"minecraft:red_wool":18,"minecraft:gold_block":4,"minecraft:birch_planks":16,"minecraft:spectral_arrow":26,"minecraft:spruce_trapdoor":8,"minecraft:book":79,"minecraft:iron_chestplate":3,"minecraft:paper":3387,"minecraft:diamond_pickaxe":7,"minecraft:charcoal":51,"minecraft:emerald_block":174,"minecraft:shield":8,"minecraft:stick":2248,"minecraft:netherite_hoe":1,"minecraft:iron_ingot":262,"minecraft:andesite_stairs":20,"minecraft:stone_sword":1,"minecraft:redstone_torch":35,"minecraft:cherry_planks":268,"minecraft:redstone":57,"minecraft:raw_iron":144,"minecraft:tripwire_hook":4,"minecraft:netherite_sword":1,"minecraft:furnace":17,"minecraft:stone_button":5,"minecraft:blast_furnace":2,"minecraft:oak_trapdoor":20,"minecraft:netherite_chestplate":2,"minecraft:netherite_leggings":2,"minecraft:iron_axe":6,"minecraft:netherite_scrap":72,"minecraft:minecart":1,"minecraft:cooked_beef":274,"minecraft:sugar":34,"minecraft:red_dye":23,"minecraft:spruce_sign":42,"minecraft:powered_rail":18,"minecraft:iron_sword":11,"minecraft:bell":6,"minecraft:cooked_salmon":11,"minecraft:bucket":12,"minecraft:stone_axe":28,"minecraft:air":0,"minecraft:bread":26,"minecraft:oak_boat":2,"minecraft:white_wool":34264,"minecraft:white_dye":18,"minecraft:netherite_shovel":1,"minecraft:anvil":3,"minecraft:torch":1052,"minecraft:orange_bed":12,"minecraft:lapis_lazuli":24,"minecraft:lapis_block":6,"minecraft:diamond_chestplate":1,"minecraft:firework_rocket":69},"minecraft:killed":{"minecraft:shulker":71,"minecraft:skeleton":82,"minecraft:chicken":2,"minecraft:magma_cube":42,"minecraft:salmon":17,"minecraft:ender_dragon":1,"minecraft:pillager":17,"minecraft:goat":1,"minecraft:donkey":6,"minecraft:zombie":104,"minecraft:cow":139,"minecraft:evoker":5,"minecraft:endermite":1,"minecraft:vindicator":11,"minecraft:horse":6,"minecraft:wandering_trader":2,"minecraft:ravager":2,"minecraft:enderman":69,"minecraft:zombified_piglin":194,"minecraft:witch":6,"minecraft:spider":21,"minecraft:silverfish":4,"minecraft:piglin_brute":16,"minecraft:piglin":48,"minecraft:pig":10,"minecraft:zombie_villager":1,"minecraft:creeper":14,"minecraft:sheep":31,"minecraft:trader_llama":4,"minecraft:ghast":17,"minecraft:blaze":58,"minecraft:vex":3,"minecraft:slime":10,"minecraft:phantom":12,"minecraft:drowned":1,"minecraft:squid":15,"minecraft:wither_skeleton":17,"minecraft:villager":2},"minecraft:picked_up":{"minecraft:iron_chestplate":9,"minecraft:anvil":3,"minecraft:lead":9,"minecraft:smithing_table":1,"minecraft:stone_slab":9,"minecraft:diamond_sword":3,"minecraft:enchanted_book":5,"minecraft:brewing_stand":4,"minecraft:golden_sword":11,"minecraft:polished_blackstone_brick_stairs":4,"minecraft:string":81177,"minecraft:soul_soil":25,"minecraft:cooked_salmon":66,"minecraft:shroomlight":1,"minecraft:diamond_leggings":6,"minecraft:gold_nugget":711,"minecraft:cobbled_deepslate":115,"minecraft:spruce_planks":200,"minecraft:netherite_upgrade_smithing_template":1,"minecraft:golden_helmet":2,"minecraft:purpur_pillar":2,"minecraft:cherry_log":73,"minecraft:warped_planks":28,"minecraft:cauldron":4,"minecraft:stone_sword":1,"minecraft:netherite_chestplate":5,"minecraft:blaze_rod":23,"minecraft:birch_log":7,"minecraft:magma_block":24,"minecraft:feather":3,"minecraft:cooked_beef":68,"minecraft:iron_door":3,"minecraft:water_bucket":6,"minecraft:flint":72,"minecraft:netherite_leggings":1,"minecraft:lantern":2,"minecraft:twisting_vines":6,"minecraft:chipped_anvil":2,"minecraft:stonecutter":1,"minecraft:rabbit":1,"minecraft:diamond_helmet":3,"minecraft:glowstone_dust":344,"minecraft:warped_wart_block":9,"minecraft:stripped_spruce_log":3,"minecraft:ink_sac":23,"minecraft:loom":13,"minecraft:fermented_spider_eye":6,"minecraft:deepslate":21,"minecraft:lever":1,"minecraft:granite":25,"minecraft:spruce_button":1,"minecraft:cherry_slab":14,"minecraft:diamond_pickaxe":17,"minecraft:crafting_table":21,"minecraft:bee_nest":1,"minecraft:purple_wool":1,"minecraft:nether_wart":417,"minecraft:dragon_head":1,"minecraft:purpur_block":6,"minecraft:cornflower":1,"minecraft:elytra":11,"minecraft:flint_and_steel":3,"minecraft:iron_shovel":3,"minecraft:cracked_stone_bricks":1,"minecraft:netherite_sword":1,"minecraft:beef":352,"minecraft:poppy":24,"minecraft:spruce_slab":11,"minecraft:minecart":1,"minecraft:chest":23,"minecraft:birch_sapling":17,"minecraft:diamond_hoe":1,"minecraft:egg":14,"minecraft:sandstone":1,"minecraft:stone":422,"minecraft:redstone":256,"minecraft:netherite_pickaxe":3,"minecraft:stone_shovel":17,"minecraft:diamond_chestplate":3,"minecraft:shears":1,"minecraft:diamond_boots":3,"minecraft:purpur_slab":1,"minecraft:hay_block":55,"minecraft:gold_ingot":12,"minecraft:totem_of_undying":2,"minecraft:glow_berries":1,"minecraft:mutton":48,"minecraft:white_wool":408,"minecraft:rail":31,"minecraft:oxeye_daisy":1,"minecraft:birch_leaves":1,"minecraft:tripwire_hook":2,"minecraft:blackstone_slab":1,"minecraft:red_mushroom":12,"minecraft:oak_log":323,"minecraft:ancient_debris":78,"minecraft:golden_boots":2,"minecraft:paper":21,"minecraft:white_banner":5,"minecraft:apple":15,"minecraft:stone_bricks":14,"minecraft:kelp":188,"minecraft:warped_stem":7,"minecraft:stone_pickaxe":22,"minecraft:glass_bottle":9,"minecraft:iron_sword":18,"minecraft:gravel":112,"minecraft:spruce_sapling":42,"minecraft:spruce_log":696,"minecraft:dragon_egg":2,"minecraft:firework_rocket":61,"minecraft:diamond_shovel":1,"minecraft:coal_ore":28,"minecraft:slime_ball":8,"minecraft:stone_axe":7,"minecraft:diamond_axe":1,"minecraft:painting":1,"minecraft:warped_roots":9,"minecraft:oak_button":1,"minecraft:warped_nylium":9,"minecraft:hopper":1,"minecraft:ender_pearl":174,"minecraft:shulker_shell":46,"minecraft:ender_chest":59,"minecraft:potion":8,"minecraft:iron_leggings":10,"minecraft:bucket":3,"minecraft:rose_bush":31,"minecraft:redstone_torch":2,"minecraft:cobblestone_slab":26,"minecraft:ender_eye":8,"minecraft:iron_pickaxe":19,"minecraft:iron_boots":7,"minecraft:furnace":24,"minecraft:stick":175,"minecraft:oak_fence":7,"minecraft:torch":518,"minecraft:porkchop":62,"minecraft:dried_kelp":208,"minecraft:diorite":39,"minecraft:rotten_flesh":264,"minecraft:obsidian":36,"minecraft:blaze_powder":9,"minecraft:cobblestone":997,"minecraft:enchanting_table":2,"minecraft:pink_petals":1197,"minecraft:leather_chestplate":1,"minecraft:magma_cream":4,"minecraft:cherry_planks":4,"minecraft:andesite":69,"minecraft:potato":585,"minecraft:tuff":39,"minecraft:lapis_lazuli":266,"minecraft:dirt":669,"minecraft:name_tag":1,"minecraft:glass":370,"minecraft:bone":227,"minecraft:bow":9,"minecraft:wheat_seeds":38,"minecraft:raw_gold":137,"minecraft:bell":2,"minecraft:netherite_axe":1,"minecraft:mossy_stone_bricks":4,"minecraft:powered_rail":3,"minecraft:oak_planks":624,"minecraft:stone_hoe":9,"minecraft:ghast_tear":5,"minecraft:cooked_porkchop":3,"minecraft:poisonous_potato":3,"minecraft:grass_block":7,"minecraft:spectral_arrow":15,"minecraft:shulker_box":57,"minecraft:sugar":1,"minecraft:diamond":132,"minecraft:spruce_boat":7,"minecraft:netherite_helmet":1,"minecraft:cracked_polished_blackstone_bricks":59,"minecraft:crossbow":4,"minecraft:bone_meal":2,"minecraft:spruce_sign":5,"minecraft:emerald":312,"minecraft:oak_sapling":47,"minecraft:netherrack":6998,"minecraft:oak_leaves":1,"minecraft:end_stone_bricks":10,"minecraft:charcoal":2,"minecraft:azure_bluet":1,"minecraft:splash_potion":1,"minecraft:chicken":2,"minecraft:chest_minecart":1,"minecraft:packed_ice":2505,"minecraft:wooden_pickaxe":2,"minecraft:gold_block":14,"minecraft:shield":17,"minecraft:dragon_breath":1,"minecraft:oak_trapdoor":2,"minecraft:iron_axe":8,"minecraft:item_frame":1,"minecraft:blackstone":259,"minecraft:andesite_stairs":10,"minecraft:oak_boat":6,"minecraft:light_gray_wool":3,"minecraft:lectern":348,"minecraft:sugar_cane":3751,"minecraft:spruce_trapdoor":3,"minecraft:phantom_membrane":6,"minecraft:raw_iron":504,"minecraft:end_stone":117,"minecraft:polished_blackstone_bricks":99,"minecraft:arrow":132,"minecraft:nether_bricks":9,"minecraft:saddle":2,"minecraft:netherite_boots":1,"minecraft:basalt":281,"minecraft:glow_ink_sac":2,"minecraft:salmon":14,"minecraft:leather":292,"minecraft:birch_planks":29,"minecraft:ice":2,"minecraft:crimson_fungus":2,"minecraft:chainmail_chestplate":1,"minecraft:gunpowder":43,"minecraft:cobblestone_stairs":4,"minecraft:cooked_mutton":49,"minecraft:iron_ingot":63,"minecraft:cooked_chicken":11,"minecraft:soul_sand":48,"minecraft:book":97,"minecraft:oak_slab":2,"minecraft:warped_fungus":12,"minecraft:nether_quartz_ore":4,"minecraft:quartz":491,"minecraft:dandelion":6,"minecraft:raw_iron_block":3,"minecraft:lava_bucket":3,"minecraft:white_bed":11,"minecraft:spider_eye":12,"minecraft:dried_kelp_block":20,"minecraft:iron_helmet":7,"minecraft:cherry_sapling":3,"minecraft:black_wool":6,"minecraft:coal":818,"minecraft:sunflower":3},"minecraft:killed_by":{"minecraft:zombie":2,"minecraft:ghast":2,"minecraft:creeper":1,"minecraft:blaze":2,"minecraft:spider":1,"minecraft:skeleton":9}},"DataVersion":3700}