{"stats":{"minecraft:used":{"minecraft:iron_shovel":66,"minecraft:chest":15,"minecraft:shield":71,"minecraft:iron_sword":708,"minecraft:rotten_flesh":108,"minecraft:iron_chestplate":3,"minecraft:tuff":18,"minecraft:azure_bluet":1,"minecraft:glass":9,"minecraft:birch_sapling":7,"minecraft:iron_helmet":2,"minecraft:golden_sword":188,"minecraft:bow":34,"minecraft:furnace":18,"minecraft:oak_sapling":11,"minecraft:egg":3,"minecraft:golden_boots":1,"minecraft:diorite":6,"minecraft:oak_planks":6,"minecraft:stone_pickaxe":144,"minecraft:wooden_pickaxe":40,"minecraft:sugar_cane":11,"minecraft:glow_berries":11,"minecraft:crossbow":1,"minecraft:string":1,"minecraft:gravel":28,"minecraft:andesite":15,"minecraft:oak_boat":4,"minecraft:oak_trapdoor":20,"minecraft:stone_sword":92,"minecraft:dried_kelp":1,"minecraft:cooked_salmon":11,"minecraft:cooked_chicken":3,"minecraft:dried_kelp_block":1,"minecraft:netherrack":1766,"minecraft:torch":163,"minecraft:dirt":50,"minecraft:warped_wart_block":3,"minecraft:anvil":1,"minecraft:granite":2,"minecraft:shroomlight":1,"minecraft:iron_axe":166,"minecraft:iron_boots":1,"minecraft:cooked_beef":25,"minecraft:cobbled_deepslate":25,"minecraft:iron_leggings":2,"minecraft:cooked_mutton":12,"minecraft:water_bucket":29,"minecraft:cobblestone_stairs":92,"minecraft:cobblestone_slab":15,"minecraft:warped_roots":1,"minecraft:crafting_table":13,"minecraft:white_bed":6,"minecraft:campfire":1,"minecraft:diamond_pickaxe":137,"minecraft:apple":1,"minecraft:oxeye_daisy":1,"minecraft:sunflower":3,"minecraft:iron_pickaxe":3037,"minecraft:stone_axe":184,"minecraft:cobblestone":252,"minecraft:cooked_porkchop":25,"minecraft:andesite_stairs":21,"minecraft:bucket":32},"minecraft:crafted":{"minecraft:oak_planks":332,"minecraft:cobblestone_slab":18,"minecraft:cooked_chicken":1,"minecraft:diorite_stairs":4,"minecraft:cobblestone_stairs":88,"minecraft:cooked_mutton":30,"minecraft:warped_planks":28,"minecraft:quartz_block":36,"minecraft:iron_boots":2,"minecraft:chest":12,"minecraft:dried_kelp_block":21,"minecraft:golden_boots":1,"minecraft:raw_iron_block":14,"minecraft:cooked_porkchop":40,"minecraft:crafting_table":6,"minecraft:iron_helmet":2,"minecraft:wooden_pickaxe":2,"minecraft:gold_block":4,"minecraft:birch_planks":16,"minecraft:campfire":1,"minecraft:spectral_arrow":26,"minecraft:iron_chestplate":2,"minecraft:paper":21,"minecraft:charcoal":51,"minecraft:shield":3,"minecraft:stick":96,"minecraft:iron_pickaxe":13,"minecraft:iron_ingot":142,"minecraft:andesite_stairs":20,"minecraft:iron_block":3,"minecraft:stone_sword":1,"minecraft:gold_ingot":53,"minecraft:raw_iron":144,"minecraft:furnace":12,"minecraft:oak_trapdoor":18,"minecraft:iron_axe":3,"minecraft:stone_pickaxe":2,"minecraft:cooked_beef":18,"minecraft:dried_kelp":133,"minecraft:iron_sword":11,"minecraft:cooked_salmon":11,"minecraft:bucket":2,"minecraft:stone_axe":3,"minecraft:air":0,"minecraft:oak_boat":2,"minecraft:white_wool":1,"minecraft:iron_shovel":2,"minecraft:iron_leggings":2,"minecraft:anvil":1,"minecraft:white_bed":3,"minecraft:torch":104},"minecraft:custom":{"minecraft:interact_with_crafting_table":92,"minecraft:leave_game":22,"minecraft:time_since_death":88997,"minecraft:sprint_one_cm":1258836,"minecraft:damage_blocked_by_shield":2625,"minecraft:drop":85,"minecraft:play_time":455143,"minecraft:deaths":19,"minecraft:jump":10612,"minecraft:walk_on_water_one_cm":58411,"minecraft:enchant_item":20,"minecraft:interact_with_furnace":352,"minecraft:sleep_in_bed":17,"minecraft:damage_dealt":62657,"minecraft:player_kills":3,"minecraft:crouch_one_cm":155630,"minecraft:mob_kills":436,"minecraft:interact_with_anvil":10,"minecraft:climb_one_cm":4039,"minecraft:walk_one_cm":1045254,"minecraft:sneak_time":51173,"minecraft:walk_under_water_one_cm":65357,"minecraft:boat_one_cm":39738,"minecraft:total_world_time":455143,"minecraft:time_since_rest":603,"minecraft:damage_taken":10895,"minecraft:swim_one_cm":190765,"minecraft:fly_one_cm":2216136,"minecraft:open_chest":186,"minecraft:fall_one_cm":286430},"minecraft:mined":{"minecraft:white_bed":5,"minecraft:oak_sapling":1,"minecraft:andesite_stairs":1,"minecraft:cobblestone_stairs":5,"minecraft:granite":2,"minecraft:grass_block":20,"minecraft:crimson_fungus":1,"minecraft:oxeye_daisy":1,"minecraft:spawner":1,"minecraft:magma_block":20,"minecraft:raw_iron_block":2,"minecraft:glowstone":80,"minecraft:iron_ore":85,"minecraft:fire":230,"minecraft:anvil":1,"minecraft:deepslate_lapis_ore":3,"minecraft:enchanting_table":1,"minecraft:deepslate_redstone_ore":9,"minecraft:twisting_vines_plant":2,"minecraft:torch":7,"minecraft:chest":12,"minecraft:glass":1,"minecraft:nether_quartz_ore":107,"minecraft:cobblestone":11,"minecraft:sugar_cane":59,"minecraft:oak_planks":19,"minecraft:wall_torch":4,"minecraft:warped_nylium":6,"minecraft:birch_log":4,"minecraft:warped_fungus":3,"minecraft:grass":23,"minecraft:oak_log":61,"minecraft:dirt":29,"minecraft:netherrack":1768,"minecraft:oak_leaves":16,"minecraft:deepslate":25,"minecraft:nether_gold_ore":15,"minecraft:tuff":15,"minecraft:deepslate_diamond_ore":2,"minecraft:spruce_leaves":3,"minecraft:red_mushroom":8,"minecraft:redstone_ore":2,"minecraft:oak_trapdoor":2,"minecraft:furnace":18,"minecraft:nether_sprouts":1,"minecraft:andesite":58,"minecraft:deepslate_iron_ore":138,"minecraft:shroomlight":1,"minecraft:cobblestone_slab":2,"minecraft:warped_stem":7,"minecraft:stone":548,"minecraft:soul_sand":26,"minecraft:crafting_table":12,"minecraft:warped_roots":3,"minecraft:rose_bush":1,"minecraft:tall_grass":3,"minecraft:dried_kelp_block":1,"minecraft:deepslate_gold_ore":26,"minecraft:diorite":16,"minecraft:warped_wart_block":5,"minecraft:coal_ore":330,"minecraft:sunflower":3,"minecraft:gravel":39,"minecraft:fern":1},"minecraft:dropped":{"minecraft:iron_sword":3,"minecraft:diamond":2,"minecraft:crossbow":1,"minecraft:warped_roots":4,"minecraft:rail":7,"minecraft:flint":7,"minecraft:dirt":26,"minecraft:mutton":1,"minecraft:gold_nugget":4,"minecraft:iron_pickaxe":2,"minecraft:white_wool":1,"minecraft:bone":2,"minecraft:gravel":22,"minecraft:crimson_fungus":1,"minecraft:cobbled_deepslate":10,"minecraft:birch_sapling":6,"minecraft:diorite_stairs":4,"minecraft:rotten_flesh":28,"minecraft:oak_planks":14,"minecraft:gunpowder":10,"minecraft:charcoal":1,"minecraft:chest":1,"minecraft:arrow":13,"minecraft:powered_rail":1,"minecraft:netherrack":1,"minecraft:wheat_seeds":3,"minecraft:cobblestone":3,"minecraft:feather":3,"minecraft:apple":1,"minecraft:stick":1,"minecraft:dried_kelp_block":1,"minecraft:diorite":3,"minecraft:torch":32,"minecraft:cooked_salmon":2,"minecraft:dried_kelp":8,"minecraft:raw_iron_block":1,"minecraft:string":48,"minecraft:kelp":8,"minecraft:warped_nylium":1,"minecraft:light_gray_wool":1,"minecraft:potato":2,"minecraft:cobblestone_slab":6,"minecraft:andesite":13,"minecraft:andesite_stairs":9,"minecraft:oak_sapling":28,"minecraft:spider_eye":1,"minecraft:sandstone":1,"minecraft:bow":1,"minecraft:stone_pickaxe":3,"minecraft:wooden_pickaxe":4},"minecraft:killed_by":{"minecraft:ghast":2,"minecraft:creeper":1,"minecraft:blaze":2,"minecraft:zombie":2,"minecraft:spider":1,"minecraft:skeleton":9},"minecraft:killed":{"minecraft:zombified_piglin":191,"minecraft:witch":1,"minecraft:spider":6,"minecraft:skeleton":38,"minecraft:chicken":2,"minecraft:magma_cube":22,"minecraft:piglin":25,"minecraft:pig":10,"minecraft:salmon":17,"minecraft:creeper":2,"minecraft:sheep":10,"minecraft:zombie":48,"minecraft:donkey":6,"minecraft:ghast":12,"minecraft:cow":12,"minecraft:blaze":8,"minecraft:horse":6,"minecraft:drowned":1,"minecraft:squid":3,"minecraft:wither_skeleton":4,"minecraft:enderman":4},"minecraft:broken":{"minecraft:golden_sword":26,"minecraft:stone_axe":1,"minecraft:iron_sword":1,"minecraft:iron_axe":1,"minecraft:iron_pickaxe":10},"minecraft:picked_up":{"minecraft:iron_chestplate":9,"minecraft:anvil":1,"minecraft:golden_sword":11,"minecraft:string":151,"minecraft:soul_soil":25,"minecraft:cooked_salmon":66,"minecraft:iron_leggings":10,"minecraft:shroomlight":1,"minecraft:gold_nugget":217,"minecraft:cobbled_deepslate":35,"minecraft:bucket":2,"minecraft:cobblestone_slab":3,"minecraft:iron_pickaxe":15,"minecraft:furnace":20,"minecraft:iron_boots":7,"minecraft:golden_helmet":2,"minecraft:stick":144,"minecraft:torch":429,"minecraft:porkchop":45,"minecraft:dried_kelp":200,"minecraft:diorite":19,"minecraft:warped_planks":28,"minecraft:stone_sword":1,"minecraft:rotten_flesh":221,"minecraft:blaze_rod":3,"minecraft:cobblestone":616,"minecraft:enchanting_table":1,"minecraft:birch_log":7,"minecraft:magma_block":20,"minecraft:cooked_beef":45,"minecraft:feather":3,"minecraft:magma_cream":4,"minecraft:water_bucket":2,"minecraft:andesite":58,"minecraft:potato":4,"minecraft:flint":7,"minecraft:tuff":18,"minecraft:lapis_lazuli":201,"minecraft:dirt":76,"minecraft:name_tag":1,"minecraft:twisting_vines":5,"minecraft:bone":123,"minecraft:glass":88,"minecraft:bow":5,"minecraft:wheat_seeds":6,"minecraft:raw_gold":113,"minecraft:glowstone_dust":338,"minecraft:powered_rail":2,"minecraft:oak_planks":624,"minecraft:ghast_tear":5,"minecraft:cooked_porkchop":3,"minecraft:warped_wart_block":9,"minecraft:ink_sac":4,"minecraft:spectral_arrow":15,"minecraft:diamond":2,"minecraft:crossbow":2,"minecraft:granite":2,"minecraft:oak_sapling":41,"minecraft:netherrack":2483,"minecraft:diamond_pickaxe":3,"minecraft:charcoal":2,"minecraft:crafting_table":12,"minecraft:azure_bluet":1,"minecraft:chicken":2,"minecraft:chest_minecart":1,"minecraft:wooden_pickaxe":2,"minecraft:shield":12,"minecraft:oak_trapdoor":2,"minecraft:iron_axe":6,"minecraft:flint_and_steel":2,"minecraft:iron_shovel":2,"minecraft:beef":20,"minecraft:andesite_stairs":10,"minecraft:oak_boat":3,"minecraft:light_gray_wool":3,"minecraft:sugar_cane":109,"minecraft:chest":12,"minecraft:birch_sapling":17,"minecraft:egg":3,"minecraft:raw_iron":414,"minecraft:sandstone":1,"minecraft:redstone":187,"minecraft:arrow":76,"minecraft:gold_ingot":12,"minecraft:glow_berries":1,"minecraft:mutton":17,"minecraft:rail":7,"minecraft:white_wool":45,"minecraft:oxeye_daisy":1,"minecraft:salmon":12,"minecraft:leather":75,"minecraft:red_mushroom":12,"minecraft:birch_planks":29,"minecraft:crimson_fungus":2,"minecraft:oak_log":282,"minecraft:golden_boots":2,"minecraft:gunpowder":16,"minecraft:cobblestone_stairs":4,"minecraft:paper":21,"minecraft:cooked_mutton":49,"minecraft:apple":5,"minecraft:kelp":177,"minecraft:warped_stem":7,"minecraft:iron_ingot":44,"minecraft:stone_pickaxe":8,"minecraft:cooked_chicken":10,"minecraft:glass_bottle":6,"minecraft:iron_sword":18,"minecraft:soul_sand":44,"minecraft:warped_fungus":12,"minecraft:quartz":290,"minecraft:raw_iron_block":3,"minecraft:gravel":74,"minecraft:white_bed":7,"minecraft:spider_eye":5,"minecraft:dried_kelp_block":20,"minecraft:stone_axe":7,"minecraft:iron_helmet":7,"minecraft:warped_roots":9,"minecraft:oak_button":1,"minecraft:black_wool":6,"minecraft:warped_nylium":5,"minecraft:coal":614,"minecraft:ender_pearl":3,"minecraft:sunflower":3}},"DataVersion":3465}