{"stats":{"minecraft:used":{"minecraft:stone_sword":92,"minecraft:dried_kelp":1,"minecraft:chest":1,"minecraft:shield":38,"minecraft:iron_sword":63,"minecraft:cooked_salmon":3,"minecraft:cooked_chicken":2,"minecraft:rotten_flesh":6,"minecraft:dried_kelp_block":1,"minecraft:iron_chestplate":2,"minecraft:torch":51,"minecraft:dirt":19,"minecraft:azure_bluet":1,"minecraft:iron_axe":2,"minecraft:birch_sapling":7,"minecraft:iron_helmet":1,"minecraft:iron_boots":1,"minecraft:oak_sapling":10,"minecraft:furnace":7,"minecraft:egg":3,"minecraft:cooked_beef":4,"minecraft:cobbled_deepslate":6,"minecraft:iron_leggings":1,"minecraft:cooked_mutton":9,"minecraft:diorite":2,"minecraft:stone_pickaxe":144,"minecraft:wooden_pickaxe":40,"minecraft:sugar_cane":9,"minecraft:crafting_table":5,"minecraft:white_bed":3,"minecraft:apple":1,"minecraft:oxeye_daisy":1,"minecraft:sunflower":1,"minecraft:iron_pickaxe":128,"minecraft:stone_axe":180,"minecraft:cobblestone":36,"minecraft:cooked_porkchop":5,"minecraft:andesite":4,"minecraft:bucket":1},"minecraft:crafted":{"minecraft:oak_planks":60,"minecraft:cobblestone_slab":6,"minecraft:furnace":7,"minecraft:cooked_mutton":27,"minecraft:iron_boots":1,"minecraft:iron_axe":1,"minecraft:stone_pickaxe":2,"minecraft:chest":1,"minecraft:dried_kelp_block":13,"minecraft:cooked_beef":8,"minecraft:cooked_porkchop":20,"minecraft:crafting_table":3,"minecraft:dried_kelp":133,"minecraft:wooden_pickaxe":2,"minecraft:iron_helmet":1,"minecraft:iron_sword":1,"minecraft:cooked_salmon":11,"minecraft:bucket":1,"minecraft:birch_planks":16,"minecraft:stone_axe":3,"minecraft:air":0,"minecraft:white_wool":1,"minecraft:iron_chestplate":1,"minecraft:charcoal":51,"minecraft:shield":1,"minecraft:stick":32,"minecraft:iron_pickaxe":2,"minecraft:iron_ingot":48,"minecraft:stone_sword":1,"minecraft:iron_leggings":1,"minecraft:white_bed":2,"minecraft:torch":52},"minecraft:custom":{"minecraft:mob_kills":100,"minecraft:interact_with_crafting_table":43,"minecraft:leave_game":18,"minecraft:time_since_death":2892,"minecraft:sprint_one_cm":400283,"minecraft:walk_one_cm":176163,"minecraft:damage_blocked_by_shield":1635,"minecraft:drop":32,"minecraft:play_time":133454,"minecraft:deaths":14,"minecraft:sneak_time":5498,"minecraft:walk_under_water_one_cm":33348,"minecraft:jump":3518,"minecraft:walk_on_water_one_cm":33610,"minecraft:total_world_time":133454,"minecraft:interact_with_furnace":196,"minecraft:sleep_in_bed":7,"minecraft:time_since_rest":2918,"minecraft:damage_taken":4787,"minecraft:damage_dealt":14175,"minecraft:swim_one_cm":154175,"minecraft:fly_one_cm":758313,"minecraft:player_kills":1,"minecraft:open_chest":9,"minecraft:crouch_one_cm":13339,"minecraft:fall_one_cm":103353},"minecraft:mined":{"minecraft:white_bed":1,"minecraft:oak_sapling":1,"minecraft:grass_block":4,"minecraft:oxeye_daisy":1,"minecraft:redstone_ore":2,"minecraft:furnace":2,"minecraft:iron_ore":60,"minecraft:andesite":4,"minecraft:deepslate_iron_ore":16,"minecraft:stone":139,"minecraft:crafting_table":4,"minecraft:torch":6,"minecraft:rose_bush":1,"minecraft:tall_grass":3,"minecraft:dried_kelp_block":1,"minecraft:deepslate_gold_ore":7,"minecraft:sugar_cane":14,"minecraft:oak_planks":15,"minecraft:diorite":5,"minecraft:wall_torch":1,"minecraft:birch_log":4,"minecraft:grass":19,"minecraft:oak_log":55,"minecraft:coal_ore":67,"minecraft:sunflower":1,"minecraft:dirt":13,"minecraft:oak_leaves":16,"minecraft:deepslate":6},"minecraft:dropped":{"minecraft:feather":2,"minecraft:apple":1,"minecraft:stick":1,"minecraft:dirt":26,"minecraft:diorite":3,"minecraft:gravel":12,"minecraft:kelp":2,"minecraft:cobbled_deepslate":10,"minecraft:birch_sapling":4,"minecraft:rotten_flesh":5,"minecraft:potato":2,"minecraft:cobblestone_slab":6,"minecraft:gunpowder":2,"minecraft:oak_sapling":26,"minecraft:spider_eye":1,"minecraft:sandstone":1,"minecraft:arrow":13,"minecraft:wooden_pickaxe":4,"minecraft:stone_pickaxe":3},"minecraft:killed_by":{"minecraft:creeper":1,"minecraft:spider":1,"minecraft:skeleton":9,"minecraft:zombie":2},"minecraft:killed":{"minecraft:witch":1,"minecraft:spider":3,"minecraft:skeleton":18,"minecraft:drowned":1,"minecraft:pig":4,"minecraft:salmon":17,"minecraft:creeper":2,"minecraft:squid":3,"minecraft:sheep":7,"minecraft:zombie":32,"minecraft:donkey":2,"minecraft:cow":4},"minecraft:broken":{"minecraft:stone_axe":1},"minecraft:picked_up":{"minecraft:crafting_table":4,"minecraft:iron_chestplate":5,"minecraft:azure_bluet":1,"minecraft:chicken":1,"minecraft:wooden_pickaxe":2,"minecraft:shield":9,"minecraft:string":4,"minecraft:iron_axe":4,"minecraft:cooked_salmon":64,"minecraft:iron_leggings":6,"minecraft:cobbled_deepslate":16,"minecraft:beef":5,"minecraft:iron_pickaxe":8,"minecraft:sugar_cane":34,"minecraft:birch_sapling":17,"minecraft:furnace":2,"minecraft:iron_boots":3,"minecraft:egg":3,"minecraft:stick":102,"minecraft:raw_iron":267,"minecraft:sandstone":1,"minecraft:torch":394,"minecraft:porkchop":33,"minecraft:dried_kelp":192,"minecraft:diorite":9,"minecraft:redstone":144,"minecraft:stone_sword":1,"minecraft:arrow":62,"minecraft:rotten_flesh":71,"minecraft:mutton":13,"minecraft:white_wool":43,"minecraft:cobblestone":206,"minecraft:oxeye_daisy":1,"minecraft:birch_log":4,"minecraft:feather":2,"minecraft:cooked_beef":38,"minecraft:andesite":4,"minecraft:salmon":12,"minecraft:leather":4,"minecraft:potato":4,"minecraft:birch_planks":17,"minecraft:oak_log":276,"minecraft:gunpowder":4,"minecraft:lapis_lazuli":186,"minecraft:dirt":45,"minecraft:cooked_mutton":44,"minecraft:bone":102,"minecraft:apple":5,"minecraft:kelp":165,"minecraft:bow":2,"minecraft:wheat_seeds":2,"minecraft:raw_gold":88,"minecraft:iron_ingot":36,"minecraft:stone_pickaxe":8,"minecraft:cooked_chicken":10,"minecraft:iron_sword":9,"minecraft:oak_planks":375,"minecraft:gravel":36,"minecraft:ink_sac":4,"minecraft:white_bed":1,"minecraft:spider_eye":5,"minecraft:dried_kelp_block":19,"minecraft:stone_axe":7,"minecraft:iron_helmet":3,"minecraft:oak_button":1,"minecraft:oak_sapling":39,"minecraft:black_wool":6,"minecraft:coal":99,"minecraft:ender_pearl":1,"minecraft:sunflower":1}},"DataVersion":3465}