{"stats":{"minecraft:picked_up":{"minecraft:iron_chestplate":9,"minecraft:ender_chest":12,"minecraft:anvil":1,"minecraft:stone_slab":9,"minecraft:smithing_table":1,"minecraft:lead":7,"minecraft:diamond_sword":3,"minecraft:enchanted_book":2,"minecraft:brewing_stand":2,"minecraft:golden_sword":11,"minecraft:polished_blackstone_brick_stairs":4,"minecraft:string":78297,"minecraft:soul_soil":25,"minecraft:cooked_salmon":66,"minecraft:iron_leggings":10,"minecraft:shroomlight":1,"minecraft:diamond_leggings":4,"minecraft:gold_nugget":705,"minecraft:cobbled_deepslate":48,"minecraft:bucket":3,"minecraft:spruce_planks":54,"minecraft:rose_bush":31,"minecraft:redstone_torch":2,"minecraft:cobblestone_slab":21,"minecraft:netherite_upgrade_smithing_template":1,"minecraft:iron_pickaxe":18,"minecraft:iron_boots":7,"minecraft:furnace":24,"minecraft:golden_helmet":2,"minecraft:stick":161,"minecraft:oak_fence":7,"minecraft:torch":489,"minecraft:porkchop":45,"minecraft:dried_kelp":208,"minecraft:cherry_log":73,"minecraft:diorite":24,"minecraft:warped_planks":28,"minecraft:cauldron":4,"minecraft:stone_sword":1,"minecraft:rotten_flesh":247,"minecraft:blaze_rod":23,"minecraft:obsidian":8,"minecraft:cobblestone":876,"minecraft:birch_log":7,"minecraft:enchanting_table":2,"minecraft:pink_petals":1145,"minecraft:magma_block":24,"minecraft:water_bucket":4,"minecraft:feather":3,"minecraft:cooked_beef":45,"minecraft:magma_cream":4,"minecraft:cherry_planks":4,"minecraft:andesite":58,"minecraft:potato":584,"minecraft:flint":60,"minecraft:tuff":20,"minecraft:lapis_lazuli":266,"minecraft:dirt":436,"minecraft:name_tag":1,"minecraft:twisting_vines":6,"minecraft:glass":319,"minecraft:bone":211,"minecraft:stonecutter":1,"minecraft:bow":7,"minecraft:wheat_seeds":32,"minecraft:raw_gold":137,"minecraft:bell":2,"minecraft:diamond_helmet":3,"minecraft:rabbit":1,"minecraft:glowstone_dust":338,"minecraft:powered_rail":3,"minecraft:stone_hoe":9,"minecraft:oak_planks":624,"minecraft:ghast_tear":5,"minecraft:cooked_porkchop":3,"minecraft:warped_wart_block":9,"minecraft:poisonous_potato":3,"minecraft:stripped_spruce_log":3,"minecraft:ink_sac":23,"minecraft:grass_block":5,"minecraft:loom":13,"minecraft:spectral_arrow":15,"minecraft:spruce_boat":2,"minecraft:diamond":97,"minecraft:lever":1,"minecraft:cracked_polished_blackstone_bricks":59,"minecraft:crossbow":2,"minecraft:granite":3,"minecraft:spruce_sign":5,"minecraft:emerald":264,"minecraft:oak_sapling":45,"minecraft:cherry_slab":12,"minecraft:netherrack":6764,"minecraft:oak_leaves":1,"minecraft:diamond_pickaxe":13,"minecraft:charcoal":2,"minecraft:crafting_table":14,"minecraft:bee_nest":1,"minecraft:azure_bluet":1,"minecraft:chicken":2,"minecraft:nether_wart":41,"minecraft:chest_minecart":1,"minecraft:wooden_pickaxe":2,"minecraft:gold_block":14,"minecraft:shield":16,"minecraft:oak_trapdoor":2,"minecraft:iron_axe":8,"minecraft:flint_and_steel":3,"minecraft:item_frame":1,"minecraft:iron_shovel":2,"minecraft:blackstone":259,"minecraft:beef":352,"minecraft:andesite_stairs":10,"minecraft:oak_boat":6,"minecraft:light_gray_wool":3,"minecraft:poppy":24,"minecraft:spruce_slab":7,"minecraft:minecart":1,"minecraft:lectern":191,"minecraft:sugar_cane":2655,"minecraft:chest":17,"minecraft:birch_sapling":17,"minecraft:phantom_membrane":2,"minecraft:diamond_hoe":1,"minecraft:egg":10,"minecraft:raw_iron":500,"minecraft:sandstone":1,"minecraft:polished_blackstone_bricks":99,"minecraft:redstone":253,"minecraft:arrow":124,"minecraft:diamond_chestplate":3,"minecraft:stone_shovel":17,"minecraft:nether_bricks":9,"minecraft:shears":1,"minecraft:diamond_boots":3,"minecraft:hay_block":38,"minecraft:gold_ingot":12,"minecraft:glow_berries":1,"minecraft:mutton":48,"minecraft:rail":31,"minecraft:white_wool":250,"minecraft:oxeye_daisy":1,"minecraft:birch_leaves":1,"minecraft:basalt":281,"minecraft:tripwire_hook":2,"minecraft:glow_ink_sac":2,"minecraft:salmon":12,"minecraft:leather":286,"minecraft:blackstone_slab":1,"minecraft:red_mushroom":12,"minecraft:birch_planks":29,"minecraft:crimson_fungus":2,"minecraft:oak_log":322,"minecraft:ancient_debris":59,"minecraft:golden_boots":2,"minecraft:gunpowder":20,"minecraft:cobblestone_stairs":4,"minecraft:paper":21,"minecraft:white_banner":1,"minecraft:cooked_mutton":49,"minecraft:apple":14,"minecraft:kelp":188,"minecraft:warped_stem":7,"minecraft:iron_ingot":63,"minecraft:stone_pickaxe":22,"minecraft:cooked_chicken":11,"minecraft:glass_bottle":6,"minecraft:soul_sand":48,"minecraft:iron_sword":18,"minecraft:book":90,"minecraft:oak_slab":2,"minecraft:nether_quartz_ore":4,"minecraft:warped_fungus":12,"minecraft:quartz":427,"minecraft:dandelion":6,"minecraft:raw_iron_block":3,"minecraft:gravel":102,"minecraft:spruce_sapling":22,"minecraft:white_bed":9,"minecraft:spruce_log":285,"minecraft:spider_eye":8,"minecraft:dried_kelp_block":20,"minecraft:slime_ball":8,"minecraft:stone_axe":7,"minecraft:iron_helmet":7,"minecraft:diamond_axe":1,"minecraft:painting":1,"minecraft:cherry_sapling":3,"minecraft:warped_roots":9,"minecraft:oak_button":1,"minecraft:black_wool":6,"minecraft:warped_nylium":9,"minecraft:coal":818,"minecraft:sunflower":3,"minecraft:ender_pearl":7},"minecraft:killed_by":{"minecraft:ghast":2,"minecraft:creeper":1,"minecraft:blaze":2,"minecraft:zombie":2,"minecraft:spider":1,"minecraft:skeleton":9},"minecraft:custom":{"minecraft:animals_bred":102,"minecraft:interact_with_crafting_table":242,"minecraft:open_barrel":2,"minecraft:bell_ring":48,"minecraft:leave_game":43,"minecraft:time_since_death":1171947,"minecraft:sprint_one_cm":4120533,"minecraft:damage_blocked_by_shield":4512,"minecraft:drop":589,"minecraft:talked_to_villager":1552,"minecraft:play_time":1538093,"minecraft:deaths":19,"minecraft:jump":31565,"minecraft:interact_with_brewingstand":1,"minecraft:walk_on_water_one_cm":358806,"minecraft:enchant_item":20,"minecraft:interact_with_furnace":611,"minecraft:traded_with_villager":3805,"minecraft:interact_with_loom":10,"minecraft:sleep_in_bed":55,"minecraft:open_enderchest":26,"minecraft:damage_dealt":104532,"minecraft:player_kills":3,"minecraft:crouch_one_cm":384964,"minecraft:use_cauldron":2,"minecraft:interact_with_smithing_table":4,"minecraft:interact_with_anvil":76,"minecraft:mob_kills":834,"minecraft:inspect_hopper":7,"minecraft:fill_cauldron":4,"minecraft:climb_one_cm":5562,"minecraft:walk_one_cm":3126446,"minecraft:sneak_time":116612,"minecraft:walk_under_water_one_cm":143179,"minecraft:boat_one_cm":45626,"minecraft:total_world_time":1538093,"minecraft:interact_with_stonecutter":1,"minecraft:time_since_rest":138188,"minecraft:damage_taken":16275,"minecraft:swim_one_cm":397250,"minecraft:fly_one_cm":6996833,"minecraft:open_chest":1450,"minecraft:fall_one_cm":847153},"minecraft:used":{"minecraft:cherry_sapling":3,"minecraft:iron_shovel":355,"minecraft:spruce_slab":5,"minecraft:poppy":1,"minecraft:shield":132,"minecraft:chest":29,"minecraft:iron_sword":1029,"minecraft:nether_wart":44,"minecraft:bell":1,"minecraft:rotten_flesh":142,"minecraft:iron_chestplate":3,"minecraft:soul_sand":43,"minecraft:nether_bricks":9,"minecraft:tuff":18,"minecraft:stripped_spruce_log":2,"minecraft:azure_bluet":1,"minecraft:honey_bottle":2,"minecraft:glass":175,"minecraft:lantern":1,"minecraft:birch_sapling":7,"minecraft:warped_nylium":4,"minecraft:iron_helmet":2,"minecraft:item_frame":1,"minecraft:golden_sword":188,"minecraft:bow":290,"minecraft:oak_sapling":11,"minecraft:furnace":34,"minecraft:gray_bed":12,"minecraft:egg":8,"minecraft:potato":203,"minecraft:diorite":11,"minecraft:golden_boots":1,"minecraft:oak_planks":6,"minecraft:stone_pickaxe":275,"minecraft:ender_pearl":3,"minecraft:blackstone":20,"minecraft:wooden_pickaxe":40,"minecraft:composter":2,"minecraft:sugar_cane":273,"minecraft:diamond_axe":178,"minecraft:glow_berries":11,"minecraft:white_wool":12,"minecraft:golden_hoe":1,"minecraft:loom":15,"minecraft:crossbow":1,"minecraft:shears":8,"minecraft:redstone_torch":1,"minecraft:lever":3,"minecraft:string":13,"minecraft:bread":26,"minecraft:lectern":190,"minecraft:cherry_sign":9,"minecraft:gravel":28,"minecraft:blackstone_slab":1,"minecraft:diamond_sword":203,"minecraft:andesite":15,"minecraft:oak_fence":97,"minecraft:oak_trapdoor":22,"minecraft:oak_boat":4,"minecraft:bone_meal":175,"minecraft:stone_sword":92,"minecraft:enchanting_table":2,"minecraft:dried_kelp":5,"minecraft:spruce_planks":83,"minecraft:ender_chest":12,"minecraft:cooked_salmon":11,"minecraft:dried_kelp_block":1,"minecraft:cooked_chicken":4,"minecraft:netherrack":2160,"minecraft:orange_bed":12,"minecraft:anvil":4,"minecraft:torch":741,"minecraft:brewing_stand":2,"minecraft:dirt":305,"minecraft:warped_wart_block":3,"minecraft:ancient_debris":1,"minecraft:bee_nest":1,"minecraft:granite":2,"minecraft:oak_fence_gate":2,"minecraft:shroomlight":1,"minecraft:bookshelf":46,"minecraft:iron_axe":904,"minecraft:cherry_slab":125,"minecraft:cherry_trapdoor":2,"minecraft:iron_boots":1,"minecraft:barrel":2,"minecraft:tripwire_hook":6,"minecraft:basalt":18,"minecraft:minecart":1,"minecraft:cherry_log":5,"minecraft:cooked_beef":142,"minecraft:cobbled_deepslate":34,"minecraft:iron_leggings":2,"minecraft:cooked_mutton":12,"minecraft:water_bucket":214,"minecraft:cobblestone_stairs":92,"minecraft:glass_bottle":1,"minecraft:spruce_sign":6,"minecraft:cauldron":5,"minecraft:stonecutter":1,"minecraft:cobblestone_slab":15,"minecraft:warped_roots":1,"minecraft:polished_blackstone_bricks":43,"minecraft:crafting_table":18,"minecraft:oak_slab":2,"minecraft:white_bed":14,"minecraft:campfire":1,"minecraft:painting":1,"minecraft:spruce_log":15,"minecraft:oxeye_daisy":1,"minecraft:diamond_pickaxe":12379,"minecraft:apple":1,"minecraft:diamond_shovel":53,"minecraft:cracked_polished_blackstone_bricks":25,"minecraft:sunflower":3,"minecraft:iron_pickaxe":3589,"minecraft:stone_slab":10,"minecraft:spruce_trapdoor":4,"minecraft:spruce_sapling":21,"minecraft:stone_axe":184,"minecraft:pink_petals":1094,"minecraft:cobblestone":382,"minecraft:andesite_stairs":21,"minecraft:cooked_porkchop":26,"minecraft:bucket":217,"minecraft:kelp":11,"minecraft:dandelion":2},"minecraft:crafted":{"minecraft:ender_chest":1,"minecraft:black_dye":19,"minecraft:smooth_stone":16,"minecraft:oak_planks":492,"minecraft:cobblestone_slab":36,"minecraft:barrel":2,"minecraft:cherry_slab":174,"minecraft:blaze_powder":2,"minecraft:cooked_chicken":1,"minecraft:stone":47,"minecraft:loom":2,"minecraft:diorite_stairs":4,"minecraft:cobblestone_stairs":88,"minecraft:lever":3,"minecraft:diamond_shovel":3,"minecraft:bookshelf":59,"minecraft:cooked_mutton":57,"minecraft:warped_planks":28,"minecraft:quartz_block":36,"minecraft:glass":256,"minecraft:bow":1,"minecraft:diamond_helmet":1,"minecraft:diamond_leggings":1,"minecraft:iron_boots":4,"minecraft:chest":12,"minecraft:netherite_upgrade_smithing_template":56,"minecraft:dried_kelp_block":21,"minecraft:stone_hoe":36,"minecraft:ender_eye":1,"minecraft:oak_fence":90,"minecraft:name_tag":2,"minecraft:gray_bed":12,"minecraft:golden_boots":1,"minecraft:raw_iron_block":14,"minecraft:white_banner":1,"minecraft:glass_bottle":6,"minecraft:oak_slab":12,"minecraft:arrow":112,"minecraft:emerald":4683,"minecraft:cauldron":3,"minecraft:cooked_porkchop":40,"minecraft:diamond_axe":6,"minecraft:crafting_table":7,"minecraft:spruce_planks":1052,"minecraft:wooden_pickaxe":2,"minecraft:iron_helmet":3,"minecraft:smithing_table":1,"minecraft:red_wool":18,"minecraft:clock":1,"minecraft:gold_block":4,"minecraft:hay_block":27,"minecraft:birch_planks":16,"minecraft:campfire":1,"minecraft:spectral_arrow":26,"minecraft:spruce_trapdoor":4,"minecraft:lectern":13,"minecraft:iron_chestplate":3,"minecraft:book":79,"minecraft:charcoal":51,"minecraft:paper":2328,"minecraft:diamond_pickaxe":7,"minecraft:cherry_sign":9,"minecraft:emerald_block":174,"minecraft:shield":8,"minecraft:stick":1916,"minecraft:stone_slab":60,"minecraft:iron_ingot":224,"minecraft:iron_pickaxe":15,"minecraft:andesite_stairs":20,"minecraft:iron_block":9,"minecraft:stone_sword":1,"minecraft:gold_ingot":267,"minecraft:netherite_ingot":1,"minecraft:composter":2,"minecraft:cherry_planks":268,"minecraft:raw_iron":144,"minecraft:stone_shovel":68,"minecraft:tripwire_hook":4,"minecraft:diamond_hoe":9,"minecraft:furnace":17,"minecraft:red_banner":3,"minecraft:blast_furnace":2,"minecraft:bone_meal":201,"minecraft:oak_trapdoor":20,"minecraft:netherite_chestplate":1,"minecraft:cherry_trapdoor":2,"minecraft:lantern":37,"minecraft:iron_axe":6,"minecraft:spruce_slab":24,"minecraft:stone_pickaxe":56,"minecraft:diamond_boots":1,"minecraft:redstone_block":1,"minecraft:netherite_scrap":4,"minecraft:wheat":585,"minecraft:cooked_beef":214,"minecraft:red_dye":23,"minecraft:spruce_sign":6,"minecraft:dried_kelp":133,"minecraft:iron_sword":11,"minecraft:bell":5,"minecraft:cooked_salmon":11,"minecraft:bucket":5,"minecraft:stone_axe":28,"minecraft:enchanted_book":78,"minecraft:bread":26,"minecraft:air":0,"minecraft:oak_fence_gate":2,"minecraft:oak_boat":2,"minecraft:white_wool":30003,"minecraft:golden_apple":5,"minecraft:white_dye":18,"minecraft:iron_shovel":9,"minecraft:iron_leggings":4,"minecraft:anvil":3,"minecraft:white_bed":7,"minecraft:orange_bed":12,"minecraft:torch":796,"minecraft:lapis_block":6,"minecraft:diamond_chestplate":1,"minecraft:firework_rocket":6},"minecraft:dropped":{"minecraft:iron_sword":4,"minecraft:lapis_lazuli":8,"minecraft:diamond_axe":2,"minecraft:cooked_beef":30,"minecraft:cooked_porkchop":1,"minecraft:diamond":70,"minecraft:crossbow":1,"minecraft:warped_roots":4,"minecraft:lantern":36,"minecraft:leather":7,"minecraft:rail":30,"minecraft:emerald":3,"minecraft:flint":7,"minecraft:cracked_polished_blackstone_bricks":34,"minecraft:dirt":69,"minecraft:polished_blackstone_brick_stairs":4,"minecraft:mutton":1,"minecraft:gold_nugget":32,"minecraft:bone_meal":3,"minecraft:phantom_membrane":1,"minecraft:polished_blackstone_bricks":56,"minecraft:iron_pickaxe":6,"minecraft:white_wool":1,"minecraft:emerald_block":25,"minecraft:cauldron":1,"minecraft:bone":2,"minecraft:gravel":27,"minecraft:crimson_fungus":1,"minecraft:stone_axe":25,"minecraft:blackstone":175,"minecraft:sugar_cane":20,"minecraft:ancient_debris":8,"minecraft:cobbled_deepslate":10,"minecraft:twisting_vines":1,"minecraft:birch_sapling":6,"minecraft:diorite_stairs":4,"minecraft:rotten_flesh":46,"minecraft:oak_planks":15,"minecraft:cooked_mutton":25,"minecraft:gunpowder":10,"minecraft:charcoal":1,"minecraft:chest":1,"minecraft:spruce_slab":5,"minecraft:basalt":263,"minecraft:arrow":21,"minecraft:powered_rail":2,"minecraft:glass":38,"minecraft:quartz":20,"minecraft:oak_leaves":1,"minecraft:netherrack":1411,"minecraft:lectern":16,"minecraft:egg":1,"minecraft:stone_hoe":45,"minecraft:enchanted_book":11,"minecraft:iron_ingot":22,"minecraft:stripped_spruce_log":1,"minecraft:wheat_seeds":21,"minecraft:birch_leaves":1,"minecraft:cherry_log":1,"minecraft:smithing_table":2,"minecraft:golden_horse_armor":1,"minecraft:diamond_leggings":4,"minecraft:poisonous_potato":3,"minecraft:book":9,"minecraft:feather":3,"minecraft:iron_helmet":1,"minecraft:cobblestone":159,"minecraft:lead":6,"minecraft:apple":1,"minecraft:granite":1,"minecraft:grass_block":5,"minecraft:stick":26,"minecraft:dried_kelp_block":1,"minecraft:diorite":3,"minecraft:torch":198,"minecraft:rabbit":1,"minecraft:cherry_planks":9,"minecraft:cooked_salmon":2,"minecraft:diamond_helmet":3,"minecraft:iron_leggings":3,"minecraft:dried_kelp":20,"minecraft:white_banner":1,"minecraft:iron_axe":4,"minecraft:raw_iron_block":1,"minecraft:iron_shovel":7,"minecraft:string":579,"minecraft:pink_petals":32,"minecraft:bucket":2,"minecraft:spruce_sapling":1,"minecraft:dandelion":1,"minecraft:kelp":8,"minecraft:warped_nylium":1,"minecraft:diamond_hoe":7,"minecraft:raw_iron":12,"minecraft:stone_shovel":85,"minecraft:light_gray_wool":1,"minecraft:iron_boots":3,"minecraft:cherry_slab":2,"minecraft:flint_and_steel":1,"minecraft:blast_furnace":2,"minecraft:diamond_sword":2,"minecraft:cobblestone_slab":6,"minecraft:potato":379,"minecraft:spruce_boat":1,"minecraft:stone":1,"minecraft:shield":6,"minecraft:diamond_chestplate":3,"minecraft:spruce_planks":1,"minecraft:diamond_pickaxe":11,"minecraft:iron_chestplate":2,"minecraft:andesite":13,"minecraft:oak_sapling":29,"minecraft:andesite_stairs":9,"minecraft:redstone_torch":1,"minecraft:spider_eye":4,"minecraft:spruce_log":3,"minecraft:diamond_boots":3,"minecraft:sandstone":1,"minecraft:bow":3,"minecraft:stone_pickaxe":70,"minecraft:wooden_pickaxe":4,"minecraft:nether_quartz_ore":4,"minecraft:bell":6},"minecraft:mined":{"minecraft:spruce_planks":55,"minecraft:white_bed":7,"minecraft:oak_sapling":1,"minecraft:andesite_stairs":1,"minecraft:cherry_log":57,"minecraft:cobblestone_stairs":5,"minecraft:brewing_stand":2,"minecraft:obsidian":8,"minecraft:granite":3,"minecraft:grass_block":304,"minecraft:cracked_polished_blackstone_bricks":64,"minecraft:crimson_fungus":1,"minecraft:oxeye_daisy":1,"minecraft:nether_wart":17,"minecraft:spawner":2,"minecraft:gilded_blackstone":1,"minecraft:polished_blackstone_bricks":108,"minecraft:tall_seagrass":2,"minecraft:raw_iron_block":2,"minecraft:magma_block":24,"minecraft:glowstone":80,"minecraft:iron_ore":124,"minecraft:fire":364,"minecraft:cobbled_deepslate":2,"minecraft:anvil":1,"minecraft:deepslate_lapis_ore":12,"minecraft:enchanting_table":2,"minecraft:twisting_vines":1,"minecraft:spruce_slab":4,"minecraft:tripwire":6,"minecraft:deepslate_redstone_ore":19,"minecraft:blackstone":341,"minecraft:kelp_plant":1,"minecraft:twisting_vines_plant":4,"minecraft:powder_snow":3,"minecraft:torch":44,"minecraft:poppy":21,"minecraft:chest":17,"minecraft:spruce_wall_sign":3,"minecraft:glass":51,"minecraft:nether_quartz_ore":260,"minecraft:cobblestone":52,"minecraft:oak_planks":19,"minecraft:sugar_cane":1170,"minecraft:wall_torch":12,"minecraft:spruce_sign":2,"minecraft:cherry_slab":12,"minecraft:cauldron":3,"minecraft:pink_petals":238,"minecraft:seagrass":2,"minecraft:warped_nylium":6,"minecraft:powered_rail":1,"minecraft:birch_log":4,"minecraft:warped_fungus":3,"minecraft:oak_log":101,"minecraft:loom":13,"minecraft:dirt":99,"minecraft:tripwire_hook":2,"minecraft:stonecutter":1,"minecraft:ancient_debris":62,"minecraft:netherrack":12563,"minecraft:deepslate":38,"minecraft:oak_leaves":34,"minecraft:nether_gold_ore":113,"minecraft:tuff":17,"minecraft:deepslate_diamond_ore":7,"minecraft:nether_bricks":9,"minecraft:spruce_leaves":75,"minecraft:kelp":1,"minecraft:red_mushroom":8,"minecraft:hay_block":39,"minecraft:redstone_ore":6,"minecraft:oak_trapdoor":2,"minecraft:spruce_sapling":1,"minecraft:furnace":22,"minecraft:nether_sprouts":1,"minecraft:andesite":58,"minecraft:stripped_spruce_log":3,"minecraft:gold_block":15,"minecraft:bookshelf":30,"minecraft:potatoes":159,"minecraft:cobblestone_slab":20,"minecraft:shroomlight":1,"minecraft:deepslate_iron_ore":185,"minecraft:rail":13,"minecraft:warped_stem":7,"minecraft:packed_ice":1,"minecraft:stone":642,"minecraft:white_wool":10,"minecraft:ender_chest":11,"minecraft:redstone_wall_torch":1,"minecraft:oak_slab":3,"minecraft:soul_sand":30,"minecraft:basalt":647,"minecraft:stone_brick_slab":1,"minecraft:dandelion":1,"minecraft:oak_fence":7,"minecraft:crafting_table":15,"minecraft:short_grass":151,"minecraft:blackstone_slab":1,"minecraft:warped_roots":3,"minecraft:rose_bush":1,"minecraft:lectern":189,"minecraft:stone_slab":9,"minecraft:tall_grass":18,"minecraft:dried_kelp_block":1,"minecraft:deepslate_gold_ore":50,"minecraft:polished_blackstone_brick_stairs":3,"minecraft:diorite":21,"minecraft:warped_wart_block":5,"minecraft:spruce_log":290,"minecraft:birch_leaves":1,"minecraft:bee_nest":1,"minecraft:coal_ore":516,"minecraft:cherry_leaves":10,"minecraft:sunflower":3,"minecraft:gravel":115,"minecraft:fern":1},"minecraft:killed":{"minecraft:zombified_piglin":194,"minecraft:witch":1,"minecraft:spider":13,"minecraft:skeleton":75,"minecraft:chicken":2,"minecraft:piglin_brute":16,"minecraft:magma_cube":42,"minecraft:piglin":47,"minecraft:pig":10,"minecraft:salmon":17,"minecraft:creeper":6,"minecraft:sheep":31,"minecraft:trader_llama":2,"minecraft:donkey":6,"minecraft:zombie":83,"minecraft:ghast":15,"minecraft:blaze":58,"minecraft:cow":139,"minecraft:slime":10,"minecraft:phantom":1,"minecraft:horse":6,"minecraft:drowned":1,"minecraft:wandering_trader":1,"minecraft:squid":15,"minecraft:wither_skeleton":17,"minecraft:villager":2,"minecraft:enderman":10},"minecraft:broken":{"minecraft:iron_shovel":1,"minecraft:stone_pickaxe":1,"minecraft:golden_sword":26,"minecraft:diamond_pickaxe":3,"minecraft:stone_axe":1,"minecraft:iron_sword":1,"minecraft:iron_axe":3,"minecraft:iron_pickaxe":13,"minecraft:iron_helmet":1}},"DataVersion":3700}