{"stats":{"minecraft:dropped":{"minecraft:iron_sword":4,"minecraft:lapis_lazuli":8,"minecraft:cooked_beef":43,"minecraft:diamond":70,"minecraft:crafting_table":1,"minecraft:cooked_porkchop":1,"minecraft:crossbow":1,"minecraft:warped_roots":4,"minecraft:cracked_stone_bricks":1,"minecraft:rail":30,"minecraft:dragon_breath":1,"minecraft:emerald":119,"minecraft:dirt":81,"minecraft:gold_nugget":82,"minecraft:bone_meal":3,"minecraft:phantom_membrane":1,"minecraft:iron_pickaxe":6,"minecraft:white_wool":65,"minecraft:bone":6,"minecraft:stone_axe":25,"minecraft:emerald_block":25,"minecraft:sugar_cane":20,"minecraft:ancient_debris":8,"minecraft:cobbled_deepslate":10,"minecraft:birch_sapling":6,"minecraft:rotten_flesh":48,"minecraft:oak_planks":15,"minecraft:coal_ore":5,"minecraft:charcoal":1,"minecraft:quartz_block":32,"minecraft:spruce_slab":7,"minecraft:end_stone_bricks":5,"minecraft:glass":38,"minecraft:lectern":16,"minecraft:egg":1,"minecraft:enchanted_book":11,"minecraft:iron_ingot":22,"minecraft:birch_leaves":1,"minecraft:wheat_seeds":22,"minecraft:golden_horse_armor":1,"minecraft:book":16,"minecraft:iron_helmet":1,"minecraft:feather":3,"minecraft:cobblestone":159,"minecraft:apple":1,"minecraft:granite":17,"minecraft:spruce_button":1,"minecraft:dried_kelp_block":1,"minecraft:rabbit":1,"minecraft:cherry_planks":9,"minecraft:cooked_salmon":2,"minecraft:diamond_helmet":3,"minecraft:potion":8,"minecraft:dried_kelp":20,"minecraft:white_banner":1,"minecraft:iron_shovel":7,"minecraft:string":588,"minecraft:spruce_sapling":1,"minecraft:netherite_ingot":8,"minecraft:diamond_hoe":7,"minecraft:stone_shovel":85,"minecraft:iron_boots":3,"minecraft:cherry_slab":2,"minecraft:blast_furnace":2,"minecraft:diamond_sword":2,"minecraft:potato":379,"minecraft:cobblestone_slab":10,"minecraft:spruce_boat":1,"minecraft:stone":183,"minecraft:spruce_trapdoor":1,"minecraft:spruce_planks":3,"minecraft:diamond_pickaxe":11,"minecraft:andesite_stairs":9,"minecraft:redstone_torch":1,"minecraft:spider_eye":4,"minecraft:stone_bricks":14,"minecraft:sandstone":1,"minecraft:bow":4,"minecraft:bell":6,"minecraft:magma_block":4,"minecraft:diamond_axe":2,"minecraft:netherite_upgrade_smithing_template":20,"minecraft:lantern":36,"minecraft:leather":7,"minecraft:flint":71,"minecraft:cracked_polished_blackstone_bricks":34,"minecraft:polished_blackstone_brick_stairs":4,"minecraft:mutton":1,"minecraft:polished_blackstone_bricks":56,"minecraft:cauldron":1,"minecraft:gravel":40,"minecraft:crimson_fungus":1,"minecraft:purpur_block":3,"minecraft:blackstone":239,"minecraft:twisting_vines":1,"minecraft:diorite_stairs":4,"minecraft:cooked_mutton":25,"minecraft:gunpowder":16,"minecraft:chest":4,"minecraft:basalt":263,"minecraft:arrow":21,"minecraft:powered_rail":2,"minecraft:quartz":20,"minecraft:oak_leaves":1,"minecraft:netherrack":4035,"minecraft:water_bucket":1,"minecraft:stone_hoe":45,"minecraft:stripped_spruce_log":1,"minecraft:cherry_log":1,"minecraft:smithing_table":2,"minecraft:minecart":1,"minecraft:diamond_leggings":4,"minecraft:poisonous_potato":3,"minecraft:lead":6,"minecraft:grass_block":6,"minecraft:stick":26,"minecraft:diorite":11,"minecraft:torch":198,"minecraft:iron_door":3,"minecraft:iron_leggings":3,"minecraft:iron_axe":4,"minecraft:raw_iron_block":1,"minecraft:pink_petals":44,"minecraft:bucket":2,"minecraft:dandelion":1,"minecraft:kelp":8,"minecraft:warped_nylium":1,"minecraft:blaze_rod":13,"minecraft:raw_iron":12,"minecraft:light_gray_wool":1,"minecraft:ender_eye":1,"minecraft:flint_and_steel":1,"minecraft:shield":6,"minecraft:diamond_chestplate":3,"minecraft:dragon_egg":1,"minecraft:iron_chestplate":2,"minecraft:andesite":15,"minecraft:mossy_stone_bricks":2,"minecraft:oak_sapling":30,"minecraft:diamond_boots":3,"minecraft:spruce_log":54,"minecraft:stone_pickaxe":70,"minecraft:wooden_pickaxe":4,"minecraft:nether_quartz_ore":4},"minecraft:used":{"minecraft:spruce_slab":7,"minecraft:poppy":1,"minecraft:chest":29,"minecraft:stone":52,"minecraft:rotten_flesh":142,"minecraft:soul_sand":43,"minecraft:azure_bluet":1,"minecraft:stripped_spruce_log":2,"minecraft:spruce_boat":5,"minecraft:netherite_shovel":18,"minecraft:birch_sapling":7,"minecraft:bow":410,"minecraft:oak_sapling":11,"minecraft:furnace":34,"minecraft:egg":9,"minecraft:potato":203,"minecraft:mossy_stone_bricks":2,"minecraft:diorite":11,"minecraft:blackstone":20,"minecraft:wooden_pickaxe":40,"minecraft:composter":2,"minecraft:purpur_pillar":2,"minecraft:glow_berries":11,"minecraft:lectern":347,"minecraft:cherry_sign":9,"minecraft:diamond_sword":203,"minecraft:oak_boat":4,"minecraft:oak_trapdoor":22,"minecraft:enchanting_table":2,"minecraft:stone_sword":92,"minecraft:cooked_salmon":11,"minecraft:netherrack":2272,"minecraft:orange_bed":12,"minecraft:torch":742,"minecraft:brewing_stand":3,"minecraft:anvil":4,"minecraft:warped_wart_block":3,"minecraft:ancient_debris":1,"minecraft:oak_fence_gate":2,"minecraft:shroomlight":1,"minecraft:iron_axe":904,"minecraft:cherry_slab":125,"minecraft:barrel":2,"minecraft:basalt":18,"minecraft:tripwire_hook":6,"minecraft:cherry_log":5,"minecraft:cobbled_deepslate":101,"minecraft:water_bucket":231,"minecraft:cauldron":5,"minecraft:polished_blackstone_bricks":43,"minecraft:oak_slab":2,"minecraft:crafting_table":26,"minecraft:white_bed":15,"minecraft:campfire":1,"minecraft:spruce_log":15,"minecraft:ender_eye":22,"minecraft:diamond_pickaxe":14501,"minecraft:oxeye_daisy":1,"minecraft:diamond_shovel":136,"minecraft:sunflower":3,"minecraft:iron_pickaxe":3589,"minecraft:spruce_trapdoor":10,"minecraft:spruce_sapling":40,"minecraft:cobblestone":383,"minecraft:potion":1,"minecraft:cooked_porkchop":26,"minecraft:andesite_stairs":21,"minecraft:kelp":11,"minecraft:dandelion":2,"minecraft:cherry_sapling":3,"minecraft:iron_shovel":355,"minecraft:shield":159,"minecraft:iron_sword":1029,"minecraft:nether_wart":121,"minecraft:bell":1,"minecraft:iron_chestplate":3,"minecraft:nether_bricks":9,"minecraft:tuff":37,"minecraft:obsidian":5,"minecraft:honey_bottle":2,"minecraft:glass":175,"minecraft:lantern":1,"minecraft:warped_nylium":4,"minecraft:iron_helmet":2,"minecraft:item_frame":1,"minecraft:golden_sword":188,"minecraft:gray_bed":12,"minecraft:golden_boots":1,"minecraft:stone_pickaxe":275,"minecraft:oak_planks":6,"minecraft:ender_pearl":59,"minecraft:sugar_cane":274,"minecraft:diamond_axe":178,"minecraft:white_wool":327,"minecraft:golden_hoe":1,"minecraft:loom":15,"minecraft:crossbow":1,"minecraft:shears":8,"minecraft:redstone_torch":1,"minecraft:lever":3,"minecraft:string":14,"minecraft:bread":26,"minecraft:gravel":28,"minecraft:blackstone_slab":1,"minecraft:andesite":15,"minecraft:bone_meal":175,"minecraft:oak_fence":97,"minecraft:netherite_sword":297,"minecraft:dried_kelp":5,"minecraft:spruce_planks":112,"minecraft:ender_chest":32,"minecraft:dried_kelp_block":1,"minecraft:cooked_chicken":4,"minecraft:dirt":305,"minecraft:shulker_box":13,"minecraft:bee_nest":1,"minecraft:granite":2,"minecraft:bookshelf":48,"minecraft:cherry_trapdoor":2,"minecraft:iron_boots":1,"minecraft:minecart":1,"minecraft:netherite_pickaxe":670,"minecraft:cooked_beef":186,"minecraft:iron_leggings":2,"minecraft:cooked_mutton":12,"minecraft:cobblestone_stairs":92,"minecraft:glass_bottle":18,"minecraft:spruce_sign":6,"minecraft:stonecutter":1,"minecraft:cobblestone_slab":16,"minecraft:warped_roots":1,"minecraft:painting":1,"minecraft:apple":1,"minecraft:cracked_polished_blackstone_bricks":25,"minecraft:netherite_axe":295,"minecraft:stone_slab":10,"minecraft:stone_axe":184,"minecraft:pink_petals":1107,"minecraft:bucket":234},"minecraft:broken":{"minecraft:golden_sword":26,"minecraft:diamond_pickaxe":3,"minecraft:iron_sword":1,"minecraft:iron_axe":3,"minecraft:iron_pickaxe":13,"minecraft:iron_helmet":1,"minecraft:iron_shovel":1,"minecraft:stone_pickaxe":1,"minecraft:stone_axe":1},"minecraft:killed_by":{"minecraft:zombie":2,"minecraft:ghast":2,"minecraft:creeper":1,"minecraft:blaze":2,"minecraft:spider":1,"minecraft:skeleton":9},"minecraft:killed":{"minecraft:shulker":36,"minecraft:skeleton":77,"minecraft:chicken":2,"minecraft:magma_cube":42,"minecraft:salmon":17,"minecraft:ender_dragon":1,"minecraft:donkey":6,"minecraft:zombie":89,"minecraft:cow":139,"minecraft:endermite":1,"minecraft:horse":6,"minecraft:wandering_trader":1,"minecraft:enderman":50,"minecraft:zombified_piglin":194,"minecraft:witch":1,"minecraft:spider":14,"minecraft:silverfish":4,"minecraft:piglin_brute":16,"minecraft:piglin":47,"minecraft:pig":10,"minecraft:zombie_villager":1,"minecraft:creeper":8,"minecraft:sheep":31,"minecraft:trader_llama":2,"minecraft:ghast":15,"minecraft:blaze":58,"minecraft:slime":10,"minecraft:phantom":1,"minecraft:drowned":1,"minecraft:squid":15,"minecraft:wither_skeleton":17,"minecraft:villager":2},"minecraft:crafted":{"minecraft:ender_chest":1,"minecraft:black_dye":19,"minecraft:smooth_stone":16,"minecraft:blaze_powder":18,"minecraft:loom":2,"minecraft:diorite_stairs":4,"minecraft:lever":3,"minecraft:diamond_shovel":3,"minecraft:bookshelf":61,"minecraft:cooked_mutton":57,"minecraft:shulker_box":6,"minecraft:glass":352,"minecraft:quartz_block":68,"minecraft:diamond_helmet":1,"minecraft:diamond_leggings":1,"minecraft:netherite_boots":1,"minecraft:dried_kelp_block":21,"minecraft:name_tag":2,"minecraft:gray_bed":12,"minecraft:glass_bottle":198,"minecraft:emerald":5185,"minecraft:cooked_porkchop":40,"minecraft:diamond_axe":6,"minecraft:smithing_table":1,"minecraft:clock":1,"minecraft:hay_block":27,"minecraft:campfire":1,"minecraft:painting":36,"minecraft:lectern":13,"minecraft:cherry_sign":9,"minecraft:stone_slab":60,"minecraft:iron_pickaxe":15,"minecraft:iron_block":9,"minecraft:gold_ingot":267,"minecraft:netherite_ingot":18,"minecraft:composter":2,"minecraft:stone_shovel":68,"minecraft:experience_bottle":18,"minecraft:diamond_hoe":9,"minecraft:red_banner":3,"minecraft:bone_meal":201,"minecraft:cherry_trapdoor":2,"minecraft:lantern":85,"minecraft:netherite_axe":1,"minecraft:spruce_slab":24,"minecraft:ender_pearl":12,"minecraft:stone_pickaxe":56,"minecraft:diamond_boots":1,"minecraft:spruce_boat":1,"minecraft:redstone_block":1,"minecraft:wheat":585,"minecraft:netherite_pickaxe":2,"minecraft:dried_kelp":133,"minecraft:glowstone":24,"minecraft:enchanted_book":79,"minecraft:oak_fence_gate":2,"minecraft:golden_apple":5,"minecraft:iron_shovel":9,"minecraft:iron_leggings":4,"minecraft:white_bed":8,"minecraft:oak_planks":492,"minecraft:cobblestone_slab":36,"minecraft:barrel":2,"minecraft:cherry_slab":174,"minecraft:cooked_chicken":1,"minecraft:cobblestone_stairs":88,"minecraft:stone":47,"minecraft:warped_planks":28,"minecraft:bow":1,"minecraft:iron_boots":4,"minecraft:chest":17,"minecraft:netherite_helmet":1,"minecraft:netherite_upgrade_smithing_template":56,"minecraft:stone_hoe":36,"minecraft:ender_eye":16,"minecraft:oak_fence":90,"minecraft:golden_boots":1,"minecraft:raw_iron_block":14,"minecraft:white_banner":1,"minecraft:oak_slab":12,"minecraft:arrow":304,"minecraft:cauldron":3,"minecraft:crafting_table":10,"minecraft:spruce_planks":1108,"minecraft:wooden_pickaxe":2,"minecraft:iron_helmet":3,"minecraft:red_wool":18,"minecraft:gold_block":4,"minecraft:birch_planks":16,"minecraft:spectral_arrow":26,"minecraft:spruce_trapdoor":8,"minecraft:book":79,"minecraft:iron_chestplate":3,"minecraft:paper":3387,"minecraft:diamond_pickaxe":7,"minecraft:charcoal":51,"minecraft:emerald_block":174,"minecraft:shield":8,"minecraft:stick":1916,"minecraft:netherite_hoe":1,"minecraft:iron_ingot":224,"minecraft:andesite_stairs":20,"minecraft:stone_sword":1,"minecraft:cherry_planks":268,"minecraft:redstone":57,"minecraft:raw_iron":144,"minecraft:tripwire_hook":4,"minecraft:netherite_sword":1,"minecraft:furnace":17,"minecraft:blast_furnace":2,"minecraft:oak_trapdoor":20,"minecraft:netherite_chestplate":2,"minecraft:netherite_leggings":2,"minecraft:iron_axe":6,"minecraft:netherite_scrap":72,"minecraft:minecart":1,"minecraft:cooked_beef":262,"minecraft:sugar":34,"minecraft:red_dye":23,"minecraft:spruce_sign":6,"minecraft:iron_sword":11,"minecraft:bell":5,"minecraft:cooked_salmon":11,"minecraft:bucket":5,"minecraft:stone_axe":28,"minecraft:air":0,"minecraft:bread":26,"minecraft:oak_boat":2,"minecraft:white_wool":33091,"minecraft:white_dye":18,"minecraft:netherite_shovel":1,"minecraft:anvil":3,"minecraft:torch":796,"minecraft:orange_bed":12,"minecraft:lapis_lazuli":24,"minecraft:lapis_block":6,"minecraft:diamond_chestplate":1,"minecraft:firework_rocket":18},"minecraft:custom":{"minecraft:interact_with_crafting_table":269,"minecraft:open_barrel":3,"minecraft:bell_ring":48,"minecraft:leave_game":49,"minecraft:time_since_death":1450775,"minecraft:damage_blocked_by_shield":5901,"minecraft:play_time":1816921,"minecraft:deaths":19,"minecraft:jump":36279,"minecraft:enchant_item":20,"minecraft:interact_with_furnace":663,"minecraft:traded_with_villager":4508,"minecraft:sleep_in_bed":60,"minecraft:damage_dealt":130958,"minecraft:use_cauldron":2,"minecraft:interact_with_smithing_table":11,"minecraft:interact_with_anvil":79,"minecraft:inspect_hopper":8,"minecraft:sneak_time":132932,"minecraft:total_world_time":1816921,"minecraft:interact_with_stonecutter":1,"minecraft:time_since_rest":131923,"minecraft:swim_one_cm":443177,"minecraft:fly_one_cm":8347281,"minecraft:open_chest":1678,"minecraft:fall_one_cm":983669,"minecraft:animals_bred":105,"minecraft:open_shulker_box":23,"minecraft:sprint_one_cm":4789930,"minecraft:drop":713,"minecraft:talked_to_villager":1929,"minecraft:interact_with_brewingstand":14,"minecraft:walk_on_water_one_cm":371783,"minecraft:interact_with_loom":11,"minecraft:open_enderchest":72,"minecraft:player_kills":3,"minecraft:crouch_one_cm":453408,"minecraft:mob_kills":928,"minecraft:fill_cauldron":4,"minecraft:climb_one_cm":10771,"minecraft:walk_one_cm":3512711,"minecraft:walk_under_water_one_cm":148873,"minecraft:boat_one_cm":479706,"minecraft:damage_taken":18579},"minecraft:mined":{"minecraft:white_bed":7,"minecraft:cherry_log":57,"minecraft:obsidian":18,"minecraft:granite":25,"minecraft:crimson_fungus":1,"minecraft:nether_wart":82,"minecraft:oxeye_daisy":1,"minecraft:spawner":3,"minecraft:polished_blackstone_bricks":108,"minecraft:tall_seagrass":2,"minecraft:magma_block":24,"minecraft:cobbled_deepslate":2,"minecraft:fire":364,"minecraft:deepslate_lapis_ore":12,"minecraft:enchanting_table":2,"minecraft:twisting_vines":1,"minecraft:tripwire":7,"minecraft:kelp_plant":1,"minecraft:powder_snow":3,"minecraft:torch":44,"minecraft:spruce_wall_sign":3,"minecraft:glass":51,"minecraft:sugar_cane":1731,"minecraft:spruce_sign":2,"minecraft:cherry_slab":12,"minecraft:warped_fungus":3,"minecraft:loom":13,"minecraft:stonecutter":1,"minecraft:deepslate":127,"minecraft:shulker_box":13,"minecraft:end_stone":5,"minecraft:nether_bricks":9,"minecraft:red_mushroom":8,"minecraft:kelp":1,"minecraft:redstone_ore":6,"minecraft:andesite":70,"minecraft:potatoes":159,"minecraft:cobblestone_slab":22,"minecraft:rail":13,"minecraft:warped_stem":7,"minecraft:white_wool":11,"minecraft:ender_chest":33,"minecraft:oak_slab":3,"minecraft:soul_sand":47,"minecraft:stone_brick_slab":1,"minecraft:dandelion":1,"minecraft:short_grass":153,"minecraft:warped_roots":3,"minecraft:purpur_pillar":2,"minecraft:tall_grass":18,"minecraft:dried_kelp_block":1,"minecraft:deepslate_gold_ore":50,"minecraft:diorite":36,"minecraft:warped_wart_block":5,"minecraft:spruce_log":399,"minecraft:birch_leaves":1,"minecraft:sunflower":3,"minecraft:gravel":170,"minecraft:cobweb":10,"minecraft:stone_bricks":12,"minecraft:fern":1,"minecraft:spruce_planks":62,"minecraft:oak_sapling":1,"minecraft:andesite_stairs":1,"minecraft:cobblestone_stairs":5,"minecraft:brewing_stand":4,"minecraft:spruce_trapdoor":2,"minecraft:grass_block":311,"minecraft:cracked_polished_blackstone_bricks":64,"minecraft:soul_soil":19,"minecraft:gilded_blackstone":1,"minecraft:raw_iron_block":2,"minecraft:glowstone":80,"minecraft:iron_ore":125,"minecraft:anvil":1,"minecraft:end_stone_bricks":5,"minecraft:spruce_slab":8,"minecraft:deepslate_redstone_ore":19,"minecraft:blackstone":383,"minecraft:twisting_vines_plant":4,"minecraft:purpur_stairs":1,"minecraft:poppy":21,"minecraft:chest":18,"minecraft:nether_quartz_ore":298,"minecraft:cobblestone":53,"minecraft:oak_planks":19,"minecraft:iron_door":4,"minecraft:wall_torch":13,"minecraft:cauldron":3,"minecraft:pink_petals":251,"minecraft:seagrass":2,"minecraft:warped_nylium":6,"minecraft:powered_rail":1,"minecraft:birch_log":4,"minecraft:purpur_block":4,"minecraft:oak_log":101,"minecraft:dirt":114,"minecraft:tripwire_hook":2,"minecraft:netherrack":14579,"minecraft:ancient_debris":80,"minecraft:oak_leaves":45,"minecraft:nether_gold_ore":115,"minecraft:tuff":34,"minecraft:deepslate_diamond_ore":20,"minecraft:spruce_leaves":75,"minecraft:hay_block":56,"minecraft:oak_trapdoor":2,"minecraft:spruce_sapling":3,"minecraft:furnace":22,"minecraft:nether_sprouts":1,"minecraft:stripped_spruce_log":3,"minecraft:gold_block":15,"minecraft:bookshelf":32,"minecraft:deepslate_iron_ore":186,"minecraft:shroomlight":1,"minecraft:packed_ice":1,"minecraft:stone":1028,"minecraft:redstone_wall_torch":1,"minecraft:magenta_stained_glass":1,"minecraft:infested_stone_bricks":2,"minecraft:basalt":647,"minecraft:oak_fence":7,"minecraft:crafting_table":22,"minecraft:blackstone_slab":1,"minecraft:rose_bush":1,"minecraft:lectern":346,"minecraft:stone_slab":9,"minecraft:polished_blackstone_brick_stairs":3,"minecraft:bee_nest":1,"minecraft:coal_ore":521,"minecraft:cherry_leaves":14,"minecraft:cracked_stone_bricks":2,"minecraft:mossy_stone_bricks":4},"minecraft:picked_up":{"minecraft:iron_chestplate":9,"minecraft:anvil":1,"minecraft:lead":7,"minecraft:smithing_table":1,"minecraft:stone_slab":9,"minecraft:diamond_sword":3,"minecraft:enchanted_book":3,"minecraft:brewing_stand":4,"minecraft:golden_sword":11,"minecraft:polished_blackstone_brick_stairs":4,"minecraft:string":80285,"minecraft:soul_soil":25,"minecraft:cooked_salmon":66,"minecraft:shroomlight":1,"minecraft:diamond_leggings":4,"minecraft:gold_nugget":711,"minecraft:cobbled_deepslate":115,"minecraft:spruce_planks":63,"minecraft:netherite_upgrade_smithing_template":1,"minecraft:golden_helmet":2,"minecraft:purpur_pillar":2,"minecraft:cherry_log":73,"minecraft:warped_planks":28,"minecraft:cauldron":4,"minecraft:stone_sword":1,"minecraft:blaze_rod":23,"minecraft:birch_log":7,"minecraft:magma_block":24,"minecraft:feather":3,"minecraft:cooked_beef":45,"minecraft:iron_door":3,"minecraft:water_bucket":5,"minecraft:flint":72,"minecraft:twisting_vines":6,"minecraft:stonecutter":1,"minecraft:rabbit":1,"minecraft:diamond_helmet":3,"minecraft:glowstone_dust":338,"minecraft:warped_wart_block":9,"minecraft:stripped_spruce_log":3,"minecraft:ink_sac":23,"minecraft:loom":13,"minecraft:deepslate":21,"minecraft:lever":1,"minecraft:granite":25,"minecraft:spruce_button":1,"minecraft:cherry_slab":12,"minecraft:diamond_pickaxe":16,"minecraft:crafting_table":21,"minecraft:bee_nest":1,"minecraft:nether_wart":255,"minecraft:purpur_block":3,"minecraft:flint_and_steel":3,"minecraft:iron_shovel":2,"minecraft:cracked_stone_bricks":1,"minecraft:beef":352,"minecraft:poppy":24,"minecraft:spruce_slab":11,"minecraft:minecart":1,"minecraft:chest":21,"minecraft:birch_sapling":17,"minecraft:diamond_hoe":1,"minecraft:egg":11,"minecraft:sandstone":1,"minecraft:stone":330,"minecraft:redstone":253,"minecraft:stone_shovel":17,"minecraft:diamond_chestplate":3,"minecraft:shears":1,"minecraft:diamond_boots":3,"minecraft:hay_block":55,"minecraft:gold_ingot":12,"minecraft:glow_berries":1,"minecraft:mutton":48,"minecraft:white_wool":309,"minecraft:rail":31,"minecraft:oxeye_daisy":1,"minecraft:birch_leaves":1,"minecraft:tripwire_hook":2,"minecraft:blackstone_slab":1,"minecraft:red_mushroom":12,"minecraft:oak_log":322,"minecraft:ancient_debris":78,"minecraft:golden_boots":2,"minecraft:paper":21,"minecraft:white_banner":1,"minecraft:apple":14,"minecraft:stone_bricks":14,"minecraft:kelp":188,"minecraft:warped_stem":7,"minecraft:stone_pickaxe":22,"minecraft:glass_bottle":6,"minecraft:iron_sword":18,"minecraft:gravel":112,"minecraft:spruce_sapling":41,"minecraft:spruce_log":438,"minecraft:dragon_egg":2,"minecraft:coal_ore":5,"minecraft:slime_ball":8,"minecraft:stone_axe":7,"minecraft:diamond_axe":1,"minecraft:painting":1,"minecraft:warped_roots":9,"minecraft:oak_button":1,"minecraft:warped_nylium":9,"minecraft:ender_pearl":114,"minecraft:shulker_shell":20,"minecraft:ender_chest":32,"minecraft:potion":7,"minecraft:iron_leggings":10,"minecraft:bucket":3,"minecraft:rose_bush":31,"minecraft:redstone_torch":2,"minecraft:cobblestone_slab":26,"minecraft:ender_eye":8,"minecraft:iron_pickaxe":19,"minecraft:iron_boots":7,"minecraft:furnace":24,"minecraft:stick":173,"minecraft:oak_fence":7,"minecraft:torch":490,"minecraft:porkchop":45,"minecraft:dried_kelp":208,"minecraft:diorite":39,"minecraft:rotten_flesh":249,"minecraft:obsidian":18,"minecraft:blaze_powder":9,"minecraft:cobblestone":925,"minecraft:enchanting_table":2,"minecraft:pink_petals":1186,"minecraft:cherry_planks":4,"minecraft:magma_cream":4,"minecraft:andesite":69,"minecraft:potato":584,"minecraft:tuff":39,"minecraft:lapis_lazuli":266,"minecraft:dirt":469,"minecraft:name_tag":1,"minecraft:glass":319,"minecraft:bone":215,"minecraft:bow":8,"minecraft:wheat_seeds":33,"minecraft:raw_gold":137,"minecraft:bell":2,"minecraft:mossy_stone_bricks":4,"minecraft:powered_rail":3,"minecraft:oak_planks":624,"minecraft:stone_hoe":9,"minecraft:ghast_tear":5,"minecraft:cooked_porkchop":3,"minecraft:poisonous_potato":3,"minecraft:grass_block":6,"minecraft:shulker_box":13,"minecraft:spectral_arrow":15,"minecraft:diamond":132,"minecraft:spruce_boat":7,"minecraft:cracked_polished_blackstone_bricks":59,"minecraft:crossbow":2,"minecraft:spruce_sign":5,"minecraft:emerald":300,"minecraft:oak_sapling":47,"minecraft:netherrack":6993,"minecraft:oak_leaves":1,"minecraft:end_stone_bricks":5,"minecraft:charcoal":2,"minecraft:azure_bluet":1,"minecraft:chicken":2,"minecraft:chest_minecart":1,"minecraft:wooden_pickaxe":2,"minecraft:gold_block":14,"minecraft:shield":16,"minecraft:dragon_breath":1,"minecraft:oak_trapdoor":2,"minecraft:iron_axe":8,"minecraft:item_frame":1,"minecraft:blackstone":259,"minecraft:andesite_stairs":10,"minecraft:oak_boat":6,"minecraft:light_gray_wool":3,"minecraft:lectern":348,"minecraft:sugar_cane":3751,"minecraft:spruce_trapdoor":3,"minecraft:phantom_membrane":2,"minecraft:raw_iron":504,"minecraft:end_stone":5,"minecraft:polished_blackstone_bricks":99,"minecraft:arrow":125,"minecraft:nether_bricks":9,"minecraft:basalt":281,"minecraft:glow_ink_sac":2,"minecraft:salmon":12,"minecraft:leather":286,"minecraft:birch_planks":29,"minecraft:crimson_fungus":2,"minecraft:gunpowder":26,"minecraft:cobblestone_stairs":4,"minecraft:cooked_mutton":49,"minecraft:iron_ingot":63,"minecraft:cooked_chicken":11,"minecraft:soul_sand":48,"minecraft:book":96,"minecraft:oak_slab":2,"minecraft:warped_fungus":12,"minecraft:nether_quartz_ore":4,"minecraft:quartz":491,"minecraft:dandelion":6,"minecraft:raw_iron_block":3,"minecraft:white_bed":9,"minecraft:spider_eye":8,"minecraft:dried_kelp_block":20,"minecraft:iron_helmet":7,"minecraft:cherry_sapling":3,"minecraft:black_wool":6,"minecraft:coal":818,"minecraft:sunflower":3}},"DataVersion":3700}